{
"type": "FeatureCollection",
"name": "census_towns",
"crs": { "type": "name", "properties": { "name": "urn:ogc:def:crs:OGC:1.3:CRS84" } },
"features": [
{ "type": "Feature", "properties": { "STATEFP": "25", "COUNTYFP": "009", "COUSUBFP": "43580", "NAME": "Nahant", "NAMELSAD": "Nahant town", "GEOID": "2500943580" }, "geometry": { "type": "Polygon", "coordinates": [ [ [ -70.940475171433917, 42.443759333452263 ], [ -70.938528144886803, 42.454089326787908 ], [ -70.938781071318047, 42.455716738265814 ], [ -70.937414139227585, 42.456450323949745 ], [ -70.936611138591829, 42.456882322272904 ], [ -70.935168693501581, 42.456638281943441 ], [ -70.935181197384495, 42.456548750462453 ], [ -70.937480183779158, 42.440087328964545 ], [ -70.936159192195532, 42.437402327343513 ], [ -70.928489195991631, 42.4383253129594 ], [ -70.928018199489586, 42.437215312475125 ], [ -70.933402205433083, 42.433434323549044 ], [ -70.928628222423228, 42.428833316451737 ], [ -70.925085221475072, 42.430298309573644 ], [ -70.913192239645738, 42.427696289241652 ], [ -70.908392251411399, 42.425196281754005 ], [ -70.907647262077319, 42.421833281914822 ], [ -70.90287227199677, 42.420052274337912 ], [ -70.905692280753698, 42.416196281014201 ], [ -70.910213632175186, 42.41647580671625 ], [ -70.910852274644043, 42.416515289820317 ], [ -70.918358320529208, 42.422359324177769 ], [ -70.9199342452943, 42.423586302867804 ], [ -70.928046245837379, 42.420662318217055 ], [ -70.927971255809226, 42.417129319301324 ], [ -70.936393244787155, 42.418096333639831 ], [ -70.937432222764627, 42.425799333147076 ], [ -70.93677674926704, 42.427791455651565 ], [ -70.936338467176213, 42.429123487521416 ], [ -70.936160488965911, 42.429664400893913 ], [ -70.935546208797746, 42.431531328027063 ], [ -70.939771186297946, 42.438471333661234 ], [ -70.940475171433917, 42.443759333452263 ] ] ] } },
{ "type": "Feature", "properties": { "STATEFP": "25", "COUNTYFP": "017", "COUSUBFP": "03005", "NAME": "Ayer", "NAMELSAD": "Ayer town", "GEOID": "2501703005" }, "geometry": { "type": "Polygon", "coordinates": [ [ [ -71.615548864980823, 42.553644569292871 ], [ -71.611476823823622, 42.553839563447838 ], [ -71.610834809090321, 42.554758559361822 ], [ -71.612509786416226, 42.558920546819209 ], [ -71.611400749645995, 42.561737535314101 ], [ -71.609027706503767, 42.563974523944488 ], [ -71.608610688905159, 42.565455518012875 ], [ -71.606626662398739, 42.566315511971268 ], [ -71.611257686560009, 42.568378511521523 ], [ -71.612481665671069, 42.571840501158583 ], [ -71.614125678272515, 42.572114502798492 ], [ -71.61596466873263, 42.574930495941693 ], [ -71.614672655398792, 42.575091493266989 ], [ -71.612924621390633, 42.577021483603971 ], [ -71.609600581020089, 42.578114474134679 ], [ -71.609943568708232, 42.579779468761679 ], [ -71.609192548654377, 42.581214462321526 ], [ -71.607257515386067, 42.582937452706524 ], [ -71.602362479865249, 42.582019447426212 ], [ -71.60084745741068, 42.582997441111978 ], [ -71.586244345852819, 42.580782424022942 ], [ -71.563178166511065, 42.577280399332061 ], [ -71.51145875060763, 42.569385354387364 ], [ -71.520891874372907, 42.564310394889461 ], [ -71.523186928183563, 42.559825421006472 ], [ -71.527879999101614, 42.556225445446884 ], [ -71.532379060042217, 42.553828463138359 ], [ -71.533031074494176, 42.552729469361694 ], [ -71.542323182790369, 42.550333492351108 ], [ -71.538780203483412, 42.543029523205426 ], [ -71.556019349807897, 42.546118527910394 ], [ -71.575410511353041, 42.549592535414185 ], [ -71.577940532194376, 42.550045536566756 ], [ -71.580287551472537, 42.550466537668392 ], [ -71.588559668537897, 42.546294564144354 ], [ -71.591124709556837, 42.544503574051298 ], [ -71.593012733606997, 42.543894578497259 ], [ -71.593189735899145, 42.543833578927114 ], [ -71.594624754158517, 42.543377582250272 ], [ -71.602290813532377, 42.545203583814597 ], [ -71.607852866775872, 42.545379589402771 ], [ -71.619927918152953, 42.552501578722818 ], [ -71.615548864980823, 42.553644569292871 ] ] ] } },
{ "type": "Feature", "properties": { "STATEFP": "25", "COUNTYFP": "009", "COUSUBFP": "25625", "NAME": "Georgetown", "NAMELSAD": "Georgetown town", "GEOID": "2500925625" }, "geometry": { "type": "Polygon", "coordinates": [ [ [ -71.034636857658029, 42.732353518701217 ], [ -71.026995830270579, 42.731342502199176 ], [ -71.019443785820556, 42.73359748623804 ], [ -71.011581749069265, 42.734139469367946 ], [ -71.011253747417712, 42.734183468664384 ], [ -71.001021676147502, 42.739093446668171 ], [ -70.990601648251129, 42.743482425953339 ], [ -70.984168633795107, 42.746192413323875 ], [ -70.979463620503537, 42.748658404108653 ], [ -70.9740736161868, 42.749523393536627 ], [ -70.970222612547943, 42.751212384825351 ], [ -70.959691610613675, 42.753832362181406 ], [ -70.947539632457207, 42.747064341345229 ], [ -70.942490647246544, 42.74451433132257 ], [ -70.930735681891107, 42.738556307919133 ], [ -70.924123697011694, 42.735991294753781 ], [ -70.938356750467975, 42.726198322422995 ], [ -70.958880855719499, 42.706959362512691 ], [ -70.958991856168964, 42.706876362731549 ], [ -70.976371923342271, 42.694416397163735 ], [ -70.98753190112572, 42.698115419527696 ], [ -70.991609893030514, 42.699466427685756 ], [ -70.991924885809752, 42.700756428322116 ], [ -70.994919886476183, 42.700561434301903 ], [ -70.995764891572961, 42.699623435986631 ], [ -70.997344885548259, 42.700667439144709 ], [ -71.00485590080352, 42.701362454187851 ], [ -71.023625974876097, 42.701593491865808 ], [ -71.024591971266048, 42.702996493958004 ], [ -71.026272967507893, 42.704974497573374 ], [ -71.031617920223496, 42.718037510217286 ], [ -71.034636857658029, 42.732353518701217 ] ] ] } },
{ "type": "Feature", "properties": { "STATEFP": "25", "COUNTYFP": "009", "COUSUBFP": "27620", "NAME": "Groveland", "NAMELSAD": "Groveland town", "GEOID": "2500927620" }, "geometry": { "type": "Polygon", "coordinates": [ [ [ -71.058114948974804, 42.734208569512383 ], [ -71.052847897428109, 42.73988655951127 ], [ -71.048339845720179, 42.746144551040629 ], [ -71.044522813979896, 42.749033543195495 ], [ -71.044094801687166, 42.753213534751936 ], [ -71.041819789414163, 42.754581526671956 ], [ -71.042565788598097, 42.757040522459157 ], [ -71.041821785092139, 42.757203520548515 ], [ -71.040015776397709, 42.757720515656011 ], [ -71.039617774342133, 42.757922514382521 ], [ -71.037631763545733, 42.759288507283252 ], [ -71.034212741662202, 42.763876490536596 ], [ -71.030063716009025, 42.769216471677474 ], [ -71.024604684596397, 42.775230450410888 ], [ -71.021902667397526, 42.779632437797112 ], [ -71.020379654864129, 42.784295426939849 ], [ -71.016925643705505, 42.782316425522126 ], [ -70.996483587739078, 42.771645409329594 ], [ -70.967186605003306, 42.758276372448989 ], [ -70.959691610613675, 42.753832362181406 ], [ -70.970222612547943, 42.751212384825351 ], [ -70.9740736161868, 42.749523393536627 ], [ -70.979463620503537, 42.748658404108653 ], [ -70.984168633795107, 42.746192413323875 ], [ -70.990601648251129, 42.743482425953339 ], [ -71.001021676147502, 42.739093446668171 ], [ -71.011253747417712, 42.734183468664384 ], [ -71.011581749069265, 42.734139469367946 ], [ -71.019443785820556, 42.73359748623804 ], [ -71.026995830270579, 42.731342502199176 ], [ -71.034636857658029, 42.732353518701217 ], [ -71.031617920223496, 42.718037510217286 ], [ -71.047604943330185, 42.726494545262305 ], [ -71.058881961062156, 42.732462570706069 ], [ -71.058114948974804, 42.734208569512383 ] ] ] } },
{ "type": "Feature", "properties": { "STATEFP": "25", "COUNTYFP": "011", "COUSUBFP": "47835", "NAME": "Northfield", "NAMELSAD": "Northfield town", "GEOID": "2501147835" }, "geometry": { "type": "Polygon", "coordinates": [ [ [ -72.516710613724243, 42.728467901196403 ], [ -72.458518364311487, 42.726853082448812 ], [ -72.451195108625683, 42.726631440813783 ], [ -72.437871293266255, 42.726228189675311 ], [ -72.429219452999803, 42.725966338017344 ], [ -72.412032608069495, 42.725446171008002 ], [ -72.404442437263867, 42.706655841131536 ], [ -72.377122678574437, 42.639281742898724 ], [ -72.382516682236215, 42.638068758481822 ], [ -72.463417735152561, 42.619982965783642 ], [ -72.461650782300168, 42.606479944254971 ], [ -72.490999786266798, 42.604008007903332 ], [ -72.488576773694135, 42.6077680088463 ], [ -72.483822767344037, 42.609820001086824 ], [ -72.481968762115116, 42.611415999248436 ], [ -72.480011747123555, 42.615841001506837 ], [ -72.480321735808829, 42.619104007420297 ], [ -72.487854692052892, 42.631492047596893 ], [ -72.489358684505362, 42.633627055411125 ], [ -72.488837675989984, 42.636118058252357 ], [ -72.486053665950294, 42.639130055449229 ], [ -72.480924653347984, 42.642959046811939 ], [ -72.4721806376334, 42.6477930281171 ], [ -72.466547621949402, 42.652497017453314 ], [ -72.465086613546035, 42.654964016186362 ], [ -72.465355607200252, 42.656785019441138 ], [ -72.466410601206462, 42.658482025060096 ], [ -72.470344586586279, 42.662588043417365 ], [ -72.471481580305536, 42.664370049674588 ], [ -72.472048564449494, 42.668934058102757 ], [ -72.471810560423052, 42.670103058975315 ], [ -72.475789558074752, 42.6706800733416 ], [ -72.476775552110212, 42.672380079275825 ], [ -72.480669535636338, 42.677053100035394 ], [ -72.482503531887062, 42.678096108157106 ], [ -72.485053533861887, 42.677464116106549 ], [ -72.48648454824226, 42.673259114069808 ], [ -72.489376545336341, 42.674031125372387 ], [ -72.490113524732848, 42.679996138317591 ], [ -72.496201529002661, 42.678615157443637 ], [ -72.516710613724243, 42.728467901196403 ] ] ] } },
{ "type": "Feature", "properties": { "STATEFP": "25", "COUNTYFP": "021", "COUSUBFP": "41515", "NAME": "Millis", "NAMELSAD": "Millis town", "GEOID": "2502141515" }, "geometry": { "type": "Polygon", "coordinates": [ [ [ -71.40442789583436, 42.188433215035168 ], [ -71.384765925272063, 42.19201418593871 ], [ -71.378391934908464, 42.193472175004665 ], [ -71.361986958499656, 42.195761153685716 ], [ -71.344170985179431, 42.200703118340435 ], [ -71.34508898309862, 42.199156126463535 ], [ -71.343822984455329, 42.198562128543465 ], [ -71.343252985939841, 42.199875121781048 ], [ -71.342831985589285, 42.198221129570285 ], [ -71.34027198886784, 42.197965129181739 ], [ -71.338367990066828, 42.195449140256841 ], [ -71.340461987066874, 42.195109143239904 ], [ -71.339375987624365, 42.193428150762223 ], [ -71.339456986082851, 42.190767163805461 ], [ -71.336466990474662, 42.191376158974805 ], [ -71.335594991468511, 42.191011160219155 ], [ -71.335302990643825, 42.188676171465303 ], [ -71.334332991889482, 42.188518171643601 ], [ -71.333142993692334, 42.188854169267408 ], [ -71.328445998825359, 42.186261179120642 ], [ -71.329610996614477, 42.185056185743854 ], [ -71.326128001011213, 42.18420818781177 ], [ -71.326563999726318, 42.18282419488019 ], [ -71.325281000871144, 42.181515200555118 ], [ -71.322679004321017, 42.181142200847219 ], [ -71.320346006819278, 42.179529207422959 ], [ -71.320645005778971, 42.178210214106798 ], [ -71.318188009152678, 42.178034213538496 ], [ -71.31933700649536, 42.175802225230754 ], [ -71.319035006004654, 42.173829234799229 ], [ -71.319889004995986, 42.1742682331219 ], [ -71.320189004138072, 42.173348237834553 ], [ -71.323129000042513, 42.173535238594681 ], [ -71.323973998011056, 42.17181824753429 ], [ -71.326161995430496, 42.172931243301882 ], [ -71.327928992803095, 42.172711245391568 ], [ -71.330372988381228, 42.170858255878443 ], [ -71.332230985588566, 42.17060225818345 ], [ -71.333336983433284, 42.169498264216493 ], [ -71.333109983173941, 42.168362269655312 ], [ -71.331623985030603, 42.167803271566925 ], [ -71.334007980977063, 42.166622278678197 ], [ -71.332569982690458, 42.165905281396412 ], [ -71.332776981219183, 42.163628292669678 ], [ -71.331095983963294, 42.164204288927351 ], [ -71.332425980950688, 42.162107299933787 ], [ -71.331054982738877, 42.161677301301069 ], [ -71.333162978425975, 42.159303314071529 ], [ -71.331467980071764, 42.157631321367134 ], [ -71.332569978481246, 42.157709321567836 ], [ -71.334234975336997, 42.156398328868768 ], [ -71.334516973435015, 42.153548342970694 ], [ -71.339216964965757, 42.150856358550435 ], [ -71.339660963501061, 42.149377365997601 ], [ -71.340182962380212, 42.148761369268428 ], [ -71.342180959091607, 42.14827037267078 ], [ -71.344628954288908, 42.146296383513651 ], [ -71.348650944911412, 42.140580413282322 ], [ -71.358803925597712, 42.134531447396498 ], [ -71.36035092346421, 42.134993445888021 ], [ -71.361881920155938, 42.13350645377276 ], [ -71.36268491808508, 42.132196460457827 ], [ -71.366064912620644, 42.131949463199454 ], [ -71.366761912720989, 42.133830454475437 ], [ -71.371263905270538, 42.133206459557343 ], [ -71.3756188999469, 42.13545445081693 ], [ -71.378147898804286, 42.139594432225188 ], [ -71.385436895863052, 42.151432379408355 ], [ -71.389045894631622, 42.157289353452114 ], [ -71.402295891405714, 42.178794259138044 ], [ -71.403139893141486, 42.182610241664641 ], [ -71.40442789583436, 42.188433215035168 ] ] ] } },
{ "type": "Feature", "properties": { "STATEFP": "25", "COUNTYFP": "027", "COUSUBFP": "06015", "NAME": "Blackstone", "NAMELSAD": "Blackstone town", "GEOID": "2502706015" }, "geometry": { "type": "Polygon", "coordinates": [ [ [ -71.563917684878064, 42.064056622724998 ], [ -71.525007650008618, 42.064550744739513 ], [ -71.498287630743931, 42.064878822291803 ], [ -71.498306623325476, 42.058196852025716 ], [ -71.498262597095021, 42.034383957962874 ], [ -71.498260594012876, 42.03159097038909 ], [ -71.497901594620572, 42.031513970665294 ], [ -71.498167586548689, 42.024671001162048 ], [ -71.49825887920106, 42.017221267481901 ], [ -71.499905574852633, 42.017199034661751 ], [ -71.500905575443937, 42.017099031512181 ], [ -71.502050117587061, 42.017012322955907 ], [ -71.502056079753132, 42.017011871272423 ], [ -71.511633984586723, 42.016286265442957 ], [ -71.524641784407791, 42.015300816208644 ], [ -71.527306599288224, 42.015098934221271 ], [ -71.52760659947765, 42.014998933412507 ], [ -71.527700560733862, 42.014996996733259 ], [ -71.528928668106417, 42.014971683639061 ], [ -71.538036815715358, 42.014783951325271 ], [ -71.553361599791728, 42.014468084862337 ], [ -71.553615487467553, 42.014462851860493 ], [ -71.559439630241755, 42.014342807620672 ], [ -71.563665655588395, 42.014283763400179 ], [ -71.563725646751067, 42.026490749526218 ], [ -71.563762654098923, 42.033728725075761 ], [ -71.563917684878064, 42.064056622724998 ] ] ] } },
{ "type": "Feature", "properties": { "STATEFP": "25", "COUNTYFP": "017", "COUSUBFP": "24960", "NAME": "Framingham", "NAMELSAD": "Framingham city", "GEOID": "2501724960" }, "geometry": { "type": "Polygon", "coordinates": [ [ [ -71.493182704113522, 42.297281942226206 ], [ -71.48989768987947, 42.30365493315572 ], [ -71.486350674884918, 42.310448923607382 ], [ -71.485109639919827, 42.323163909103052 ], [ -71.486744618206771, 42.32993690262353 ], [ -71.486797617408442, 42.330188902376982 ], [ -71.483351557114219, 42.352806876193974 ], [ -71.483298556261516, 42.353129875821985 ], [ -71.437293639266727, 42.346713861058404 ], [ -71.424714661675935, 42.344965856686699 ], [ -71.415469678064909, 42.343683853381528 ], [ -71.402494701048511, 42.341851848641561 ], [ -71.39671771121867, 42.341044846475171 ], [ -71.396083715081772, 42.33991684706519 ], [ -71.394948719993096, 42.338652847509884 ], [ -71.393895729667577, 42.335537849450795 ], [ -71.388832734706654, 42.336268846317374 ], [ -71.381804764578263, 42.328519848600592 ], [ -71.377687806116782, 42.314668856658841 ], [ -71.379763810351648, 42.311987859849758 ], [ -71.382320815492605, 42.308729863795719 ], [ -71.383149817168018, 42.307673865086279 ], [ -71.387522826172486, 42.302068872013564 ], [ -71.39318382757952, 42.298772878090837 ], [ -71.402528830121838, 42.293329888386339 ], [ -71.402125835083936, 42.291655889495971 ], [ -71.399590866136464, 42.281155896352438 ], [ -71.399391867837977, 42.280606896660849 ], [ -71.397218874749413, 42.279005896460227 ], [ -71.396546883594155, 42.275973898422158 ], [ -71.395861892533802, 42.272907900388951 ], [ -71.393728896141056, 42.272518899186956 ], [ -71.390365901792492, 42.271915897272969 ], [ -71.393594909836835, 42.267387903146158 ], [ -71.393620909866428, 42.267364903183186 ], [ -71.397769920365988, 42.261527910883281 ], [ -71.408591913308882, 42.259392920726242 ], [ -71.417069907863436, 42.257720928540202 ], [ -71.419298906445178, 42.257280930610051 ], [ -71.42148290076905, 42.258432931251861 ], [ -71.423733894897794, 42.259622931894114 ], [ -71.429273880433726, 42.262534933416823 ], [ -71.431129875589804, 42.263502933910729 ], [ -71.44461783996536, 42.270587937106193 ], [ -71.445672837174911, 42.271135937336219 ], [ -71.460859796468441, 42.279095940165092 ], [ -71.49142673274558, 42.288161951185785 ], [ -71.497046720871012, 42.289828953018599 ], [ -71.493182704113522, 42.297281942226206 ] ] ] } },
{ "type": "Feature", "properties": { "STATEFP": "25", "COUNTYFP": "027", "COUSUBFP": "82000", "NAME": "Worcester", "NAMELSAD": "Worcester city", "GEOID": "2502782000" }, "geometry": { "type": "Polygon", "coordinates": [ [ [ -71.88404409818078, 42.281253071759565 ], [ -71.875389125189699, 42.286544057502866 ], [ -71.865222160458927, 42.292762041390795 ], [ -71.863135168165343, 42.294037038170799 ], [ -71.859063183657057, 42.296523031974182 ], [ -71.845417240050949, 42.304859012008045 ], [ -71.833862293199331, 42.311922996066407 ], [ -71.828864317727692, 42.314980989444209 ], [ -71.826673328727594, 42.316312986604068 ], [ -71.822944347901, 42.318588981832988 ], [ -71.816831380289159, 42.322291974244344 ], [ -71.811842407995002, 42.325360968182061 ], [ -71.803791454471792, 42.330281958785626 ], [ -71.80204346484696, 42.331344956808458 ], [ -71.799220481799679, 42.333054953665254 ], [ -71.786162564382522, 42.341023939754521 ], [ -71.785895566137, 42.341186939481894 ], [ -71.783236539531927, 42.335913943400811 ], [ -71.779720503185871, 42.32896194832837 ], [ -71.775126466669988, 42.321860952552541 ], [ -71.770418427199175, 42.314582956512488 ], [ -71.7682684084904, 42.311259958195798 ], [ -71.763104361640615, 42.303256961938381 ], [ -71.758542318420297, 42.296220964841034 ], [ -71.758111301263042, 42.293746966582482 ], [ -71.755752206135753, 42.280194975916508 ], [ -71.754741164776064, 42.274386979809897 ], [ -71.753515115235274, 42.267492984326502 ], [ -71.752864086989931, 42.263595986874506 ], [ -71.752270062177203, 42.260188989057824 ], [ -71.751193018613577, 42.254246992775784 ], [ -71.749968000643804, 42.25181299359248 ], [ -71.746078980360494, 42.243837996640274 ], [ -71.741961977270492, 42.243129997383775 ], [ -71.73123796917848, 42.24128599978647 ], [ -71.733429968101973, 42.237975000969818 ], [ -71.7617129690355, 42.225577007866342 ], [ -71.779825961254616, 42.217634020109848 ], [ -71.783106959714459, 42.216194022056371 ], [ -71.797106952698414, 42.210053029427584 ], [ -71.798677954784452, 42.212534030927777 ], [ -71.802874960695746, 42.219351035325118 ], [ -71.803834962096545, 42.220926036406283 ], [ -71.806715964666765, 42.22386103925021 ], [ -71.809892971296975, 42.230934043866938 ], [ -71.819639970303001, 42.23031705097717 ], [ -71.825366969489266, 42.22975505501028 ], [ -71.83526196801725, 42.22878206184388 ], [ -71.838427967526215, 42.228468063992942 ], [ -71.842590966865458, 42.228053066790793 ], [ -71.853914965010432, 42.22693807425744 ], [ -71.854364964941809, 42.22690007455418 ], [ -71.856632964555914, 42.226676076020723 ], [ -71.858776969445799, 42.230944080855117 ], [ -71.863686980938027, 42.240721092536049 ], [ -71.875368043289754, 42.263983090459391 ], [ -71.876727052499135, 42.266692087632748 ], [ -71.88404409818078, 42.281253071759565 ] ] ] } },
{ "type": "Feature", "properties": { "STATEFP": "25", "COUNTYFP": "021", "COUSUBFP": "46050", "NAME": "Norfolk", "NAMELSAD": "Norfolk town", "GEOID": "2502146050" }, "geometry": { "type": "Polygon", "coordinates": [ [ [ -71.382023886781582, 42.130844475790916 ], [ -71.380258889959848, 42.13142647220932 ], [ -71.380188891094576, 42.132925465024968 ], [ -71.379795893525824, 42.135586452144004 ], [ -71.3756188999469, 42.13545445081693 ], [ -71.371263905270538, 42.133206459557343 ], [ -71.366761912720989, 42.133830454475437 ], [ -71.366064912620644, 42.131949463199454 ], [ -71.36268491808508, 42.132196460457827 ], [ -71.361881920155938, 42.13350645377276 ], [ -71.36035092346421, 42.134993445888021 ], [ -71.358803925597712, 42.134531447396498 ], [ -71.348650944911412, 42.140580413282322 ], [ -71.344628954288908, 42.146296383513651 ], [ -71.342180959091607, 42.14827037267078 ], [ -71.340182962380212, 42.148761369268428 ], [ -71.339660963501061, 42.149377365997601 ], [ -71.303752017742298, 42.149500347196359 ], [ -71.300119022298929, 42.147176356951476 ], [ -71.300697020579307, 42.145068367756153 ], [ -71.299468021192666, 42.141881383056564 ], [ -71.299083020767696, 42.139302395745666 ], [ -71.301287016779568, 42.137852404032188 ], [ -71.301714015518911, 42.136368411633583 ], [ -71.300122015548268, 42.130216441581531 ], [ -71.298941015948856, 42.126500459599512 ], [ -71.300224013673031, 42.125910463113151 ], [ -71.297155016470384, 42.120509488749299 ], [ -71.296356016800743, 42.118017500867964 ], [ -71.295902016999761, 42.116614507693825 ], [ -71.290974021787051, 42.107779549944539 ], [ -71.28829202449441, 42.102890573443915 ], [ -71.280269033226219, 42.088492643022363 ], [ -71.284483024271111, 42.083579669181709 ], [ -71.2850540228863, 42.082448675058487 ], [ -71.285082022818415, 42.082393675344264 ], [ -71.303713992135201, 42.086993658467584 ], [ -71.315803972616663, 42.090119647068619 ], [ -71.324387957786016, 42.089993650648879 ], [ -71.359272897459931, 42.089521664944741 ], [ -71.364282895429938, 42.100053615954572 ], [ -71.365754894899766, 42.103139601655954 ], [ -71.367718894247048, 42.107263582585368 ], [ -71.379982887064813, 42.126550495351125 ], [ -71.380713887673835, 42.129135483345486 ], [ -71.382169885761556, 42.129700481309776 ], [ -71.382023886781582, 42.130844475790916 ] ] ] } },
{ "type": "Feature", "properties": { "STATEFP": "25", "COUNTYFP": "003", "COUSUBFP": "44385", "NAME": "New Ashford", "NAMELSAD": "New Ashford town", "GEOID": "2500344385" }, "geometry": { "type": "Polygon", "coordinates": [ [ [ -73.261994541273637, 42.631328723868457 ], [ -73.171542623654815, 42.62870572358203 ], [ -73.174281577890724, 42.598506726010008 ], [ -73.204380542862793, 42.606071724021241 ], [ -73.199682525602512, 42.590032725155282 ], [ -73.201851505543772, 42.579186725622215 ], [ -73.25827946045942, 42.588565724045758 ], [ -73.273558496913282, 42.590853727562923 ], [ -73.261994541273637, 42.631328723868457 ] ] ] } },
{ "type": "Feature", "properties": { "STATEFP": "25", "COUNTYFP": "017", "COUSUBFP": "70360", "NAME": "Townsend", "NAMELSAD": "Townsend town", "GEOID": "2501770360" }, "geometry": { "type": "Polygon", "coordinates": [ [ [ -71.774363630965041, 42.672227570416055 ], [ -71.77255708939461, 42.708009404750669 ], [ -71.745817199907265, 42.70728654715721 ], [ -71.72685659649801, 42.706871464280518 ], [ -71.701391605601074, 42.706313988705816 ], [ -71.672384868099016, 42.705678978389912 ], [ -71.651825574857511, 42.705228898413665 ], [ -71.650720798918769, 42.690919220169469 ], [ -71.653496979246697, 42.675141274779264 ], [ -71.657930271588057, 42.649943358839046 ], [ -71.657978274909439, 42.649658359761347 ], [ -71.66047344590902, 42.63508740639233 ], [ -71.664601726123138, 42.611597479149758 ], [ -71.694160872761813, 42.620274527947288 ], [ -71.701339906536148, 42.622380541145183 ], [ -71.73225804367388, 42.631453603977583 ], [ -71.77575595709105, 42.644229604432766 ], [ -71.774363630965041, 42.672227570416055 ] ] ] } },
{ "type": "Feature", "properties": { "STATEFP": "25", "COUNTYFP": "013", "COUSUBFP": "76030", "NAME": "Westfield", "NAMELSAD": "Westfield city", "GEOID": "2501376030" }, "geometry": { "type": "Polygon", "coordinates": [ [ [ -72.851867576910067, 42.122906629432158 ], [ -72.850928579974308, 42.124992629104398 ], [ -72.849438581242367, 42.124901626744034 ], [ -72.846329585841744, 42.126499622752412 ], [ -72.843401588181962, 42.126163618021344 ], [ -72.842745589881559, 42.127137617493965 ], [ -72.843699590632681, 42.12860861973256 ], [ -72.844250593179979, 42.131368622009127 ], [ -72.843423595219235, 42.132481621272554 ], [ -72.840830597410843, 42.13219561703238 ], [ -72.839532599817488, 42.133199615479079 ], [ -72.836116604481262, 42.13433761061966 ], [ -72.836117607815993, 42.137189611994039 ], [ -72.831866613333574, 42.138229605684295 ], [ -72.830759614416181, 42.138198603896534 ], [ -72.828935614779937, 42.136985600423905 ], [ -72.814225652467087, 42.154268583805319 ], [ -72.813766653692184, 42.154800583252715 ], [ -72.812874656100604, 42.155847582178659 ], [ -72.807513664256021, 42.15733957378589 ], [ -72.802505677838482, 42.162885567357797 ], [ -72.797891687622425, 42.165860560531435 ], [ -72.78576175532325, 42.200473549843956 ], [ -72.781038761080922, 42.199748540960812 ], [ -72.766555777944049, 42.197234513820547 ], [ -72.726095803886039, 42.190206498744097 ], [ -72.703390811316922, 42.186278512884257 ], [ -72.686860816960348, 42.183389522745451 ], [ -72.686380809119029, 42.178390521097043 ], [ -72.68489078495854, 42.162936515890593 ], [ -72.685537770901377, 42.154570512206703 ], [ -72.686652763809107, 42.150702510083924 ], [ -72.687973760693026, 42.149373508868642 ], [ -72.68915175485526, 42.14632350708343 ], [ -72.686690752667246, 42.143884507395356 ], [ -72.686959747241602, 42.14067850600788 ], [ -72.686871746137598, 42.139961505771169 ], [ -72.686357739977367, 42.135946504446999 ], [ -72.690188725279029, 42.128737499898335 ], [ -72.690927719719809, 42.125696498425178 ], [ -72.690763715213293, 42.122871497434488 ], [ -72.692494704217353, 42.11701249453111 ], [ -72.693027696640357, 42.112668492718925 ], [ -72.694531685231297, 42.106492489900205 ], [ -72.694679684663427, 42.106222489748646 ], [ -72.694868683947519, 42.105883489557627 ], [ -72.694938683646896, 42.10573648947927 ], [ -72.695418681740975, 42.104823488978141 ], [ -72.695728678523238, 42.103032488226894 ], [ -72.697176673369981, 42.100651486879428 ], [ -72.700658658120659, 42.093252483178262 ], [ -72.701962653304093, 42.091037482027708 ], [ -72.702865647001076, 42.087732480658225 ], [ -72.705649635192728, 42.082143478049858 ], [ -72.705988632630849, 42.080796477527763 ], [ -72.723205622154353, 42.083619473626719 ], [ -72.744962609220408, 42.087162468170021 ], [ -72.76311660137651, 42.090123485763115 ], [ -72.810838580135311, 42.097919556474359 ], [ -72.837211566088953, 42.102217596762969 ], [ -72.839318575405628, 42.111726604542561 ], [ -72.853896566849798, 42.115005628226143 ], [ -72.851867576910067, 42.122906629432158 ] ] ] } },
{ "type": "Feature", "properties": { "STATEFP": "25", "COUNTYFP": "007", "COUSUBFP": "13800", "NAME": "Chilmark", "NAMELSAD": "Chilmark town", "GEOID": "2500713800" }, "geometry": { "type": "MultiPolygon", "coordinates": [ [ [ [ -70.80011182272132, 41.318192111771253 ], [ -70.784435805142579, 41.313549118464103 ], [ -70.784872821153272, 41.327989130734686 ], [ -70.775610823225222, 41.336241143558787 ], [ -70.768954824187134, 41.341441151790605 ], [ -70.766356825909156, 41.344596155817321 ], [ -70.766907830112672, 41.347933158156074 ], [ -70.765203832534908, 41.351092161599681 ], [ -70.768300172731188, 41.354048024724939 ], [ -70.758636846491697, 41.366948177248339 ], [ -70.749085850987555, 41.37518818868822 ], [ -70.74506585359282, 41.376586195526407 ], [ -70.740427862260219, 41.382777206536701 ], [ -70.73697887395852, 41.391526217418424 ], [ -70.731858883259804, 41.397797228742029 ], [ -70.729224883963838, 41.397728232327474 ], [ -70.724365886975065, 41.398942239800085 ], [ -70.719708895796927, 41.404664249759279 ], [ -70.712431903662491, 41.408850262120239 ], [ -70.712351346770717, 41.409417340495075 ], [ -70.705780895517819, 41.401100266584834 ], [ -70.697190884695061, 41.391232272944805 ], [ -70.690559871305553, 41.380262276493212 ], [ -70.689574869232374, 41.378601277045995 ], [ -70.684222860980398, 41.371845281381503 ], [ -70.681561863888192, 41.373490286093599 ], [ -70.67868486877822, 41.376469291734587 ], [ -70.677039870612788, 41.377484294605303 ], [ -70.673718867843959, 41.375028298266507 ], [ -70.668527866972823, 41.373628305193861 ], [ -70.667460860073049, 41.368755304583843 ], [ -70.665464852352329, 41.363227305109241 ], [ -70.66466285091883, 41.362152305840482 ], [ -70.662389849566409, 41.360956308736291 ], [ -70.660468845046665, 41.357684310245496 ], [ -70.656088841450625, 41.354794315703188 ], [ -70.653597838693301, 41.352703318667302 ], [ -70.651634834299486, 41.349606320460893 ], [ -70.651194143586423, 41.346822191334219 ], [ -70.691111821273452, 41.344297256817583 ], [ -70.709825815499599, 41.341723226117914 ], [ -70.733252805870322, 41.336226185707936 ], [ -70.742486800766557, 41.332798168658599 ], [ -70.74754079689329, 41.329952158541815 ], [ -70.748392793049192, 41.326807154910433 ], [ -70.754079793825923, 41.324893148245081 ], [ -70.764187794578149, 41.318706136760717 ], [ -70.768014789954933, 41.311959128750928 ], [ -70.766165785010912, 41.308962127689966 ], [ -70.768686781127201, 41.303702121642914 ], [ -70.775664784002956, 41.300982114178041 ], [ -70.799905279355826, 41.313117019379305 ], [ -70.80011182272132, 41.318192111771253 ] ] ], [ [ [ -70.832038793471142, 41.259495027151381 ], [ -70.829831791529813, 41.259748029474729 ], [ -70.823871785384696, 41.25947203473261 ], [ -70.819664781806239, 41.260064039252796 ], [ -70.817262780983242, 41.261639043070183 ], [ -70.816040779959224, 41.261816044374456 ], [ -70.814153778569533, 41.262280046574489 ], [ -70.812873779130229, 41.264103049554002 ], [ -70.81196477898024, 41.264839051107785 ], [ -70.811875777446033, 41.263388049760003 ], [ -70.809606772535119, 41.260703049217703 ], [ -70.80271776406353, 41.259052054035671 ], [ -70.801560762257679, 41.258410054510954 ], [ -70.803518758922536, 41.253261047789977 ], [ -70.803314755604589, 41.250225045105317 ], [ -70.804235755507761, 41.249458044131366 ], [ -70.805944756958354, 41.249265042518267 ], [ -70.809244760017762, 41.24906803935913 ], [ -70.810927762454739, 41.249554037606245 ], [ -70.812221763551619, 41.249408036384096 ], [ -70.813095765378492, 41.250050035442932 ], [ -70.813839766657154, 41.25057603524283 ], [ -70.815199768135585, 41.250674034023262 ], [ -70.817329770183164, 41.250556031841946 ], [ -70.821283774643689, 41.251014028480476 ], [ -70.825507780134316, 41.252277025712452 ], [ -70.828370785359937, 41.254745025560716 ], [ -70.830717789150455, 41.256278024959173 ], [ -70.832332792705003, 41.258362025664603 ], [ -70.832038793471142, 41.259495027151381 ] ] ] ] } },
{ "type": "Feature", "properties": { "STATEFP": "25", "COUNTYFP": "027", "COUSUBFP": "17685", "NAME": "Dudley", "NAMELSAD": "Dudley town", "GEOID": "2502717685" }, "geometry": { "type": "Polygon", "coordinates": [ [ [ -71.994697615102325, 42.03102379007963 ], [ -71.989044643441119, 42.044584821782188 ], [ -71.98824566116528, 42.054510841467909 ], [ -71.98982166372403, 42.056706844440157 ], [ -71.991562664315794, 42.057823845253559 ], [ -71.99333167610979, 42.065378858677938 ], [ -71.992843688958104, 42.072561873045331 ], [ -71.967690715904467, 42.078198898865026 ], [ -71.940220743952466, 42.084344924194127 ], [ -71.917526766044546, 42.089417942870057 ], [ -71.909235773859308, 42.091260949174632 ], [ -71.895113786671757, 42.09424795912728 ], [ -71.894437782237915, 42.090585955454138 ], [ -71.891139760921121, 42.072731938171827 ], [ -71.881509771720431, 42.075892947378811 ], [ -71.879083763678651, 42.068175941522505 ], [ -71.878840761138918, 42.066017939640709 ], [ -71.87911875975874, 42.065083938559177 ], [ -71.881771755015734, 42.062889934553098 ], [ -71.882132753405401, 42.061835933261769 ], [ -71.88232574935472, 42.058767930116801 ], [ -71.880248750156611, 42.05814793109991 ], [ -71.880387746709488, 42.05550692845312 ], [ -71.880736742499749, 42.052396925176758 ], [ -71.880473741930714, 42.051782924800349 ], [ -71.88372073800933, 42.050729921088738 ], [ -71.887173735362097, 42.05081191830341 ], [ -71.887426733159032, 42.049265916510414 ], [ -71.886332729761847, 42.045950914071234 ], [ -71.887310725362184, 42.043168910371783 ], [ -71.887509723494333, 42.041853908845788 ], [ -71.889073716605253, 42.03756390296919 ], [ -71.889313713803318, 42.035569900667127 ], [ -71.887475711055245, 42.032224899013372 ], [ -71.887040706350831, 42.028291895432083 ], [ -71.885260704062802, 42.025276894233372 ], [ -71.8839484714279, 42.02430732709869 ], [ -71.890780697879748, 42.024367887451547 ], [ -71.901088758228823, 42.024636079213096 ], [ -71.92088355796372, 42.025151094009473 ], [ -71.920987088505797, 42.025153787634572 ], [ -71.95232760065548, 42.025969195464327 ], [ -71.963019943922006, 42.026247385672782 ], [ -71.98732661448274, 42.026879789593913 ], [ -71.993102686527862, 42.026915196910572 ], [ -71.994697615102325, 42.03102379007963 ] ] ] } },
{ "type": "Feature", "properties": { "STATEFP": "25", "COUNTYFP": "027", "COUSUBFP": "47135", "NAME": "North Brookfield", "NAMELSAD": "North Brookfield town", "GEOID": "2502747135" }, "geometry": { "type": "Polygon", "coordinates": [ [ [ -72.129572610354316, 42.290253029854391 ], [ -72.117463643975398, 42.302245020425993 ], [ -72.050747840190368, 42.307886062812734 ], [ -72.041168868385313, 42.308697068634181 ], [ -72.0326659006722, 42.258745175271535 ], [ -72.030359900620496, 42.24520318542325 ], [ -72.038558875433722, 42.24445617552982 ], [ -72.045513831391958, 42.22997213898811 ], [ -72.061939785623281, 42.2309111240275 ], [ -72.070144762554108, 42.231269116332037 ], [ -72.072827756101404, 42.232087115247502 ], [ -72.075375748675185, 42.232036112527716 ], [ -72.078574737946767, 42.231062107252747 ], [ -72.099244677965586, 42.230765085417318 ], [ -72.111251654739561, 42.238582089158548 ], [ -72.117304643443916, 42.242952091954102 ], [ -72.113292664908371, 42.252431106514514 ], [ -72.125037628475752, 42.263473076861501 ], [ -72.117351648391562, 42.278820059029208 ], [ -72.134811596549881, 42.281146039703913 ], [ -72.129572610354316, 42.290253029854391 ] ] ] } },
{ "type": "Feature", "properties": { "STATEFP": "25", "COUNTYFP": "027", "COUSUBFP": "23875", "NAME": "Fitchburg", "NAMELSAD": "Fitchburg city", "GEOID": "2502723875" }, "geometry": { "type": "Polygon", "coordinates": [ [ [ -71.862509540495921, 42.55247365940221 ], [ -71.855592583485475, 42.55205466512276 ], [ -71.855486571079496, 42.553509662708635 ], [ -71.855132530269898, 42.558290654792025 ], [ -71.86234449291203, 42.558049649771363 ], [ -71.862084446427971, 42.563549640357607 ], [ -71.860591208202536, 42.591636592678285 ], [ -71.858659886361835, 42.629026529842278 ], [ -71.858483844582324, 42.633814521769125 ], [ -71.844843844430827, 42.637984530702376 ], [ -71.794186991349747, 42.637024591964689 ], [ -71.775326046972211, 42.636662614646546 ], [ -71.77345231288605, 42.614567644923468 ], [ -71.77150441821108, 42.606270657437868 ], [ -71.770888451577108, 42.603661661340539 ], [ -71.771521569540354, 42.593516673492907 ], [ -71.771971657086397, 42.585970682595637 ], [ -71.77294384565667, 42.569647702412141 ], [ -71.764896968841484, 42.562842717308811 ], [ -71.762951966018164, 42.56392371751167 ], [ -71.761452979888332, 42.563435719276747 ], [ -71.75724901905248, 42.56206772418426 ], [ -71.755877037527227, 42.561169726303504 ], [ -71.754098068468608, 42.559455729672791 ], [ -71.749982174409141, 42.552808740371354 ], [ -71.747771189121622, 42.549934741005856 ], [ -71.749871211819254, 42.549758743729981 ], [ -71.749681267445141, 42.545201748742976 ], [ -71.754168235313642, 42.546051745259973 ], [ -71.757768183008778, 42.548567739795907 ], [ -71.759836180153158, 42.547821739236745 ], [ -71.761953143560916, 42.549807735357966 ], [ -71.761590120047785, 42.551903733085958 ], [ -71.76327908649246, 42.553872729475472 ], [ -71.764289066470226, 42.555055727292576 ], [ -71.769182002265978, 42.558141719835433 ], [ -71.771343977291593, 42.559247716813054 ], [ -71.773387979706413, 42.558101716715818 ], [ -71.776460983030205, 42.556378716617139 ], [ -71.783376989150852, 42.552501716602386 ], [ -71.786024990664586, 42.551046716633721 ], [ -71.78937197281283, 42.550930714395818 ], [ -71.793181941988152, 42.551740710556551 ], [ -71.797580907304194, 42.552617706164007 ], [ -71.800619899683909, 42.551732705217269 ], [ -71.803753912296543, 42.548896707028355 ], [ -71.806547911269377, 42.547471707125347 ], [ -71.813465872726411, 42.547287702581002 ], [ -71.820736837975488, 42.546517698698764 ], [ -71.822333827098433, 42.54666469736938 ], [ -71.830881753809592, 42.549017687737283 ], [ -71.831690748975475, 42.549032687143416 ], [ -71.832832742660699, 42.549001686387818 ], [ -71.837124722110588, 42.548550684090991 ], [ -71.837808763706903, 42.543782691318867 ], [ -71.862954605425813, 42.5447026726942 ], [ -71.862509540495921, 42.55247365940221 ] ] ] } },
{ "type": "Feature", "properties": { "STATEFP": "25", "COUNTYFP": "021", "COUSUBFP": "14640", "NAME": "Cohasset", "NAMELSAD": "Cohasset town", "GEOID": "2502114640" }, "geometry": { "type": "Polygon", "coordinates": [ [ [ -70.844664929757798, 42.24227034191447 ], [ -70.841152936380439, 42.243345332714426 ], [ -70.841241934529521, 42.244545326048723 ], [ -70.849277912003188, 42.247330317825281 ], [ -70.848227909857201, 42.250245301768075 ], [ -70.848937901685431, 42.252139301068539 ], [ -70.847290898742912, 42.254100298074569 ], [ -70.845698888659371, 42.258071293621164 ], [ -70.844753884882934, 42.259778291431331 ], [ -70.84462788292096, 42.260425290826852 ], [ -70.840627889971955, 42.26098828644335 ], [ -70.838644885602704, 42.263497282543163 ], [ -70.836237886845552, 42.264663279215732 ], [ -70.826986908471, 42.264367270126613 ], [ -70.824661631879309, 42.265933912243682 ], [ -70.811742947734857, 42.26293425605666 ], [ -70.791382934187027, 42.254960214045994 ], [ -70.788725034564195, 42.253919242122805 ], [ -70.78677905106467, 42.25087024336537 ], [ -70.784403061634706, 42.248583250401246 ], [ -70.78146299139263, 42.248717266434575 ], [ -70.784822063210555, 42.246298264308336 ], [ -70.786726063008729, 42.24254928819915 ], [ -70.78904206037177, 42.240169304310292 ], [ -70.786618066610004, 42.239571305690291 ], [ -70.783355073045982, 42.24051329722424 ], [ -70.783942074890149, 42.2376463147191 ], [ -70.781974080728332, 42.23643132020316 ], [ -70.784515076878392, 42.234692332699183 ], [ -70.786772072486599, 42.234040338488704 ], [ -70.788681069795246, 42.232596348635383 ], [ -70.787884075554175, 42.22909936858985 ], [ -70.785524080447004, 42.229463364478882 ], [ -70.785558083866619, 42.226344382945491 ], [ -70.784815086044802, 42.22588038508416 ], [ -70.788938077305048, 42.22547439083062 ], [ -70.78914307988029, 42.222807406713436 ], [ -70.791373076421067, 42.221511416113799 ], [ -70.797112067638892, 42.218175440171734 ], [ -70.827016024671281, 42.200785562346141 ], [ -70.840800978578926, 42.213117502401509 ], [ -70.853380913462971, 42.239606364555407 ], [ -70.844664929757798, 42.24227034191447 ] ] ] } },
{ "type": "Feature", "properties": { "STATEFP": "25", "COUNTYFP": "003", "COUSUBFP": "00555", "NAME": "Adams", "NAMELSAD": "Adams town", "GEOID": "2500300555" }, "geometry": { "type": "Polygon", "coordinates": [ [ [ -73.171542623654815, 42.62870572358203 ], [ -73.171207632021279, 42.634458723097744 ], [ -73.169756669117405, 42.660172720887047 ], [ -73.14111070270954, 42.658710720825255 ], [ -73.101936749327209, 42.656694720877091 ], [ -73.063280796121745, 42.654702721081534 ], [ -73.063641791642183, 42.649797722022534 ], [ -73.066257757059219, 42.612360729094995 ], [ -73.067520739797814, 42.594042732486116 ], [ -73.084318714011914, 42.594759731402306 ], [ -73.140247628987481, 42.597095727970995 ], [ -73.174281577890724, 42.598506726010008 ], [ -73.171542623654815, 42.62870572358203 ] ] ] } },
{ "type": "Feature", "properties": { "STATEFP": "25", "COUNTYFP": "017", "COUSUBFP": "07350", "NAME": "Boxborough", "NAMELSAD": "Boxborough town", "GEOID": "2501707350" }, "geometry": { "type": "Polygon", "coordinates": [ [ [ -71.550691668042901, 42.489140745677865 ], [ -71.534855386251991, 42.513329663850151 ], [ -71.532718353754092, 42.514649656152592 ], [ -71.52984128514413, 42.519840628683369 ], [ -71.517807188931897, 42.515615642376076 ], [ -71.516221187404753, 42.513443652714137 ], [ -71.51482018592786, 42.51152366195285 ], [ -71.511610169168023, 42.508990673616147 ], [ -71.509084134855655, 42.510042666774574 ], [ -71.50281008893343, 42.506868680831992 ], [ -71.500053043311837, 42.509265666439909 ], [ -71.473528150851791, 42.500176716904711 ], [ -71.473813152120883, 42.499763717993105 ], [ -71.481996171526291, 42.487853730620046 ], [ -71.492005195926012, 42.473296746902072 ], [ -71.498546212310089, 42.463774758057028 ], [ -71.518783384757242, 42.464978762184124 ], [ -71.522980424126871, 42.465234763098174 ], [ -71.543394616917013, 42.466451767617649 ], [ -71.560367775869437, 42.474349764229331 ], [ -71.550691668042901, 42.489140745677865 ] ] ] } },
{ "type": "Feature", "properties": { "STATEFP": "25", "COUNTYFP": "017", "COUSUBFP": "35950", "NAME": "Littleton", "NAMELSAD": "Littleton town", "GEOID": "2501735950" }, "geometry": { "type": "Polygon", "coordinates": [ [ [ -71.542323182790369, 42.550333492351108 ], [ -71.533031074494176, 42.552729469361694 ], [ -71.532379060042217, 42.553828463138359 ], [ -71.527879999101614, 42.556225445446884 ], [ -71.523186928183563, 42.559825421006472 ], [ -71.520891874372907, 42.564310394889461 ], [ -71.51145875060763, 42.569385354387364 ], [ -71.511411749964182, 42.56941535415649 ], [ -71.506410684842407, 42.57217133165355 ], [ -71.503036631652492, 42.575467308399574 ], [ -71.498005600277622, 42.576861299844879 ], [ -71.48376466013903, 42.573787344541941 ], [ -71.481832717260772, 42.565687388874395 ], [ -71.481192736141722, 42.562996403416811 ], [ -71.480019770443832, 42.558093429690231 ], [ -71.477378786692853, 42.556599441090732 ], [ -71.477340786979724, 42.556569441294791 ], [ -71.468841838659387, 42.551745476633762 ], [ -71.444766979403056, 42.538043565146161 ], [ -71.428535069397483, 42.528803615007661 ], [ -71.434718092330343, 42.522485633950389 ], [ -71.44393915203149, 42.509058682066055 ], [ -71.473528150851791, 42.500176716904711 ], [ -71.500053043311837, 42.509265666439909 ], [ -71.50281008893343, 42.506868680831992 ], [ -71.509084134855655, 42.510042666774574 ], [ -71.511610169168023, 42.508990673616147 ], [ -71.51482018592786, 42.51152366195285 ], [ -71.516221187404753, 42.513443652714137 ], [ -71.517807188931897, 42.515615642376076 ], [ -71.52984128514413, 42.519840628683369 ], [ -71.531377297457766, 42.520351627202288 ], [ -71.533760268071006, 42.527653593080103 ], [ -71.538780203483412, 42.543029523205426 ], [ -71.542323182790369, 42.550333492351108 ] ] ] } },
{ "type": "Feature", "properties": { "STATEFP": "25", "COUNTYFP": "017", "COUSUBFP": "39625", "NAME": "Maynard", "NAMELSAD": "Maynard town", "GEOID": "2501739625" }, "geometry": { "type": "Polygon", "coordinates": [ [ [ -71.478382323080424, 42.437103784439913 ], [ -71.464349308848668, 42.450299768473663 ], [ -71.453841338023082, 42.446160771079754 ], [ -71.452606341427341, 42.445677771364366 ], [ -71.435216389156096, 42.438830775008363 ], [ -71.430389402275722, 42.436936775878586 ], [ -71.434492423203537, 42.426860785907621 ], [ -71.435811429877916, 42.423657789154504 ], [ -71.436592433888393, 42.421743791105975 ], [ -71.442626465163627, 42.40694680651503 ], [ -71.469443435637814, 42.402592818473586 ], [ -71.474376373762667, 42.42162379995117 ], [ -71.474496372268305, 42.422080799499334 ], [ -71.474774368798762, 42.423141798448846 ], [ -71.474809368360624, 42.423275798316013 ], [ -71.477598332877577, 42.434125787452253 ], [ -71.478382323080424, 42.437103784439913 ] ] ] } },
{ "type": "Feature", "properties": { "STATEFP": "25", "COUNTYFP": "017", "COUSUBFP": "72600", "NAME": "Waltham", "NAMELSAD": "Waltham city", "GEOID": "2501772600" }, "geometry": { "type": "Polygon", "coordinates": [ [ [ -71.281416704637607, 42.412179759415409 ], [ -71.274421721011464, 42.409876758527034 ], [ -71.273865719504485, 42.41090075796135 ], [ -71.2717657091885, 42.416774755055677 ], [ -71.267230698713888, 42.424437750985057 ], [ -71.256987722832989, 42.421079749893053 ], [ -71.23291571367011, 42.413178729931808 ], [ -71.215910688238949, 42.407598710678833 ], [ -71.211261681280021, 42.406073705371512 ], [ -71.202628667315338, 42.403701695343386 ], [ -71.201969667914369, 42.402781694772671 ], [ -71.201799670707103, 42.401373694937014 ], [ -71.20062167238882, 42.399457693982164 ], [ -71.19942967453872, 42.397319693062343 ], [ -71.196627672977939, 42.395228690111949 ], [ -71.196330675011893, 42.394030690051338 ], [ -71.197940681425735, 42.392783692391248 ], [ -71.196742683789864, 42.390543691472317 ], [ -71.194954684901603, 42.388272689811735 ], [ -71.19446068820109, 42.386316689692073 ], [ -71.194177688211383, 42.386030689408472 ], [ -71.198354705575085, 42.382476695608503 ], [ -71.202899724469063, 42.378611702398715 ], [ -71.205355734675408, 42.376525706086582 ], [ -71.208515747791793, 42.373849710849271 ], [ -71.211485760173559, 42.371311715352341 ], [ -71.217061783376451, 42.366568723854044 ], [ -71.217190783744755, 42.366533724030134 ], [ -71.226229810028315, 42.363871736460851 ], [ -71.226639811219016, 42.363751737025979 ], [ -71.231477825308701, 42.362318743709487 ], [ -71.236588840196106, 42.360804750790059 ], [ -71.237621843207592, 42.360497752223935 ], [ -71.239325848179035, 42.359989754591531 ], [ -71.243076859116243, 42.358874759810298 ], [ -71.252444877427578, 42.35610477078562 ], [ -71.252926877063601, 42.355961771046765 ], [ -71.253735877993165, 42.355043771717924 ], [ -71.254761878376812, 42.354231772454327 ], [ -71.256110877385822, 42.353823773200112 ], [ -71.256465874418339, 42.35490477298017 ], [ -71.260385871742784, 42.353632775186455 ], [ -71.264380863177877, 42.354887776508328 ], [ -71.268917845175068, 42.359880776576958 ], [ -71.269517837460867, 42.362843775671259 ], [ -71.271275833693338, 42.363372776198119 ], [ -71.273491824138191, 42.366105776016369 ], [ -71.270224823882089, 42.368269773825624 ], [ -71.270750820233545, 42.369513773543908 ], [ -71.273623806221281, 42.373735772974889 ], [ -71.276517799089817, 42.374964773577943 ], [ -71.275992797715688, 42.37588777299662 ], [ -71.26776177700701, 42.390140764372994 ], [ -71.276172757778454, 42.392915766017282 ], [ -71.279583738928949, 42.398751764640416 ], [ -71.282825731645218, 42.399727765202677 ], [ -71.281205727202121, 42.402690763440468 ], [ -71.286031716407976, 42.404096764222487 ], [ -71.281416704637607, 42.412179759415409 ] ] ] } },
{ "type": "Feature", "properties": { "STATEFP": "25", "COUNTYFP": "027", "COUSUBFP": "46820", "NAME": "Northborough", "NAMELSAD": "Northborough town", "GEOID": "2502746820" }, "geometry": { "type": "Polygon", "coordinates": [ [ [ -71.68788031502929, 42.32550193095279 ], [ -71.685952339293564, 42.332100925060502 ], [ -71.685059350168757, 42.335155922320418 ], [ -71.676366444203396, 42.364883895252461 ], [ -71.633943199677205, 42.358397895295759 ], [ -71.628427160200914, 42.353642899070998 ], [ -71.624703134847422, 42.350464901631064 ], [ -71.625826138509396, 42.34972390247453 ], [ -71.620659104769913, 42.345248906143524 ], [ -71.618261088611447, 42.342588908430415 ], [ -71.611530052624317, 42.33899291118032 ], [ -71.604100017641699, 42.336768912578805 ], [ -71.603961015087194, 42.335340913969247 ], [ -71.603592008557186, 42.331675917539229 ], [ -71.605267013068612, 42.330159919188198 ], [ -71.601885995659444, 42.326970922018027 ], [ -71.597363971897252, 42.321015927528741 ], [ -71.592502951814694, 42.317900930251419 ], [ -71.585210922658803, 42.310951936715853 ], [ -71.580033904452307, 42.305891941521288 ], [ -71.590837935144918, 42.30479994325588 ], [ -71.633210046218764, 42.300560949694699 ], [ -71.634502039805966, 42.296810953288045 ], [ -71.637026044811776, 42.296289953893172 ], [ -71.637283040391452, 42.294450955627077 ], [ -71.637700039979904, 42.293933956128875 ], [ -71.642784040343358, 42.289913960077151 ], [ -71.642705035042823, 42.288195961669913 ], [ -71.654522046829413, 42.284119965790964 ], [ -71.658642050035894, 42.282707967187406 ], [ -71.670116056379428, 42.278762971000759 ], [ -71.671573065515901, 42.280321969646863 ], [ -71.672934074307634, 42.281798968369628 ], [ -71.676997101276854, 42.286147964643689 ], [ -71.680255190134048, 42.304233948910287 ], [ -71.680422194865073, 42.305170948099622 ], [ -71.686962261000957, 42.314982939982769 ], [ -71.689716288986105, 42.31881993687341 ], [ -71.68788031502929, 42.32550193095279 ] ] ] } },
{ "type": "Feature", "properties": { "STATEFP": "25", "COUNTYFP": "009", "COUSUBFP": "07420", "NAME": "Boxford", "NAMELSAD": "Boxford town", "GEOID": "2500907420" }, "geometry": { "type": "Polygon", "coordinates": [ [ [ -71.097833115186788, 42.735219655426711 ], [ -71.092466083612692, 42.736999644584117 ], [ -71.088063068638093, 42.736143634719035 ], [ -71.084172050184691, 42.736484626439548 ], [ -71.081909039433256, 42.736684621619403 ], [ -71.074059016242515, 42.73448560391568 ], [ -71.072110016783753, 42.732667599136299 ], [ -71.058881961062156, 42.732462570706069 ], [ -71.047604943330185, 42.726494545262305 ], [ -71.031617920223496, 42.718037510217286 ], [ -71.026272967507893, 42.704974497573374 ], [ -71.024591971266048, 42.702996493958004 ], [ -71.023625974876097, 42.701593491865808 ], [ -71.00485590080352, 42.701362454187851 ], [ -70.997344885548259, 42.700667439144709 ], [ -70.995764891572961, 42.699623435986631 ], [ -70.994919886476183, 42.700561434301903 ], [ -70.991924885809752, 42.700756428322116 ], [ -70.991609893030514, 42.699466427685756 ], [ -70.98753190112572, 42.698115419527696 ], [ -70.976371923342271, 42.694416397163735 ], [ -70.948593004434699, 42.680666341093712 ], [ -70.964454034573365, 42.674824372840725 ], [ -70.965340050957678, 42.671866374555812 ], [ -70.967135046999545, 42.672521378190005 ], [ -70.968981042929073, 42.67319538192578 ], [ -70.967638064115064, 42.669442379136306 ], [ -70.964347116145419, 42.660232372271416 ], [ -70.960358179240416, 42.649077363895493 ], [ -70.969711201297883, 42.644812382812574 ], [ -70.975519214826491, 42.642187394587346 ], [ -70.976369222882767, 42.640713396294814 ], [ -70.973448244666059, 42.636912390274212 ], [ -70.97350024650838, 42.636580390374327 ], [ -70.974797256487193, 42.634745392989352 ], [ -70.972304288932406, 42.629022387791601 ], [ -70.968490300796333, 42.627039379947199 ], [ -70.968217305254555, 42.626251379371361 ], [ -70.969137311528783, 42.625093381230734 ], [ -70.971963311654051, 42.624964387016689 ], [ -70.976615321578379, 42.623009396514561 ], [ -70.976672325420282, 42.622318396620422 ], [ -70.976066332337822, 42.621101395358231 ], [ -70.976554333834045, 42.620814396354533 ], [ -70.978498329731536, 42.621475400351692 ], [ -70.981659328587426, 42.621559406835097 ], [ -70.985937324994296, 42.622040415612474 ], [ -71.022309290799114, 42.641635483277312 ], [ -71.037574208080102, 42.667654514192819 ], [ -71.040518192861285, 42.672687520563962 ], [ -71.046768186800193, 42.678435533500085 ], [ -71.064490173174391, 42.694716571912181 ], [ -71.075133167440015, 42.704497596214445 ], [ -71.09059316243949, 42.718698633161395 ], [ -71.091749169990607, 42.718121635334178 ], [ -71.095309166276678, 42.722056644407779 ], [ -71.091752140861729, 42.72426963784752 ], [ -71.093667137259715, 42.726741642913183 ], [ -71.095022145310153, 42.7262516455773 ], [ -71.09646216153061, 42.724096647701401 ], [ -71.108631161479295, 42.735280678742413 ], [ -71.097833115186788, 42.735219655426711 ] ] ] } },
{ "type": "Feature", "properties": { "STATEFP": "25", "COUNTYFP": "009", "COUSUBFP": "34550", "NAME": "Lawrence", "NAMELSAD": "Lawrence city", "GEOID": "2500934550" }, "geometry": { "type": "Polygon", "coordinates": [ [ [ -71.190923611145095, 42.710739835405874 ], [ -71.183589564182341, 42.715053823907837 ], [ -71.183141561309213, 42.71531382319349 ], [ -71.182453556870399, 42.715718822099078 ], [ -71.178828533388625, 42.717855816294303 ], [ -71.176033515208104, 42.719498811767934 ], [ -71.173140496298544, 42.721200807040937 ], [ -71.172380491345081, 42.721640805786429 ], [ -71.172416491419582, 42.721659805876449 ], [ -71.170877478359273, 42.723296803893525 ], [ -71.16897147418743, 42.722347799171487 ], [ -71.165692460632371, 42.722295792249511 ], [ -71.164721456686848, 42.72226379018786 ], [ -71.160238438404704, 42.722133780685674 ], [ -71.158403430898602, 42.72208677680208 ], [ -71.156023421178148, 42.72202277176406 ], [ -71.152194405545458, 42.721919763661603 ], [ -71.149129393064726, 42.721830757174025 ], [ -71.148560393041436, 42.721272755612375 ], [ -71.147811387982344, 42.721725754341158 ], [ -71.14191736363739, 42.721639741929799 ], [ -71.137315344881685, 42.721515732207507 ], [ -71.134197331861344, 42.721504725666776 ], [ -71.134965349380451, 42.718221725306876 ], [ -71.133497363686573, 42.713548719479384 ], [ -71.133617373414637, 42.711434718471203 ], [ -71.135055390919035, 42.708769719820623 ], [ -71.136291402718754, 42.707213721398261 ], [ -71.137284409242866, 42.706639723065862 ], [ -71.137115418327582, 42.704386721349891 ], [ -71.139964434176292, 42.703379726477017 ], [ -71.142777464617367, 42.698922729317005 ], [ -71.144866472667431, 42.698989733528144 ], [ -71.145712477590322, 42.698626734981261 ], [ -71.143394475191826, 42.697027729340348 ], [ -71.142543483732325, 42.694247725888374 ], [ -71.140803478204134, 42.693935722257613 ], [ -71.137934474299144, 42.692222715546791 ], [ -71.137318484362382, 42.689342712578394 ], [ -71.139808503389219, 42.687185716100146 ], [ -71.137678498351988, 42.686437711503757 ], [ -71.139475509319752, 42.685511714415426 ], [ -71.137876505762307, 42.684903710947815 ], [ -71.139218513230148, 42.684375713215061 ], [ -71.135084512597189, 42.680855703120798 ], [ -71.133644512463107, 42.679623699631541 ], [ -71.133675513013856, 42.679524699631912 ], [ -71.134537528128391, 42.676812699655848 ], [ -71.14999756762144, 42.681350732007935 ], [ -71.151212570780757, 42.68170673457648 ], [ -71.165721636508579, 42.679244760601506 ], [ -71.172532667177549, 42.67808077270265 ], [ -71.185510725003084, 42.675919795612636 ], [ -71.186064713749062, 42.679341799491183 ], [ -71.188861658805052, 42.696267819035853 ], [ -71.189268651697162, 42.69851982173747 ], [ -71.190257632048159, 42.704624828871303 ], [ -71.190923611145095, 42.710739835405874 ] ] ] } },
{ "type": "Feature", "properties": { "STATEFP": "25", "COUNTYFP": "009", "COUSUBFP": "59245", "NAME": "Salisbury", "NAMELSAD": "Salisbury town", "GEOID": "2500959245" }, "geometry": { "type": "Polygon", "coordinates": [ [ [ -70.91452370030872, 42.886562234758884 ], [ -70.902766465013258, 42.886529245169235 ], [ -70.886134470040588, 42.882609241986721 ], [ -70.883497704288871, 42.881085917580087 ], [ -70.883388138239496, 42.881022618577063 ], [ -70.872552294029049, 42.87476248379086 ], [ -70.848858167783931, 42.86107379555866 ], [ -70.848623496482389, 42.860938220045618 ], [ -70.837374492248784, 42.864995217766754 ], [ -70.830793487943652, 42.868917218376538 ], [ -70.824184324435322, 42.871086100679157 ], [ -70.823270124819459, 42.87138610711127 ], [ -70.821767484835959, 42.871879217879012 ], [ -70.817294484529583, 42.872289216761622 ], [ -70.817729509968814, 42.850612193810093 ], [ -70.816313399247306, 42.842825068640749 ], [ -70.812684542854853, 42.822870159213579 ], [ -70.81214724783176, 42.821842607558153 ], [ -70.81054506223812, 42.818778502294087 ], [ -70.815616546290158, 42.819795158775342 ], [ -70.819889546259745, 42.819594163003572 ], [ -70.823576548255971, 42.817694164964081 ], [ -70.827874549775174, 42.816163168120688 ], [ -70.835594551699586, 42.81409017478969 ], [ -70.842427552656019, 42.812887181512842 ], [ -70.848792552897876, 42.81232018833358 ], [ -70.849894552860363, 42.812290189567783 ], [ -70.863852550868657, 42.813222205872258 ], [ -70.866495550272049, 42.813590209001063 ], [ -70.870991548858754, 42.814564214389435 ], [ -70.873118547314007, 42.81578821715123 ], [ -70.873388547018493, 42.816030217525281 ], [ -70.877495542440059, 42.819790223023162 ], [ -70.880550539718385, 42.821998226710029 ], [ -70.884627537055493, 42.824106231201597 ], [ -70.890067534211823, 42.826308236774665 ], [ -70.894531528749525, 42.830866241242141 ], [ -70.897555526581826, 42.832617243951759 ], [ -70.904196524760962, 42.833889249616455 ], [ -70.900039510346446, 42.846763245752179 ], [ -70.89983050964922, 42.847385245595909 ], [ -70.902627501147194, 42.854742247039482 ], [ -70.904844494375098, 42.86061424779259 ], [ -70.909374480567138, 42.872618248257673 ], [ -70.91459766201848, 42.886562442287783 ], [ -70.91452370030872, 42.886562234758884 ] ] ] } },
{ "type": "Feature", "properties": { "STATEFP": "25", "COUNTYFP": "025", "COUSUBFP": "07000", "NAME": "Boston", "NAMELSAD": "Boston city", "GEOID": "2502507000" }, "geometry": { "type": "MultiPolygon", "coordinates": [ [ [ [ -70.930910518284563, 42.321604355940025 ], [ -70.930248517539752, 42.322291354863047 ], [ -70.925969526142111, 42.321908349503069 ], [ -70.925473534626832, 42.319211349827306 ], [ -70.925308540536776, 42.317222350327626 ], [ -70.928055535595107, 42.31722235378902 ], [ -70.930760525714746, 42.319026356600709 ], [ -70.930910518284563, 42.321604355940025 ] ] ], [ [ [ -70.932091485487234, 42.332697353853725 ], [ -70.931758484886316, 42.333115353273215 ], [ -70.930680485069601, 42.333697351640247 ], [ -70.929717485907588, 42.333972350258662 ], [ -70.928692492224187, 42.33232334944686 ], [ -70.926834500816852, 42.33037534765257 ], [ -70.923068516814027, 42.326989343915081 ], [ -70.922598520029624, 42.326143343613772 ], [ -70.923722520311912, 42.325359345363722 ], [ -70.924716519946401, 42.324879346827522 ], [ -70.925883517738555, 42.324943348318044 ], [ -70.926790514993726, 42.325359349348879 ], [ -70.927050511761735, 42.326349349341548 ], [ -70.927698507864704, 42.327340349843986 ], [ -70.929383502654531, 42.32817035176862 ], [ -70.930593500762427, 42.328106353377819 ], [ -70.93141449891354, 42.328266354402587 ], [ -70.932110495929265, 42.328914355106136 ], [ -70.931025495673737, 42.329672353428549 ], [ -70.930809492311056, 42.331014352699889 ], [ -70.931241489100444, 42.331908352979021 ], [ -70.932464486162615, 42.332227354502955 ], [ -70.932091485487234, 42.332697353853725 ] ] ], [ [ [ -70.942780482390745, 42.327180369621125 ], [ -70.940749483295832, 42.328138366694105 ], [ -70.937248491029024, 42.327499362291604 ], [ -70.934947496880881, 42.326806359494604 ], [ -70.936544499435882, 42.324865362168524 ], [ -70.939854495365694, 42.324244366638659 ], [ -70.942948486086607, 42.325694370245863 ], [ -70.942780482390745, 42.327180369621125 ] ] ], [ [ [ -70.958094495821271, 42.311649392755939 ], [ -70.95434049927259, 42.312989387833284 ], [ -70.951492502993304, 42.313563384169179 ], [ -70.948515512726189, 42.311936380870229 ], [ -70.949680512842932, 42.311075382515789 ], [ -70.952399508067202, 42.310979385883883 ], [ -70.954287111603236, 42.30865222272255 ], [ -70.954340510675195, 42.30858638879382 ], [ -70.957835500958367, 42.309830392802922 ], [ -70.958094495821271, 42.311649392755939 ] ] ], [ [ [ -70.968935366373429, 42.355924399556272 ], [ -70.967257366025606, 42.357068396952648 ], [ -70.967048366620617, 42.356953396667606 ], [ -70.96687524206483, 42.3570557146722 ], [ -70.962365378542145, 42.354975390233434 ], [ -70.958599382807932, 42.355509384703112 ], [ -70.953292405819965, 42.34969737834215 ], [ -70.953022421122071, 42.343972379245024 ], [ -70.960047403553688, 42.346505388511304 ], [ -70.965276383076116, 42.35142339501585 ], [ -70.970024817754478, 42.355283432701214 ], [ -70.968935366373429, 42.355924399556272 ] ] ], [ [ [ -70.977402458673197, 42.312293416501639 ], [ -70.976905223157232, 42.312573669560479 ], [ -70.974156289679897, 42.314123029908878 ], [ -70.970392461840234, 42.316244407274759 ], [ -70.96754545046926, 42.32289440266949 ], [ -70.957268445992653, 42.331660387651588 ], [ -70.95280545619319, 42.330626381953209 ], [ -70.953693461713456, 42.327920383727708 ], [ -70.959130460944763, 42.324571391510531 ], [ -70.963531468458015, 42.318541398261274 ], [ -70.965732477194507, 42.313468401879128 ], [ -70.968968472459466, 42.312989405969681 ], [ -70.971169472889372, 42.311170408949131 ], [ -70.974273469517982, 42.310197412890226 ], [ -70.977219463929089, 42.310248416497942 ], [ -70.977402458673197, 42.312293416501639 ] ] ], [ [ [ -70.989162400076836, 42.328303430214049 ], [ -70.984243408261548, 42.328399423748131 ], [ -70.983078413186377, 42.327155422318519 ], [ -70.983984425357249, 42.321316423949938 ], [ -70.98566742842543, 42.318732426280505 ], [ -70.988774421766209, 42.319211430192254 ], [ -70.988903411138878, 42.323709430117546 ], [ -70.991621400474813, 42.32629343352319 ], [ -70.989162400076836, 42.328303430214049 ] ] ], [ [ [ -71.016643451397812, 42.313730467028741 ], [ -71.011320433578959, 42.316354459766302 ], [ -71.006364412295099, 42.32091045301997 ], [ -71.00030539783738, 42.321281444855259 ], [ -70.999534401005974, 42.319919443851234 ], [ -71.000371402332661, 42.319325444945122 ], [ -71.003251408373501, 42.319523448831127 ], [ -71.006699423671606, 42.316132453513639 ], [ -71.011487449647447, 42.309298460099328 ], [ -71.014601455391855, 42.309868464332212 ], [ -71.017179457009746, 42.311750467800998 ], [ -71.016643451397812, 42.313730467028741 ] ] ], [ [ [ -71.190904912338951, 42.283247711180046 ], [ -71.178636859132226, 42.294594691363287 ], [ -71.16980882608236, 42.300442677850015 ], [ -71.164702806963746, 42.303829670095318 ], [ -71.153691800316551, 42.295745656649657 ], [ -71.152113799360492, 42.294587654703385 ], [ -71.150300793158323, 42.295529652010465 ], [ -71.146883781527421, 42.297279646952255 ], [ -71.140135755397424, 42.302146636748482 ], [ -71.136502738110579, 42.306203631032005 ], [ -71.134359726446718, 42.309251627562112 ], [ -71.131863712021016, 42.313177623476967 ], [ -71.130642706240266, 42.31452962158604 ], [ -71.123711672289431, 42.322715610851319 ], [ -71.12152866476498, 42.323881607727863 ], [ -71.120112663925752, 42.322834605991339 ], [ -71.119539662838292, 42.322744605234867 ], [ -71.116537653409424, 42.323938601013246 ], [ -71.11592964774934, 42.325854599903188 ], [ -71.115563644853907, 42.326779599271291 ], [ -71.114547639002609, 42.328371597669381 ], [ -71.113271627520788, 42.332216595387635 ], [ -71.111413618174524, 42.334524592572258 ], [ -71.11080861443844, 42.335585591612706 ], [ -71.110751613006954, 42.336167591451911 ], [ -71.111551612272166, 42.337298592347274 ], [ -71.110597603172366, 42.34040459062895 ], [ -71.108225593662056, 42.342271587226982 ], [ -71.105516584128068, 42.343811583438473 ], [ -71.10674058188971, 42.346039584736907 ], [ -71.107213580693099, 42.347048585215788 ], [ -71.106894576531033, 42.348587584579789 ], [ -71.106854576058339, 42.34875858450323 ], [ -71.106702574208029, 42.349432584209062 ], [ -71.106570572839217, 42.349911583968783 ], [ -71.11093658144749, 42.350445589606672 ], [ -71.115808591108333, 42.351016595894507 ], [ -71.120286599953104, 42.351556601664953 ], [ -71.121311601990115, 42.351674602985796 ], [ -71.122855605039959, 42.351860604973481 ], [ -71.123518607369121, 42.35148560590094 ], [ -71.124207608900448, 42.351492606800413 ], [ -71.126134615841167, 42.350326609513409 ], [ -71.128728623603308, 42.349462613054932 ], [ -71.12974662726397, 42.348849614493318 ], [ -71.133381639303067, 42.34712161956169 ], [ -71.134254642486326, 42.346576620804441 ], [ -71.135155645752818, 42.346022622086863 ], [ -71.13598564909104, 42.345365623295713 ], [ -71.137824656564987, 42.34387562598549 ], [ -71.138809660548162, 42.343086627427489 ], [ -71.139977665297295, 42.342139629142174 ], [ -71.1412986706666, 42.341069631084778 ], [ -71.141754673203835, 42.34039563181323 ], [ -71.144212679566593, 42.340021635133375 ], [ -71.14477968166004, 42.339656635952871 ], [ -71.146215687188047, 42.338631638050181 ], [ -71.146156689726965, 42.337441638201646 ], [ -71.14726669276277, 42.337200639720002 ], [ -71.148482697624345, 42.336252641518229 ], [ -71.14829569820543, 42.335806641357344 ], [ -71.150104703450566, 42.335281643863432 ], [ -71.149853704339193, 42.334634643657949 ], [ -71.156262727256149, 42.330846652959366 ], [ -71.157036730023236, 42.330389654086922 ], [ -71.160917731448734, 42.333638658577911 ], [ -71.162732734805346, 42.333960660923985 ], [ -71.167565746839273, 42.333440667468253 ], [ -71.168886744446397, 42.335825668694774 ], [ -71.168936738660975, 42.338448668176255 ], [ -71.166740730567142, 42.339853664958724 ], [ -71.166699730126524, 42.340008664870396 ], [ -71.174265725590828, 42.349583672672374 ], [ -71.174798725255897, 42.350264673213303 ], [ -71.173935716273263, 42.353396671364749 ], [ -71.17138770449894, 42.356088667431536 ], [ -71.169474695802265, 42.35804666450457 ], [ -71.167625687097498, 42.360072661655387 ], [ -71.16388868219569, 42.358522657148235 ], [ -71.161508675845354, 42.358971653963614 ], [ -71.159746670073275, 42.359780651507222 ], [ -71.15447565767218, 42.360035644622961 ], [ -71.148332641455653, 42.361118636450428 ], [ -71.14717063742269, 42.361753634822932 ], [ -71.144492624527246, 42.36482163077352 ], [ -71.143667622095222, 42.36508062966054 ], [ -71.139892615065506, 42.364439624912151 ], [ -71.136658602623697, 42.366751620323072 ], [ -71.132373588215287, 42.368890614434527 ], [ -71.13176258466288, 42.369863613480668 ], [ -71.133179582291419, 42.372337614863604 ], [ -71.130997573914215, 42.373891611802748 ], [ -71.128203568367994, 42.373571608287371 ], [ -71.12320456754739, 42.368937602652288 ], [ -71.118960558428597, 42.368759597230458 ], [ -71.117230557669799, 42.367366595224091 ], [ -71.116921563969072, 42.364245595308347 ], [ -71.116936565277513, 42.363676595415527 ], [ -71.116704570183245, 42.361254595489108 ], [ -71.11659757458068, 42.359184595669205 ], [ -71.116681575775118, 42.358735595847321 ], [ -71.117165580757458, 42.356996596744295 ], [ -71.116852583666457, 42.355384596586077 ], [ -71.113196580555396, 42.353109592165886 ], [ -71.110589575808774, 42.352615588835839 ], [ -71.110358575357324, 42.352585588538609 ], [ -71.104316562201731, 42.352402580674784 ], [ -71.103032559070471, 42.352513578982858 ], [ -71.09789054616995, 42.35311957219016 ], [ -71.093002533464855, 42.353893565716341 ], [ -71.091235528505052, 42.354337563358754 ], [ -71.087511517419642, 42.355556558364135 ], [ -71.085175510441317, 42.356332555235944 ], [ -71.077952488861868, 42.358734545593457 ], [ -71.076092481012637, 42.36037954301473 ], [ -71.075657477282022, 42.361612542328089 ], [ -71.07479247051603, 42.363772540995718 ], [ -71.071537455761032, 42.36710953647863 ], [ -71.070644451884476, 42.367948535251536 ], [ -71.070575451582329, 42.368014535156682 ], [ -71.069478446819772, 42.36904553365212 ], [ -71.064059434767614, 42.369000526698088 ], [ -71.067115435336049, 42.3718155303727 ], [ -71.070545441820741, 42.372355534713904 ], [ -71.072466445453273, 42.37265753714312 ], [ -71.072689444693523, 42.373221537374263 ], [ -71.075657435767752, 42.380195540472251 ], [ -71.080701445186733, 42.381038546784566 ], [ -71.080932443259456, 42.382132546960634 ], [ -71.079428437237212, 42.383319544931069 ], [ -71.078727433463527, 42.384305543941757 ], [ -71.077638427600959, 42.385837542408439 ], [ -71.077405426343987, 42.386166542080822 ], [ -71.073496405014865, 42.391795536604029 ], [ -71.072696405457137, 42.390795535696839 ], [ -71.069322390698375, 42.394021531166395 ], [ -71.066944383738218, 42.394754528126747 ], [ -71.067082385621163, 42.394049528361663 ], [ -71.070696403658587, 42.389595533298298 ], [ -71.070896405446419, 42.388995533605815 ], [ -71.065695399156709, 42.386595527272974 ], [ -71.05739537900179, 42.387296516755178 ], [ -71.055524375208307, 42.387118514410993 ], [ -71.055295374744489, 42.387096514124039 ], [ -71.048186361967979, 42.385685505255424 ], [ -71.04728436084379, 42.385283504142187 ], [ -71.044298358780352, 42.383208500493588 ], [ -71.043264355605629, 42.383593499163311 ], [ -71.039262339426728, 42.38683049393395 ], [ -71.038357338072601, 42.386528492808495 ], [ -71.03199532812549, 42.38459648486829 ], [ -71.027712319768767, 42.384040479477299 ], [ -71.022672303527784, 42.386264473039297 ], [ -71.020512295627398, 42.387640470277745 ], [ -71.01779428274034, 42.390696466782856 ], [ -71.016094267365077, 42.395896464538218 ], [ -71.013395257984911, 42.397397461141907 ], [ -71.011272255032452, 42.396588458507523 ], [ -71.011930258366803, 42.395751459341639 ], [ -71.010001254631476, 42.395489456936318 ], [ -71.008945252930289, 42.395191455620825 ], [ -71.00560024817905, 42.393960451450482 ], [ -71.000683230824308, 42.396816445296331 ], [ -70.996767233948603, 42.396412439147426 ], [ -70.995047242386619, 42.393565436396713 ], [ -70.99445424365571, 42.393315435439817 ], [ -70.989771249387076, 42.393239427840115 ], [ -70.987974252501175, 42.392816424947434 ], [ -70.987289262807735, 42.38873342408484 ], [ -70.986053265762493, 42.388115422146285 ], [ -70.986621267343452, 42.387137423116911 ], [ -70.988281265363185, 42.387106425764863 ], [ -70.994239263577199, 42.384646435329351 ], [ -70.994634267466836, 42.382710436003961 ], [ -70.994648270985167, 42.38114943606589 ], [ -70.997994273297508, 42.378196441332342 ], [ -71.000206272119485, 42.377753444706556 ], [ -71.006123289164734, 42.376051452249548 ], [ -71.010363323177586, 42.365030457805133 ], [ -71.001620300261891, 42.364676488858692 ], [ -70.99771931316991, 42.3605614410979 ], [ -70.98803532415684, 42.36187942681488 ], [ -70.985885605169116, 42.3590605743277 ], [ -70.985317336410574, 42.35831542306012 ], [ -70.985739933072921, 42.35793395882768 ], [ -70.989550339008289, 42.35449442941583 ], [ -70.994337333161837, 42.353908436316082 ], [ -70.999577319720885, 42.356407443832225 ], [ -71.003741328314916, 42.356036449311993 ], [ -71.005579351725814, 42.347361451767377 ], [ -71.007807357212315, 42.347144454694075 ], [ -71.02770037633141, 42.358624480391448 ], [ -71.026351366193097, 42.361818478529706 ], [ -71.026463218015095, 42.362204518022814 ], [ -71.026916363119298, 42.363768479191258 ], [ -71.029638370154458, 42.363351482721505 ], [ -71.037999388018704, 42.363752493499511 ], [ -71.041682559949081, 42.36648681583258 ], [ -71.042626390742868, 42.367187499279488 ], [ -71.043733885240314, 42.369910508370815 ], [ -71.044660384156828, 42.372188501601265 ], [ -71.046817683015718, 42.37304026109598 ], [ -71.047018387367999, 42.373119504561295 ], [ -71.050598395947276, 42.372871509155225 ], [ -71.052642405178105, 42.370787511914145 ], [ -71.052619813017913, 42.370696511891509 ], [ -71.052248407834199, 42.369200511518621 ], [ -71.05048040638485, 42.368072509324094 ], [ -71.050352529447537, 42.366254131217786 ], [ -71.050210631758404, 42.364236381522595 ], [ -71.050200780074292, 42.36409629303617 ], [ -71.049896067103987, 42.3597633507148 ], [ -71.049673430163622, 42.356597509039283 ], [ -71.048283702479893, 42.356018046977013 ], [ -71.033966695467441, 42.350048415178172 ], [ -71.013895383042225, 42.341679462787113 ], [ -71.010948675824054, 42.339670657629028 ], [ -71.010926380872519, 42.339655458896956 ], [ -71.010177383857169, 42.337556457934397 ], [ -71.015664411848533, 42.330517465353161 ], [ -71.024151425053475, 42.333158476597653 ], [ -71.03470445857333, 42.328761490848713 ], [ -71.042333472654107, 42.330141500972687 ], [ -71.047648489187551, 42.328086508199185 ], [ -71.047426499075996, 42.323427508193802 ], [ -71.046726499239114, 42.323070252223907 ], [ -71.040030297496116, 42.319652739897997 ], [ -71.033099483131238, 42.316115489255111 ], [ -71.032777488295494, 42.313471488933565 ], [ -71.03689350415415, 42.31051249466443 ], [ -71.037904506604406, 42.310434496044536 ], [ -71.040961509661372, 42.312151500113309 ], [ -71.042335513777871, 42.311692502006323 ], [ -71.042348100990992, 42.311534313972579 ], [ -71.042490518468639, 42.309744502326332 ], [ -71.044832524972904, 42.309192505549383 ], [ -71.047439890535173, 42.303746487176369 ], [ -71.0476165442075, 42.303377509709399 ], [ -71.044495541371731, 42.301495505542128 ], [ -71.045971630001361, 42.299311991072187 ], [ -71.046786554089365, 42.298106508897284 ], [ -71.043732716406581, 42.292957780293591 ], [ -71.043697558736639, 42.292898504942237 ], [ -71.039880551120859, 42.292454499681035 ], [ -71.037974555246123, 42.288674497230566 ], [ -71.039306565336005, 42.285494499247122 ], [ -71.038127687307195, 42.284714545158721 ], [ -71.039080568233317, 42.28396549901089 ], [ -71.039293569085942, 42.283798499316958 ], [ -71.040494576031648, 42.281897501095756 ], [ -71.041594586982441, 42.278097502843309 ], [ -71.042782591883409, 42.277101504567533 ], [ -71.044880598481996, 42.276265507565462 ], [ -71.049802605501299, 42.278099514367391 ], [ -71.053284614693126, 42.277501519298241 ], [ -71.055575625329155, 42.275051522696394 ], [ -71.05349462641793, 42.27245751994942 ], [ -71.053836628883047, 42.271698520486076 ], [ -71.062189657874711, 42.267158532657113 ], [ -71.064695660302021, 42.268606536088129 ], [ -71.065097656629035, 42.270658536481257 ], [ -71.067815661120449, 42.271395540258098 ], [ -71.068140662738443, 42.270999540752896 ], [ -71.072044671961791, 42.270816546288188 ], [ -71.073264675833187, 42.270316548061167 ], [ -71.075246680346439, 42.270299550865985 ], [ -71.076492682692916, 42.270508552607119 ], [ -71.080852695190131, 42.269321558899016 ], [ -71.082761701038621, 42.268633561676559 ], [ -71.089403713676319, 42.269689570960431 ], [ -71.09025872242978, 42.266638572533857 ], [ -71.09373672917323, 42.267135577408162 ], [ -71.093908729552737, 42.267139577651641 ], [ -71.09748374669033, 42.263088583244006 ], [ -71.097899748093255, 42.26288158386307 ], [ -71.103672768206039, 42.259722592516745 ], [ -71.104062768776132, 42.259861593054673 ], [ -71.105001768789165, 42.260803594265099 ], [ -71.108405775781677, 42.261115599077449 ], [ -71.111460783461197, 42.26076860348627 ], [ -71.113260791656216, 42.258925606330209 ], [ -71.113009791619859, 42.258688606006807 ], [ -71.112392791508924, 42.258115605209731 ], [ -71.109544791127846, 42.255411601526944 ], [ -71.109465797671518, 42.252409601847432 ], [ -71.109347804966063, 42.247989611955774 ], [ -71.112057812521584, 42.246584622814673 ], [ -71.114563819447739, 42.245283632873857 ], [ -71.116529824828589, 42.244273640718752 ], [ -71.125670849413765, 42.239526677515883 ], [ -71.126377851279969, 42.239161680356027 ], [ -71.122602847558511, 42.234514697901169 ], [ -71.124587852234725, 42.234011703297639 ], [ -71.125477856093468, 42.231881715167596 ], [ -71.127420860805273, 42.231175721519108 ], [ -71.130749870627724, 42.227910742622448 ], [ -71.1307718706598, 42.227925742580268 ], [ -71.136665879500086, 42.231909731419876 ], [ -71.13924188349263, 42.233659726478948 ], [ -71.142681888952993, 42.235997719856989 ], [ -71.143498887594433, 42.24006470077304 ], [ -71.144069886748241, 42.242818687870972 ], [ -71.146127879310939, 42.252963654457965 ], [ -71.146306877540198, 42.253932654528086 ], [ -71.146642874209292, 42.255754654657871 ], [ -71.150386878842752, 42.257459659686489 ], [ -71.152118880989477, 42.258246662007416 ], [ -71.15595889362551, 42.25648466786221 ], [ -71.15858490254891, 42.255154671902503 ], [ -71.161574903933811, 42.257545675681122 ], [ -71.16339390472487, 42.259022677965838 ], [ -71.167393906627737, 42.262196682981319 ], [ -71.168604907198372, 42.263159684492685 ], [ -71.171541907127022, 42.266141687998982 ], [ -71.174154911051588, 42.267020691506865 ], [ -71.174609909038011, 42.268372691840725 ], [ -71.172953900968793, 42.270297689054935 ], [ -71.173342900607835, 42.270848689479024 ], [ -71.173583899878892, 42.271414689690026 ], [ -71.174847897527584, 42.273728690941788 ], [ -71.174418893605747, 42.275041690034691 ], [ -71.174565892736382, 42.275575690118629 ], [ -71.174972892692296, 42.276003690592567 ], [ -71.177461896366268, 42.276867693891667 ], [ -71.183159911375697, 42.275912702131926 ], [ -71.185307908156133, 42.279496704277292 ], [ -71.185990909080544, 42.279770705167707 ], [ -71.188212912592675, 42.280437708116828 ], [ -71.190753915168983, 42.281839711323592 ], [ -71.191247913689253, 42.282991711723923 ], [ -71.190904912338951, 42.283247711180046 ] ] ] ] } },
{ "type": "Feature", "properties": { "STATEFP": "25", "COUNTYFP": "021", "COUSUBFP": "24820", "NAME": "Foxborough", "NAMELSAD": "Foxborough town", "GEOID": "2502124820" }, "geometry": { "type": "Polygon", "coordinates": [ [ [ -71.289442006819783, 42.059102793654105 ], [ -71.28710001272637, 42.063707769902685 ], [ -71.287561015485096, 42.0738947188472 ], [ -71.287702016307719, 42.07693170363234 ], [ -71.285082022818415, 42.082393675344264 ], [ -71.2850540228863, 42.082448675058487 ], [ -71.284483024271111, 42.083579669181709 ], [ -71.280269033226219, 42.088492643022363 ], [ -71.27173705090658, 42.098445589682939 ], [ -71.26341806574348, 42.101333571925352 ], [ -71.259445072764422, 42.1026955634864 ], [ -71.255502079701643, 42.104078554922069 ], [ -71.253303083667731, 42.105344547601106 ], [ -71.238805078898281, 42.106401522642422 ], [ -71.23888007871308, 42.104206533985469 ], [ -71.223447064910687, 42.090116580503953 ], [ -71.205922054097272, 42.074108632670558 ], [ -71.196375045681322, 42.082468574423032 ], [ -71.195860045493703, 42.081818576852314 ], [ -71.178458043877527, 42.057362670958291 ], [ -71.19263005248375, 42.051825722963166 ], [ -71.208504060406028, 42.045627781440281 ], [ -71.211581061731579, 42.044428792793326 ], [ -71.223894066355882, 42.03961883838312 ], [ -71.235436069699304, 42.035105881282071 ], [ -71.242365071245274, 42.032395907105503 ], [ -71.256861058606972, 42.026731950526788 ], [ -71.258735054775585, 42.02599995458408 ], [ -71.270161031203045, 42.021535979164497 ], [ -71.288265993105981, 42.014463017541203 ], [ -71.288692997833039, 42.030085939155931 ], [ -71.289084002436326, 42.045041864147365 ], [ -71.289442006819783, 42.059102793654105 ] ] ] } },
{ "type": "Feature", "properties": { "STATEFP": "25", "COUNTYFP": "021", "COUSUBFP": "30455", "NAME": "Holbrook", "NAMELSAD": "Holbrook town", "GEOID": "2502130455" }, "geometry": { "type": "Polygon", "coordinates": [ [ [ -71.03171081561068, 42.144907998530272 ], [ -71.029667802774611, 42.15053696808635 ], [ -71.02787579142047, 42.155430941617688 ], [ -71.026911785759395, 42.157783928739903 ], [ -71.021994757703339, 42.169004866915628 ], [ -71.007024736237469, 42.168404846619218 ], [ -71.006450735545258, 42.168318846143144 ], [ -71.002723729838422, 42.168359840172165 ], [ -70.976478772213611, 42.168323824040371 ], [ -70.976758775340031, 42.16646583331913 ], [ -70.98067082133548, 42.13959296686577 ], [ -70.981270828394287, 42.135510987057714 ], [ -71.002152813741745, 42.127304036290901 ], [ -71.001974815148046, 42.12652603973843 ], [ -71.002029815251134, 42.126506039922653 ], [ -71.016723842862618, 42.120753091217956 ], [ -71.021859852140921, 42.1187451091863 ], [ -71.026953848338479, 42.123734093309743 ], [ -71.027449838199573, 42.129567065922942 ], [ -71.027210831740931, 42.132939049248264 ], [ -71.035093836317074, 42.135634048781455 ], [ -71.03171081561068, 42.144907998530272 ] ] ] } },
{ "type": "Feature", "properties": { "STATEFP": "25", "COUNTYFP": "021", "COUSUBFP": "54100", "NAME": "Plainville", "NAMELSAD": "Plainville town", "GEOID": "2502154100" }, "geometry": { "type": "Polygon", "coordinates": [ [ [ -71.381437838951015, 42.000021968845488 ], [ -71.381401810691145, 42.018799009752513 ], [ -71.34741888333329, 42.02854395728 ], [ -71.319549941088866, 42.036421913460615 ], [ -71.314050952301002, 42.037978904660214 ], [ -71.305394969827546, 42.040432890697261 ], [ -71.289084002436326, 42.045041864147365 ], [ -71.288692997833039, 42.030085939155931 ], [ -71.288265993105981, 42.014463017541203 ], [ -71.303616960137177, 42.00858604893461 ], [ -71.326932908370736, 41.999648093266579 ], [ -71.338795876231487, 41.995093084995972 ], [ -71.342822865403065, 41.993547082179219 ], [ -71.364344808244198, 41.985294067061488 ], [ -71.381466484576265, 41.985085388207445 ], [ -71.381437838951015, 42.000021968845488 ] ] ] } },
{ "type": "Feature", "properties": { "STATEFP": "25", "COUNTYFP": "023", "COUSUBFP": "57775", "NAME": "Rockland", "NAMELSAD": "Rockland town", "GEOID": "2502357775" }, "geometry": { "type": "Polygon", "coordinates": [ [ [ -70.940768873506002, 42.151364892247976 ], [ -70.934566880924564, 42.153791877143405 ], [ -70.928462888352115, 42.156183862107213 ], [ -70.924877892791102, 42.157579853251306 ], [ -70.913749906844942, 42.161919825394975 ], [ -70.912889907948141, 42.162255823218125 ], [ -70.893516933504927, 42.169813773442499 ], [ -70.890291936830621, 42.171735761445987 ], [ -70.884311976910524, 42.153718855516715 ], [ -70.900119949989104, 42.151743872935327 ], [ -70.895724980596853, 42.13796594460684 ], [ -70.890030019918754, 42.119817040002381 ], [ -70.889467023744217, 42.118030049452898 ], [ -70.889128032746768, 42.112728077852914 ], [ -70.887555074575374, 42.087957210787003 ], [ -70.90241305401662, 42.08589722313171 ], [ -70.915909008109566, 42.100123149828882 ], [ -70.922691984378346, 42.10727711372062 ], [ -70.927704966563326, 42.112562087370591 ], [ -70.931487952964034, 42.116549067674939 ], [ -70.934629926369013, 42.128347007850806 ], [ -70.940768873506002, 42.151364892247976 ] ] ] } },
{ "type": "Feature", "properties": { "STATEFP": "25", "COUNTYFP": "011", "COUSUBFP": "02095", "NAME": "Ashfield", "NAMELSAD": "Ashfield town", "GEOID": "2501102095" }, "geometry": { "type": "Polygon", "coordinates": [ [ [ -72.877026015869845, 42.555424736055059 ], [ -72.848454063569434, 42.559068733606118 ], [ -72.803604139717862, 42.564563730383725 ], [ -72.775371188584501, 42.568022728734988 ], [ -72.745418217869059, 42.564269730811262 ], [ -72.733088201317997, 42.562750741580189 ], [ -72.761762081290598, 42.463284690683032 ], [ -72.763792078813466, 42.463664691880631 ], [ -72.773601066924627, 42.465539697533963 ], [ -72.773329068535389, 42.466781698332127 ], [ -72.809898024322877, 42.473204716406876 ], [ -72.831493998640354, 42.476997725437542 ], [ -72.831565997854852, 42.47637572527438 ], [ -72.855632969943983, 42.480919734048484 ], [ -72.871135952418271, 42.484040738838928 ], [ -72.875154972815409, 42.507248739124044 ], [ -72.870319996764678, 42.525149737308681 ], [ -72.875460990156341, 42.525896737915254 ], [ -72.876657993980047, 42.531732737663255 ], [ -72.876849002666589, 42.54119673702855 ], [ -72.877026015869845, 42.555424736055059 ] ] ] } },
{ "type": "Feature", "properties": { "STATEFP": "25", "COUNTYFP": "011", "COUSUBFP": "29475", "NAME": "Hawley", "NAMELSAD": "Hawley town", "GEOID": "2501129475" }, "geometry": { "type": "Polygon", "coordinates": [ [ [ -72.95459894514623, 42.6286537288006 ], [ -72.92965798644984, 42.623712730226849 ], [ -72.833422144540179, 42.611178732232105 ], [ -72.848454063569434, 42.559068733606118 ], [ -72.877026015869845, 42.555424736055059 ], [ -72.876849002666589, 42.54119673702855 ], [ -72.975408865177684, 42.556036744018371 ], [ -72.95459894514623, 42.6286537288006 ] ] ] } },
{ "type": "Feature", "properties": { "STATEFP": "25", "COUNTYFP": "011", "COUSUBFP": "61905", "NAME": "Shutesbury", "NAMELSAD": "Shutesbury town", "GEOID": "2501161905" }, "geometry": { "type": "Polygon", "coordinates": [ [ [ -72.48989111241427, 42.433815798966378 ], [ -72.45297913125961, 42.438615795645447 ], [ -72.440884121289969, 42.510401808710668 ], [ -72.368469167980052, 42.502490761126211 ], [ -72.368592172305355, 42.464484774612288 ], [ -72.384775166332957, 42.464634779402132 ], [ -72.382221167091188, 42.463519778941624 ], [ -72.382786166580416, 42.461753779582011 ], [ -72.380833167044571, 42.460072779504273 ], [ -72.382336166164066, 42.458268780402491 ], [ -72.381869165791656, 42.454950781192231 ], [ -72.382593165184346, 42.453067781874879 ], [ -72.37918116589708, 42.448871782316544 ], [ -72.379388165616959, 42.447657782710394 ], [ -72.378035165992713, 42.446416782815888 ], [ -72.379849164832166, 42.443987783853828 ], [ -72.379112164668484, 42.44095578461021 ], [ -72.380569163706497, 42.438991785390321 ], [ -72.375640165517481, 42.436379785505054 ], [ -72.376242164414805, 42.430862787286344 ], [ -72.375093164829593, 42.430008787449722 ], [ -72.374802164531971, 42.427029788371208 ], [ -72.376639163288104, 42.424658789225575 ], [ -72.375022163514672, 42.420818790352442 ], [ -72.483696102937529, 42.407480789113528 ], [ -72.483976103365535, 42.408714789531096 ], [ -72.48989111241427, 42.433815798966378 ] ] ] } },
{ "type": "Feature", "properties": { "STATEFP": "25", "COUNTYFP": "011", "COUSUBFP": "79110", "NAME": "Whately", "NAMELSAD": "Whately town", "GEOID": "2501179110" }, "geometry": { "type": "Polygon", "coordinates": [ [ [ -72.704244054009166, 42.407480662892631 ], [ -72.700877093806582, 42.452919702141926 ], [ -72.657400103255966, 42.458379729222109 ], [ -72.655716105690146, 42.4612507322081 ], [ -72.657374109260175, 42.466008734866179 ], [ -72.656227112526366, 42.4700307384065 ], [ -72.632426116766212, 42.47287675224343 ], [ -72.631496113424319, 42.468268749521279 ], [ -72.623614114718833, 42.469047754003363 ], [ -72.623731115353308, 42.469932754543073 ], [ -72.61472311680609, 42.470840759634889 ], [ -72.611145117360039, 42.471179761634858 ], [ -72.609232112454137, 42.46397475790679 ], [ -72.59400211520051, 42.465788766797523 ], [ -72.585455116718151, 42.466833771758644 ], [ -72.587477113539734, 42.462353768009663 ], [ -72.589123109339809, 42.456332763479828 ], [ -72.589558106731531, 42.452514760911647 ], [ -72.589360104137597, 42.448607758623346 ], [ -72.587930100825247, 42.443375756201561 ], [ -72.581103088107596, 42.42257874751774 ], [ -72.581143088102095, 42.422580747495502 ], [ -72.585585087717845, 42.423143745232885 ], [ -72.622315075649212, 42.415107718331235 ], [ -72.629085073819212, 42.414310713723196 ], [ -72.669138062706722, 42.409710686141231 ], [ -72.704392052305295, 42.405549661209143 ], [ -72.704244054009166, 42.407480662892631 ] ] ] } },
{ "type": "Feature", "properties": { "STATEFP": "25", "COUNTYFP": "013", "COUSUBFP": "13485", "NAME": "Chester", "NAMELSAD": "Chester town", "GEOID": "2501313485" }, "geometry": { "type": "Polygon", "coordinates": [ [ [ -73.000277531537137, 42.312596939129314 ], [ -72.953824651877014, 42.343859847781985 ], [ -72.953271652740256, 42.343829847065408 ], [ -72.895637743058415, 42.340701771028932 ], [ -72.894787733158424, 42.331490771441985 ], [ -72.885207750392325, 42.33261175772094 ], [ -72.880601677433319, 42.265381755514802 ], [ -72.881182675822302, 42.264903756659002 ], [ -72.894565638315868, 42.253811784174097 ], [ -72.912301594686198, 42.239132812394907 ], [ -73.00184944316976, 42.251016999448119 ], [ -73.000277531537137, 42.312596939129314 ] ] ] } },
{ "type": "Feature", "properties": { "STATEFP": "25", "COUNTYFP": "013", "COUSUBFP": "79740", "NAME": "Wilbraham", "NAMELSAD": "Wilbraham town", "GEOID": "2501379740" }, "geometry": { "type": "Polygon", "coordinates": [ [ [ -72.484594920236475, 42.156523625350935 ], [ -72.478229923291735, 42.15340462570385 ], [ -72.475277926992135, 42.153935628173173 ], [ -72.468805932364219, 42.152718630726937 ], [ -72.463607938187636, 42.153052634359057 ], [ -72.460977942137191, 42.154097637298456 ], [ -72.457991946058414, 42.15479464004428 ], [ -72.453260951256084, 42.155013643293607 ], [ -72.449343953454715, 42.153350643595076 ], [ -72.446587956578966, 42.153561645584531 ], [ -72.44417095995496, 42.154305648070768 ], [ -72.440668965520402, 42.1559786524926 ], [ -72.437035969942414, 42.156528655531204 ], [ -72.432589973450291, 42.155524656979999 ], [ -72.430676975449089, 42.15552365818457 ], [ -72.428070979441188, 42.156643661378432 ], [ -72.423564984576956, 42.157021664769822 ], [ -72.419638988729673, 42.15706666733243 ], [ -72.417665988359104, 42.15490966551036 ], [ -72.413499990617211, 42.153045665434689 ], [ -72.409532995617283, 42.153800668997931 ], [ -72.409506999540326, 42.157266674074947 ], [ -72.410615002678327, 42.161086678929195 ], [ -72.410258004767542, 42.162613681387263 ], [ -72.412004007782954, 42.166911686468573 ], [ -72.411082010702742, 42.168654689626237 ], [ -72.411102013396942, 42.171068693121711 ], [ -72.410314017741555, 42.174204698236828 ], [ -72.412376016768974, 42.175241698282917 ], [ -72.409605022454102, 42.177742703901998 ], [ -72.405240028584657, 42.179175709163921 ], [ -72.401040035534095, 42.18149671568284 ], [ -72.397921039892083, 42.182507719501054 ], [ -72.395250045234377, 42.184815724980332 ], [ -72.389044015507537, 42.152415679633748 ], [ -72.389031015440835, 42.152343679530667 ], [ -72.388837014526388, 42.151341678103464 ], [ -72.379438970793643, 42.103133607603162 ], [ -72.414538928916627, 42.099221587297833 ], [ -72.418172915185366, 42.090490573394597 ], [ -72.434541895578477, 42.088688564942309 ], [ -72.460791864062031, 42.085779551862984 ], [ -72.469938853062075, 42.084763547447992 ], [ -72.471086857529357, 42.089721553055362 ], [ -72.473803870105755, 42.103179568210329 ], [ -72.476503882627341, 42.116547582969936 ], [ -72.478552892140016, 42.126683593965133 ], [ -72.480835902768277, 42.137984606026436 ], [ -72.483039913047222, 42.148892617469684 ], [ -72.483919917134699, 42.153228621961901 ], [ -72.484338919135766, 42.155339624143686 ], [ -72.484594920236475, 42.156523625350935 ] ] ] } },
{ "type": "Feature", "properties": { "STATEFP": "25", "COUNTYFP": "003", "COUSUBFP": "00975", "NAME": "Alford", "NAMELSAD": "Alford town", "GEOID": "2500300975" }, "geometry": { "type": "Polygon", "coordinates": [ [ [ -73.442891613787637, 42.263935893892693 ], [ -73.431400162496899, 42.295227351880122 ], [ -73.431083478904881, 42.296089687777872 ], [ -73.415419778847038, 42.292019184997372 ], [ -73.415496781922542, 42.279778208698652 ], [ -73.400006744676887, 42.272512220344922 ], [ -73.402447754242374, 42.25854024792752 ], [ -73.396237788442406, 42.225038222244159 ], [ -73.414358838345521, 42.225231222916634 ], [ -73.414084863936523, 42.212723201085694 ], [ -73.459935219183933, 42.217525890789169 ], [ -73.442891613787637, 42.263935893892693 ] ] ] } },
{ "type": "Feature", "properties": { "STATEFP": "25", "COUNTYFP": "003", "COUSUBFP": "14010", "NAME": "Clarksburg", "NAMELSAD": "Clarksburg town", "GEOID": "2500314010" }, "geometry": { "type": "Polygon", "coordinates": [ [ [ -73.16364187446284, 42.743927679407413 ], [ -73.14267023201981, 42.743511197082334 ], [ -73.089901453652416, 42.742463245681762 ], [ -73.079419383441476, 42.742255079036887 ], [ -73.048442763271325, 42.741639904865906 ], [ -73.059472843825176, 42.708394710560505 ], [ -73.063567839892102, 42.708527710762752 ], [ -73.092059812688959, 42.709460712198457 ], [ -73.096443808522025, 42.709598712424913 ], [ -73.107344798209496, 42.709962712990084 ], [ -73.112493793345209, 42.710127713260746 ], [ -73.112933792914802, 42.710127713285964 ], [ -73.148379759673475, 42.711267715194786 ], [ -73.165903743393343, 42.711831716167907 ], [ -73.16364187446284, 42.743927679407413 ] ] ] } },
{ "type": "Feature", "properties": { "STATEFP": "25", "COUNTYFP": "003", "COUSUBFP": "43300", "NAME": "Mount Washington", "NAMELSAD": "Mount Washington town", "GEOID": "2500343300" }, "geometry": { "type": "Polygon", "coordinates": [ [ [ -73.508142519493362, 42.08625691615709 ], [ -73.497175391567865, 42.116120530633005 ], [ -73.48296360509562, 42.154819343783615 ], [ -73.472522206058812, 42.150434073035555 ], [ -73.436538152300983, 42.11814902522292 ], [ -73.428748114310679, 42.1212630346308 ], [ -73.419952117536511, 42.103846007877401 ], [ -73.425351172105294, 42.089387978917365 ], [ -73.428193201499113, 42.081790963403535 ], [ -73.434663293364579, 42.054586909083618 ], [ -73.43675453122114, 42.050518257202597 ], [ -73.487314554167639, 42.049637857643262 ], [ -73.496879599334477, 42.049674850032694 ], [ -73.50304250003245, 42.069692001414388 ], [ -73.508142519493362, 42.08625691615709 ] ] ] } },
{ "type": "Feature", "properties": { "STATEFP": "25", "COUNTYFP": "003", "COUSUBFP": "53050", "NAME": "Peru", "NAMELSAD": "Peru town", "GEOID": "2500353050" }, "geometry": { "type": "Polygon", "coordinates": [ [ [ -73.084407551622718, 42.409838868002488 ], [ -73.081629555141632, 42.409361867916871 ], [ -73.07875656891035, 42.420591852462103 ], [ -73.079547569335858, 42.422455850179752 ], [ -73.083525564627379, 42.423979848949898 ], [ -73.083036566233289, 42.425016847476847 ], [ -73.081605568568975, 42.425205846956068 ], [ -73.081296568044237, 42.424031848448884 ], [ -73.079531570874707, 42.424216847864038 ], [ -73.077013576521949, 42.426303844661575 ], [ -73.075937578303524, 42.426456844265765 ], [ -73.077844578758999, 42.430325839563132 ], [ -73.08044857672607, 42.432698836867402 ], [ -73.076073595377082, 42.445984818952539 ], [ -73.077143594621049, 42.447160817521947 ], [ -73.079534590731626, 42.447306817543179 ], [ -73.073159620553071, 42.468402789885118 ], [ -73.071428623381635, 42.468030790372168 ], [ -73.067947641137437, 42.480106775165872 ], [ -72.988125769022574, 42.466946786899022 ], [ -72.992642737445365, 42.449093804800455 ], [ -73.009084627794223, 42.387733870556595 ], [ -73.01168261369871, 42.379682879587385 ], [ -73.065771558059907, 42.389110889124701 ], [ -73.068507546722813, 42.380719900687275 ], [ -73.091433522286707, 42.384782904066775 ], [ -73.084407551622718, 42.409838868002488 ] ] ] } },
{ "type": "Feature", "properties": { "STATEFP": "25", "COUNTYFP": "003", "COUSUBFP": "73335", "NAME": "Washington", "NAMELSAD": "Washington town", "GEOID": "2500373335" }, "geometry": { "type": "Polygon", "coordinates": [ [ [ -73.238405344890495, 42.371406985816307 ], [ -73.228772354748543, 42.376619971291113 ], [ -73.224536357047953, 42.391578940104026 ], [ -73.221946358923816, 42.400583921594546 ], [ -73.206358380016582, 42.39813092155002 ], [ -73.201873385717519, 42.413752890994033 ], [ -73.16918543256665, 42.412755884855379 ], [ -73.135638480264987, 42.411958877894328 ], [ -73.140787464974778, 42.393107909152143 ], [ -73.091433522286707, 42.384782904066775 ], [ -73.068507546722813, 42.380719900687275 ], [ -73.064287512066073, 42.339731950040147 ], [ -73.104092473001486, 42.335551978886507 ], [ -73.159466422622714, 42.329737021519804 ], [ -73.159941414971499, 42.304207064627803 ], [ -73.180517404274809, 42.324554043752997 ], [ -73.192027394729962, 42.318513062170723 ], [ -73.236382348998106, 42.36454499882344 ], [ -73.238405344890495, 42.371406985816307 ] ] ] } },
{ "type": "Feature", "properties": { "STATEFP": "25", "COUNTYFP": "007", "COUSUBFP": "01585", "NAME": "Aquinnah", "NAMELSAD": "Aquinnah town", "GEOID": "2500701585" }, "geometry": { "type": "Polygon", "coordinates": [ [ [ -70.838776880107716, 41.347209117160887 ], [ -70.834109391355511, 41.35300432016637 ], [ -70.833801882320486, 41.35338612661014 ], [ -70.833080806061446, 41.353395948111192 ], [ -70.819851872915962, 41.35357613428679 ], [ -70.812308869896754, 41.355745140466603 ], [ -70.808092867046611, 41.35576114270188 ], [ -70.800288859712012, 41.353800144974983 ], [ -70.783859690938982, 41.348028972032104 ], [ -70.783290841546588, 41.347829148902221 ], [ -70.782324375120723, 41.347985675920121 ], [ -70.774973837184689, 41.349176154675305 ], [ -70.768900837548486, 41.35324616131247 ], [ -70.768533912362486, 41.353735991702443 ], [ -70.768300172731188, 41.354048024724939 ], [ -70.765203832534908, 41.351092161599681 ], [ -70.766907830112672, 41.347933158156074 ], [ -70.766356825909156, 41.344596155817321 ], [ -70.768954824187134, 41.341441151790605 ], [ -70.775610823225222, 41.336241143558787 ], [ -70.784872821153272, 41.327989130734686 ], [ -70.784435805142579, 41.313549118464103 ], [ -70.80011182272132, 41.318192111771253 ], [ -70.799905279355826, 41.313117019379305 ], [ -70.802082820196816, 41.314207106662757 ], [ -70.819414846944269, 41.327212107727242 ], [ -70.832648979412951, 41.340880251842975 ], [ -70.837409946911393, 41.34579735531328 ], [ -70.838776880107716, 41.347209117160887 ] ] ] } },
{ "type": "Feature", "properties": { "STATEFP": "25", "COUNTYFP": "015", "COUSUBFP": "26535", "NAME": "Granby", "NAMELSAD": "Granby town", "GEOID": "2501526535" }, "geometry": { "type": "Polygon", "coordinates": [ [ [ -72.558609004344518, 42.280649681806864 ], [ -72.556458005673264, 42.28136368402479 ], [ -72.546930011862528, 42.285140694109337 ], [ -72.543336013743868, 42.285852697502698 ], [ -72.541485014903529, 42.286549699419851 ], [ -72.541105015353565, 42.287054700002344 ], [ -72.539990017415448, 42.289809702371421 ], [ -72.539461019649266, 42.293271704613211 ], [ -72.534897022828034, 42.295678709609561 ], [ -72.533640024241464, 42.297289711461865 ], [ -72.52789002789666, 42.299837717432908 ], [ -72.527961028784318, 42.30145771818416 ], [ -72.52467303097707, 42.303154721683001 ], [ -72.521421031659656, 42.302181723831303 ], [ -72.510191037704161, 42.305568734487643 ], [ -72.506665039445991, 42.306387737692127 ], [ -72.504151039895675, 42.305470739286797 ], [ -72.500745041003057, 42.305165741881865 ], [ -72.499117042587841, 42.306262743562037 ], [ -72.498034042912096, 42.305118743788327 ], [ -72.493586045240193, 42.302267745631511 ], [ -72.487764051366099, 42.304707750580135 ], [ -72.483100055585851, 42.305318753956335 ], [ -72.478860059937105, 42.307040757366892 ], [ -72.464195072623127, 42.308052767343291 ], [ -72.458665066921853, 42.281901765884506 ], [ -72.455000063612573, 42.264563765891182 ], [ -72.449550050688671, 42.238763754318079 ], [ -72.447120040023492, 42.227253741618483 ], [ -72.478335004365263, 42.223810708798517 ], [ -72.498061981782172, 42.221633688505285 ], [ -72.524289963200715, 42.218733664480176 ], [ -72.541263951738102, 42.21698664948461 ], [ -72.546355948303813, 42.216488645053566 ], [ -72.552175969624741, 42.23545665754019 ], [ -72.555133980727206, 42.245138663605132 ], [ -72.555628986935716, 42.250192667570644 ], [ -72.558585004207544, 42.280411681694922 ], [ -72.558609004344518, 42.280649681806864 ] ] ] } },
{ "type": "Feature", "properties": { "STATEFP": "25", "COUNTYFP": "015", "COUSUBFP": "54030", "NAME": "Plainfield", "NAMELSAD": "Plainfield town", "GEOID": "2501554030" }, "geometry": { "type": "Polygon", "coordinates": [ [ [ -72.968582865912552, 42.54001174678406 ], [ -72.979035851373212, 42.541616747528479 ], [ -72.975408865177684, 42.556036744018371 ], [ -72.876849002666589, 42.54119673702855 ], [ -72.876657993980047, 42.531732737663255 ], [ -72.875460990156341, 42.525896737915254 ], [ -72.870319996764678, 42.525149737308681 ], [ -72.875154972815409, 42.507248739124044 ], [ -72.871135952418271, 42.484040738838928 ], [ -72.882254933242834, 42.480686742257326 ], [ -72.979283824319054, 42.497856758560431 ], [ -72.968582865912552, 42.54001174678406 ] ] ] } },
{ "type": "Feature", "properties": { "STATEFP": "25", "COUNTYFP": "027", "COUSUBFP": "03740", "NAME": "Barre", "NAMELSAD": "Barre town", "GEOID": "2502703740" }, "geometry": { "type": "Polygon", "coordinates": [ [ [ -72.205150361102369, 42.417678803658539 ], [ -72.100941662232302, 42.483681722670873 ], [ -72.099688665875973, 42.484522721260383 ], [ -72.033647871903412, 42.439091813718861 ], [ -72.007388953208149, 42.421028857556358 ], [ -72.035081872662573, 42.40391588352422 ], [ -72.112467649381102, 42.356422934215139 ], [ -72.123667614748911, 42.363929915708994 ], [ -72.150882530388529, 42.38189687412698 ], [ -72.205150361102369, 42.417678803658539 ] ] ] } },
{ "type": "Feature", "properties": { "STATEFP": "25", "COUNTYFP": "027", "COUSUBFP": "07525", "NAME": "Boylston", "NAMELSAD": "Boylston town", "GEOID": "2502707525" }, "geometry": { "type": "Polygon", "coordinates": [ [ [ -71.763739647247391, 42.344194927473502 ], [ -71.763508658364159, 42.345688926108252 ], [ -71.759707847624568, 42.370741903795071 ], [ -71.753806959331683, 42.383130892352142 ], [ -71.741920951361635, 42.386849887306887 ], [ -71.725980873483294, 42.390288881744887 ], [ -71.701018743142114, 42.395807872609524 ], [ -71.686806628349544, 42.39156087363483 ], [ -71.6787675656457, 42.389162874286797 ], [ -71.670552503018968, 42.38666487505175 ], [ -71.677795453064419, 42.365153895219294 ], [ -71.676366444203396, 42.364883895252461 ], [ -71.685059350168757, 42.335155922320418 ], [ -71.685952339293564, 42.332100925060502 ], [ -71.68788031502929, 42.32550193095279 ], [ -71.691140334199574, 42.326904930029805 ], [ -71.690966343759527, 42.328958928247125 ], [ -71.697590362066961, 42.327551930053495 ], [ -71.697644370817812, 42.329178928673954 ], [ -71.695478368018158, 42.330267927544142 ], [ -71.698674391906991, 42.332405926027839 ], [ -71.720500431369516, 42.324609934522293 ], [ -71.730214444395116, 42.321137938149548 ], [ -71.731825428723937, 42.317926940856431 ], [ -71.736790438162146, 42.316826942110232 ], [ -71.741746447111822, 42.31572594334866 ], [ -71.741420457266585, 42.317317942068989 ], [ -71.756515436044779, 42.312134950552824 ], [ -71.764457426564547, 42.312862954576396 ], [ -71.763739647247391, 42.344194927473502 ] ] ] } },
{ "type": "Feature", "properties": { "STATEFP": "25", "COUNTYFP": "027", "COUSUBFP": "26430", "NAME": "Grafton", "NAMELSAD": "Grafton town", "GEOID": "2502726430" }, "geometry": { "type": "Polygon", "coordinates": [ [ [ -71.733429968101973, 42.237975000969818 ], [ -71.73123796917848, 42.24128599978647 ], [ -71.717986963729174, 42.245057999257334 ], [ -71.711404959688267, 42.245137999875439 ], [ -71.704659958022702, 42.248361997477453 ], [ -71.674455950873863, 42.25236499442078 ], [ -71.674172939368589, 42.248590998599205 ], [ -71.670932934096783, 42.244701004706222 ], [ -71.662591929951319, 42.245941003548381 ], [ -71.650171923848433, 42.247798001151459 ], [ -71.648405920430392, 42.245145006338653 ], [ -71.648290919881035, 42.244600007396265 ], [ -71.64466690270099, 42.227690041294352 ], [ -71.64443890161354, 42.226626043497063 ], [ -71.637276858156, 42.183239137885309 ], [ -71.64266386142657, 42.182545133050695 ], [ -71.64921886542264, 42.1817011269952 ], [ -71.641290853627297, 42.174875150287875 ], [ -71.641411853447295, 42.174572150747565 ], [ -71.642709854001026, 42.17412014996448 ], [ -71.646299855543219, 42.172871147692305 ], [ -71.642168846107836, 42.165662167786373 ], [ -71.672327868787391, 42.165770123700689 ], [ -71.673457869635243, 42.165772122054079 ], [ -71.679010873807542, 42.165789113953529 ], [ -71.691418880931678, 42.163108099085079 ], [ -71.695204893956088, 42.175789079205082 ], [ -71.718614908955558, 42.172967051184315 ], [ -71.719263911256746, 42.175352048626159 ], [ -71.722597923260523, 42.187946036092299 ], [ -71.723535926609799, 42.191484032827113 ], [ -71.724786931938482, 42.197365027932129 ], [ -71.730195954700733, 42.222780009658507 ], [ -71.731380959630187, 42.228349006279878 ], [ -71.733429968101973, 42.237975000969818 ] ] ] } },
{ "type": "Feature", "properties": { "STATEFP": "25", "COUNTYFP": "027", "COUSUBFP": "31435", "NAME": "Hubbardston", "NAMELSAD": "Hubbardston town", "GEOID": "2502731435" }, "geometry": { "type": "Polygon", "coordinates": [ [ [ -72.082039717401585, 42.495622701780661 ], [ -72.03961375834443, 42.522439636937904 ], [ -72.001380779133228, 42.546613574638982 ], [ -71.979686968572977, 42.532309622629988 ], [ -71.949794274613069, 42.511885686328739 ], [ -71.948360290349257, 42.510908689213274 ], [ -71.933975453634659, 42.501104717322498 ], [ -71.919836547017596, 42.491446740494482 ], [ -71.933192434163473, 42.482922750376659 ], [ -71.920294505233485, 42.474538769173186 ], [ -71.965443175639862, 42.446606810100505 ], [ -71.981283078108859, 42.436948827435081 ], [ -72.007388953208149, 42.421028857556358 ], [ -72.033647871903412, 42.439091813718861 ], [ -72.099688665875973, 42.484522721260383 ], [ -72.082039717401585, 42.495622701780661 ] ] ] } },
{ "type": "Feature", "properties": { "STATEFP": "25", "COUNTYFP": "027", "COUSUBFP": "50670", "NAME": "Oakham", "NAMELSAD": "Oakham town", "GEOID": "2502750670" }, "geometry": { "type": "Polygon", "coordinates": [ [ [ -72.112467649381102, 42.356422934215139 ], [ -72.035081872662573, 42.40391588352422 ], [ -72.018158928054277, 42.369293961229772 ], [ -71.993781001443011, 42.319336074183653 ], [ -71.98940700868711, 42.310188090864372 ], [ -72.041168868385313, 42.308697068634181 ], [ -72.112467649381102, 42.356422934215139 ] ] ] } },
{ "type": "Feature", "properties": { "STATEFP": "25", "COUNTYFP": "027", "COUSUBFP": "58825", "NAME": "Rutland", "NAMELSAD": "Rutland town", "GEOID": "2502758825" }, "geometry": { "type": "Polygon", "coordinates": [ [ [ -72.035081872662573, 42.40391588352422 ], [ -72.007388953208149, 42.421028857556358 ], [ -71.981283078108859, 42.436948827435081 ], [ -71.965443175639862, 42.446606810100505 ], [ -71.906038418826782, 42.407103883328986 ], [ -71.887762465142373, 42.394949900702414 ], [ -71.92352925950091, 42.371686945565926 ], [ -71.928860233118371, 42.36820295306039 ], [ -71.928112232693223, 42.366700955479672 ], [ -71.91876922176769, 42.347982984591063 ], [ -71.920624215442004, 42.347577986005099 ], [ -71.953957100979039, 42.333528025617966 ], [ -71.971656053919517, 42.329139042627247 ], [ -71.993781001443011, 42.319336074183653 ], [ -72.018158928054277, 42.369293961229772 ], [ -72.035081872662573, 42.40391588352422 ] ] ] } },
{ "type": "Feature", "properties": { "STATEFP": "25", "COUNTYFP": "027", "COUSUBFP": "75155", "NAME": "West Boylston", "NAMELSAD": "West Boylston town", "GEOID": "2502775155" }, "geometry": { "type": "Polygon", "coordinates": [ [ [ -71.817779816760449, 42.40395588108715 ], [ -71.786553929146621, 42.398978883338849 ], [ -71.77765597820391, 42.400409881026377 ], [ -71.770292011178654, 42.400387880288356 ], [ -71.763306042450822, 42.400366879586699 ], [ -71.741917993286293, 42.392772882638283 ], [ -71.741920951361635, 42.386849887306887 ], [ -71.753806959331683, 42.383130892352142 ], [ -71.759707847624568, 42.370741903795071 ], [ -71.763508658364159, 42.345688926108252 ], [ -71.763739647247391, 42.344194927473502 ], [ -71.764457426564547, 42.312862954576396 ], [ -71.767200423978579, 42.31322595585425 ], [ -71.7682684084904, 42.311259958195798 ], [ -71.770418427199175, 42.314582956512488 ], [ -71.775126466669988, 42.321860952552541 ], [ -71.779720503185871, 42.32896194832837 ], [ -71.783236539531927, 42.335913943400811 ], [ -71.785895566137, 42.341186939481894 ], [ -71.786162564382522, 42.341023939754521 ], [ -71.799220481799679, 42.333054953665254 ], [ -71.80204346484696, 42.331344956808458 ], [ -71.804346503606908, 42.339018949676053 ], [ -71.805481522368254, 42.342809946080223 ], [ -71.810574603143763, 42.359782929408425 ], [ -71.824163792009685, 42.404853880559017 ], [ -71.817779816760449, 42.40395588108715 ] ] ] } },
{ "type": "Feature", "properties": { "STATEFP": "25", "COUNTYFP": "005", "COUSUBFP": "56375", "NAME": "Rehoboth", "NAMELSAD": "Rehoboth town", "GEOID": "2500556375" }, "geometry": { "type": "Polygon", "coordinates": [ [ [ -71.300719782777676, 41.903661893154215 ], [ -71.268505845289312, 41.907196898425617 ], [ -71.255509870732965, 41.908628900538751 ], [ -71.222494877613656, 41.912244885828223 ], [ -71.208162864814994, 41.908852869180052 ], [ -71.193893863759882, 41.910765861144355 ], [ -71.190730830266304, 41.896769839460276 ], [ -71.186788787975544, 41.87933881383865 ], [ -71.203463802260671, 41.881843824673545 ], [ -71.202217783348274, 41.87373881193087 ], [ -71.201561773356062, 41.869472805314601 ], [ -71.201136766868103, 41.866708801061279 ], [ -71.193568647989565, 41.816828728794867 ], [ -71.193537647294093, 41.816536728392947 ], [ -71.188140570710601, 41.785424688048138 ], [ -71.187776565095177, 41.783156685234793 ], [ -71.222663592214857, 41.780112657129401 ], [ -71.283588564592165, 41.774802627814914 ], [ -71.292456553224127, 41.774880628062178 ], [ -71.293047569872428, 41.784089646990694 ], [ -71.294799619060186, 41.811413703178765 ], [ -71.296220658478816, 41.833445748512396 ], [ -71.296598668988509, 41.83933776064007 ], [ -71.298499721587135, 41.868951821622119 ], [ -71.298872732036898, 41.874854833782791 ], [ -71.300719782777676, 41.903661893154215 ] ] ] } },
{ "type": "Feature", "properties": { "STATEFP": "25", "COUNTYFP": "017", "COUSUBFP": "01955", "NAME": "Ashby", "NAMELSAD": "Ashby town", "GEOID": "2501701955" }, "geometry": { "type": "Polygon", "coordinates": [ [ [ -71.898770183144208, 42.711421206319422 ], [ -71.823802658185329, 42.709394679365673 ], [ -71.805390261016555, 42.708896953967972 ], [ -71.77255708939461, 42.708009404750669 ], [ -71.774363630965041, 42.672227570416055 ], [ -71.77575595709105, 42.644229604432766 ], [ -71.775326046972211, 42.636662614646546 ], [ -71.794186991349747, 42.637024591964689 ], [ -71.844843844430827, 42.637984530702376 ], [ -71.858483844582324, 42.633814521769125 ], [ -71.856814608977274, 42.66083547726091 ], [ -71.856393549129464, 42.667642466125848 ], [ -71.857757481836089, 42.674981451642488 ], [ -71.863754433910543, 42.679550435329851 ], [ -71.865751392297, 42.684110424463491 ], [ -71.869778391860905, 42.683646419529879 ], [ -71.877450337347028, 42.689285398250234 ], [ -71.897103211496187, 42.703727341622596 ], [ -71.898770183144208, 42.711421206319422 ] ] ] } },
{ "type": "Feature", "properties": { "STATEFP": "25", "COUNTYFP": "001", "COUSUBFP": "51440", "NAME": "Orleans", "NAMELSAD": "Orleans town", "GEOID": "2500151440" }, "geometry": { "type": "Polygon", "coordinates": [ [ [ -70.022708428111017, 41.788352808378505 ], [ -70.022536429388126, 41.789433808636261 ], [ -70.015509436911429, 41.796042816393104 ], [ -70.00893955830368, 41.800466258687052 ], [ -70.006209440483246, 41.799712826082967 ], [ -70.005019442237128, 41.801432827305774 ], [ -70.004560441219084, 41.800504827773807 ], [ -69.99635943850808, 41.799549835569586 ], [ -69.995200436948707, 41.798460836592497 ], [ -69.993237436338589, 41.798606838272548 ], [ -69.987410437915159, 41.802440843096953 ], [ -69.982891430444695, 41.796687847255939 ], [ -69.979942425615192, 41.792908850033584 ], [ -69.972274434280394, 41.804896855760418 ], [ -69.966952433987103, 41.806845860075263 ], [ -69.965623435093264, 41.808589861027563 ], [ -69.963930437513639, 41.811904862119114 ], [ -69.959635438578019, 41.814988865347331 ], [ -69.956723437400115, 41.815060867731994 ], [ -69.953165433936277, 41.812933870913398 ], [ -69.939323425999476, 41.810552882712635 ], [ -69.938180403130033, 41.810369977138976 ], [ -69.938025424544023, 41.809507883953898 ], [ -69.928653357088336, 41.74125090619232 ], [ -69.92850535698706, 41.722510964129086 ], [ -69.936349332398422, 41.723239906673093 ], [ -69.950676337728041, 41.724599891781324 ], [ -69.988519347103392, 41.724994853891701 ], [ -69.9916353535193, 41.728659849411741 ], [ -69.991780353977745, 41.728932849165567 ], [ -70.002010365650904, 41.7355548361679 ], [ -70.000647370011549, 41.738061836902325 ], [ -69.997577374105376, 41.740943839002014 ], [ -69.995031380786443, 41.745646839745945 ], [ -69.993189383501118, 41.747699840768838 ], [ -70.000334396700623, 41.75765483280221 ], [ -70.005378403041306, 41.764626826837855 ], [ -70.005366407507054, 41.768815826863197 ], [ -70.008426414173314, 41.775354823457981 ], [ -70.01145642070513, 41.781530820229086 ], [ -70.013105422646277, 41.783353818482269 ], [ -70.018891425477946, 41.786032812332479 ], [ -70.023031584080343, 41.788195295300895 ], [ -70.022708428111017, 41.788352808378505 ] ] ] } },
{ "type": "Feature", "properties": { "STATEFP": "25", "COUNTYFP": "027", "COUSUBFP": "02760", "NAME": "Auburn", "NAMELSAD": "Auburn town", "GEOID": "2502702760" }, "geometry": { "type": "Polygon", "coordinates": [ [ [ -71.893625919577033, 42.194189067580616 ], [ -71.876218948871568, 42.214982079283807 ], [ -71.866010963195677, 42.225983082184548 ], [ -71.856632964555914, 42.226676076020723 ], [ -71.854364964941809, 42.22690007455418 ], [ -71.853914965010432, 42.22693807425744 ], [ -71.842590966865458, 42.228053066790793 ], [ -71.838427967526215, 42.228468063992942 ], [ -71.83526196801725, 42.22878206184388 ], [ -71.825366969489266, 42.22975505501028 ], [ -71.819639970303001, 42.23031705097717 ], [ -71.809892971296975, 42.230934043866938 ], [ -71.806715964666765, 42.22386103925021 ], [ -71.803834962096545, 42.220926036406283 ], [ -71.802874960695746, 42.219351035325118 ], [ -71.798677954784452, 42.212534030927777 ], [ -71.797106952698414, 42.210053029427584 ], [ -71.79632995205229, 42.20923602880179 ], [ -71.810194933058384, 42.191491030543745 ], [ -71.831504899860917, 42.164253024789147 ], [ -71.834924894021157, 42.159829022883777 ], [ -71.837875893145139, 42.159940023333007 ], [ -71.85592688785249, 42.160624026210336 ], [ -71.858096887222985, 42.160706026570708 ], [ -71.875802893035214, 42.170120037686807 ], [ -71.895135916944767, 42.192425066308211 ], [ -71.893625919577033, 42.194189067580616 ] ] ] } },
{ "type": "Feature", "properties": { "STATEFP": "25", "COUNTYFP": "027", "COUSUBFP": "68155", "NAME": "Sturbridge", "NAMELSAD": "Sturbridge town", "GEOID": "2502768155" }, "geometry": { "type": "Polygon", "coordinates": [ [ [ -72.135715295773366, 42.030244973566482 ], [ -72.135491327660816, 42.052929680973641 ], [ -72.135388342035853, 42.063145702181089 ], [ -72.135180370720235, 42.083513744463687 ], [ -72.135112380784292, 42.090664759302534 ], [ -72.135082409619372, 42.111444802241124 ], [ -72.135086410104705, 42.11180280297603 ], [ -72.135042450079197, 42.14060186248647 ], [ -72.135011479481847, 42.16178390625506 ], [ -72.111519546389957, 42.164454936464274 ], [ -72.108680535252518, 42.151587913004775 ], [ -72.086752597785093, 42.15443594198814 ], [ -72.089415609929986, 42.167138965196692 ], [ -72.077352644752267, 42.168605980863404 ], [ -72.072449659054485, 42.169278987384146 ], [ -72.029440784044212, 42.174426042947871 ], [ -72.024015743292139, 42.141785982557387 ], [ -72.046816672191895, 42.134924944455349 ], [ -72.046607671082569, 42.133913942622392 ], [ -72.045611665869572, 42.129150934001188 ], [ -72.042268647706209, 42.112879904512525 ], [ -72.042014646315565, 42.111644902276183 ], [ -72.040498637838041, 42.104188888760916 ], [ -72.046116622587263, 42.103517881368298 ], [ -72.046762620835253, 42.103440880518377 ], [ -72.052096583065676, 42.088417844227877 ], [ -72.053202572127859, 42.083346832715428 ], [ -72.053406570248612, 42.082494830761114 ], [ -72.05715556211247, 42.083164828072654 ], [ -72.059023556606363, 42.082594824892581 ], [ -72.060865546149174, 42.078877815327104 ], [ -72.059410541844059, 42.07396080688499 ], [ -72.060565535608262, 42.071814801260039 ], [ -72.062839531323419, 42.072590800374734 ], [ -72.066425521815205, 42.072085795455074 ], [ -72.07443548115684, 42.058459758931903 ], [ -72.099725636415357, 42.028801040097797 ], [ -72.102169148412784, 42.028899128973883 ], [ -72.135687295837542, 42.030244633914982 ], [ -72.135715295773366, 42.030244973566482 ] ] ] } },
{ "type": "Feature", "properties": { "STATEFP": "25", "COUNTYFP": "009", "COUSUBFP": "26150", "NAME": "Gloucester", "NAMELSAD": "Gloucester city", "GEOID": "2500926150" }, "geometry": { "type": "Polygon", "coordinates": [ [ [ -70.750474336013028, 42.62881293398123 ], [ -70.739570272022974, 42.642395945076629 ], [ -70.738266261647397, 42.644515946548459 ], [ -70.732455215643526, 42.653959952813381 ], [ -70.731981215084289, 42.654175953252654 ], [ -70.7250345285847, 42.665201224151232 ], [ -70.719152178982498, 42.663748964933284 ], [ -70.705831229581662, 42.658243976280943 ], [ -70.695941257480669, 42.655823985010002 ], [ -70.691230264453594, 42.655788989144568 ], [ -70.688768285788385, 42.652608991614201 ], [ -70.684629296149168, 42.65181199539434 ], [ -70.683390800377623, 42.653192573190047 ], [ -70.682293284962839, 42.65441599715637 ], [ -70.679917255417294, 42.660334998448675 ], [ -70.681298247042477, 42.661477997116002 ], [ -70.681381242553172, 42.662261996943514 ], [ -70.676096228632076, 42.666156000834491 ], [ -70.673136230835482, 42.666544003232453 ], [ -70.671692500110993, 42.667732455629633 ], [ -70.666847211489653, 42.671721007452717 ], [ -70.663547183968134, 42.677602008896123 ], [ -70.657436171659995, 42.681518012756122 ], [ -70.654388175355322, 42.681689015044689 ], [ -70.649076161813198, 42.685642018032077 ], [ -70.647110152732424, 42.687856018881298 ], [ -70.645055152154583, 42.688542020198042 ], [ -70.643602160114852, 42.6874930215739 ], [ -70.643222173666913, 42.685114022559958 ], [ -70.641404056236439, 42.685052860905088 ], [ -70.641379176827186, 42.685052023959294 ], [ -70.640618956519774, 42.685834952389989 ], [ -70.644017283907502, 42.664675027953578 ], [ -70.643785328919904, 42.656482030557115 ], [ -70.643156436448265, 42.636920036912642 ], [ -70.643080449072215, 42.63462303766805 ], [ -70.639757459813424, 42.633486041244431 ], [ -70.622664514897522, 42.627598060177661 ], [ -70.618007075805494, 42.626011949524376 ], [ -70.617921532739018, 42.625467065789529 ], [ -70.620484542401243, 42.623031064166128 ], [ -70.627172542624479, 42.621337057963643 ], [ -70.632216560524995, 42.616794054345533 ], [ -70.632302752072235, 42.610112137869827 ], [ -70.632331608679834, 42.607875057293896 ], [ -70.635634645852747, 42.600242056221454 ], [ -70.635814365652479, 42.600072535480258 ], [ -70.641696669342494, 42.594524051166552 ], [ -70.646086676549302, 42.592204046799687 ], [ -70.648039699584402, 42.587548045826601 ], [ -70.654726720580641, 42.582233039276204 ], [ -70.66488671826545, 42.580435027462293 ], [ -70.66603669674916, 42.584081025357371 ], [ -70.66389767616964, 42.58828102703778 ], [ -70.659619660225133, 42.592130031186471 ], [ -70.657004629809322, 42.598254032760494 ], [ -70.658906598548967, 42.603503029417418 ], [ -70.663396178829416, 42.607279555443519 ], [ -70.665561559171834, 42.609101020946341 ], [ -70.670658474557527, 42.608382400772669 ], [ -70.676732553513403, 42.607526009105513 ], [ -70.676494577145078, 42.603328009998926 ], [ -70.681485585425307, 42.600703004816644 ], [ -70.684337607211745, 42.59615400216029 ], [ -70.680802626615758, 42.593463006538066 ], [ -70.684501647737775, 42.588857002821278 ], [ -70.687608736869066, 42.586325434416715 ], [ -70.688075659644568, 42.585944998934004 ], [ -70.69293166345166, 42.584212993330205 ], [ -70.698573694998402, 42.577391986989973 ], [ -70.708190693845879, 42.575573975283547 ], [ -70.710348708323522, 42.572566972644104 ], [ -70.715328702896471, 42.57229452016999 ], [ -70.716092694062809, 42.573889965546243 ], [ -70.715165683410149, 42.575957966727884 ], [ -70.716263664361975, 42.579080965452441 ], [ -70.717110649568482, 42.581504964489419 ], [ -70.723515625782724, 42.584323956945674 ], [ -70.733843591574569, 42.588104945037742 ], [ -70.74045457260145, 42.589994937526498 ], [ -70.74564951087936, 42.599574932922962 ], [ -70.746610500109867, 42.601228932100703 ], [ -70.757430384683261, 42.620147946782126 ], [ -70.750474336013028, 42.62881293398123 ] ] ] } },
{ "type": "Feature", "properties": { "STATEFP": "25", "COUNTYFP": "013", "COUSUBFP": "26675", "NAME": "Granville", "NAMELSAD": "Granville town", "GEOID": "2501326675" }, "geometry": { "type": "Polygon", "coordinates": [ [ [ -72.98191246133014, 42.136693844474422 ], [ -72.895662538172644, 42.123916697753494 ], [ -72.853896566849798, 42.115005628226143 ], [ -72.839318575405628, 42.111726604542561 ], [ -72.837211566088953, 42.102217596762969 ], [ -72.833438559551624, 42.094329587519553 ], [ -72.832405548118714, 42.08417158129145 ], [ -72.8344865396774, 42.078123581323233 ], [ -72.835730534717058, 42.074507581296174 ], [ -72.83894152691262, 42.069263583080442 ], [ -72.836555520043603, 42.062319576530641 ], [ -72.834127516449882, 42.058328571452058 ], [ -72.834969429846041, 42.0367486610782 ], [ -72.847141487388555, 42.036893577122918 ], [ -72.863618483516191, 42.037708597637952 ], [ -72.863637894297852, 42.037708767931811 ], [ -72.863732483484213, 42.037709597777521 ], [ -72.924229209214346, 42.038129713909726 ], [ -72.978978084664604, 42.038509914585873 ], [ -72.970274461076642, 42.078605768254917 ], [ -72.98191246133014, 42.136693844474422 ] ] ] } },
{ "type": "Feature", "properties": { "STATEFP": "25", "COUNTYFP": "009", "COUSUBFP": "41095", "NAME": "Middleton", "NAMELSAD": "Middleton town", "GEOID": "2500941095" }, "geometry": { "type": "Polygon", "coordinates": [ [ [ -71.058765581585732, 42.609076538228955 ], [ -71.055648501776261, 42.622880536668667 ], [ -71.054557473968345, 42.627651536017481 ], [ -71.043344411153313, 42.632520518134967 ], [ -71.022309290799114, 42.641635483277312 ], [ -70.985937324994296, 42.622040415612474 ], [ -70.981659328587426, 42.621559406835097 ], [ -70.978498329731536, 42.621475400351692 ], [ -70.976554333834045, 42.620814396354533 ], [ -70.976066332337822, 42.621101395358231 ], [ -70.982255355663483, 42.616677407998388 ], [ -70.983698372500996, 42.613598410928169 ], [ -70.985191382852847, 42.611680413978583 ], [ -70.982486397118691, 42.609228408384148 ], [ -70.98081341304588, 42.606438404902953 ], [ -70.975939421916138, 42.60504739483509 ], [ -70.973280433843229, 42.603019389315655 ], [ -70.970710435364111, 42.60285338400972 ], [ -70.96872444578139, 42.601070379873903 ], [ -70.966187446266332, 42.601089374636437 ], [ -70.964807455015389, 42.599581371751206 ], [ -70.96588545798673, 42.599004373964561 ], [ -70.974371480911529, 42.594538391418894 ], [ -70.986058493191194, 42.59183141557417 ], [ -70.985581504143894, 42.589885414567291 ], [ -70.987325509242154, 42.588893418172681 ], [ -70.988088512818777, 42.588217419748808 ], [ -70.991645521766529, 42.58645242711367 ], [ -70.990828543623778, 42.58256042539449 ], [ -70.99130154993702, 42.58140442637017 ], [ -70.989836552709463, 42.580972423322955 ], [ -70.992637574253905, 42.576972429124162 ], [ -70.993446590921337, 42.573938430794165 ], [ -70.994469599315025, 42.572381432919272 ], [ -70.9967666048436, 42.571279437704064 ], [ -70.996362616795182, 42.569148436856509 ], [ -70.9978346278901, 42.567082439924512 ], [ -71.001964641007106, 42.565610447200761 ], [ -71.002812655835399, 42.563359448362121 ], [ -71.004021649074133, 42.565194450078721 ], [ -71.008391667478307, 42.564070456158575 ], [ -71.015321665884656, 42.567934466095089 ], [ -71.02092867766045, 42.568692474088543 ], [ -71.023250675155879, 42.570390477552913 ], [ -71.024444684081402, 42.569355479140683 ], [ -71.029209694335037, 42.569973485984164 ], [ -71.029374697705691, 42.56942548614726 ], [ -71.029809721526263, 42.565156486199228 ], [ -71.034846733837583, 42.565499493307662 ], [ -71.035459710617857, 42.57025849491724 ], [ -71.030979685218412, 42.572653488870301 ], [ -71.028311669992533, 42.574081485224028 ], [ -71.03399762642637, 42.585492495138162 ], [ -71.057424599165984, 42.604743534982973 ], [ -71.059351597283069, 42.606326538438736 ], [ -71.058765581585732, 42.609076538228955 ] ] ] } },
{ "type": "Feature", "properties": { "STATEFP": "25", "COUNTYFP": "015", "COUSUBFP": "79915", "NAME": "Williamsburg", "NAMELSAD": "Williamsburg town", "GEOID": "2501579915" }, "geometry": { "type": "Polygon", "coordinates": [ [ [ -72.77353200357426, 42.401526650544788 ], [ -72.770301051012467, 42.44469968035073 ], [ -72.757758070189041, 42.445882674114273 ], [ -72.700877093806582, 42.452919702141926 ], [ -72.704244054009166, 42.407480662892631 ], [ -72.704392052305295, 42.405549661209143 ], [ -72.669138062706722, 42.409710686141231 ], [ -72.672126030985893, 42.371352654965307 ], [ -72.675310029833483, 42.370949652487461 ], [ -72.723716011853782, 42.364914614313037 ], [ -72.741217005103735, 42.362729600243235 ], [ -72.777141954877123, 42.358243623201844 ], [ -72.77353200357426, 42.401526650544788 ] ] ] } },
{ "type": "Feature", "properties": { "STATEFP": "25", "COUNTYFP": "027", "COUSUBFP": "34795", "NAME": "Leicester", "NAMELSAD": "Leicester town", "GEOID": "2502734795" }, "geometry": { "type": "Polygon", "coordinates": [ [ [ -71.960535029429323, 42.281425129082017 ], [ -71.908188082714275, 42.283636086047878 ], [ -71.885642107786325, 42.284579067916596 ], [ -71.88404409818078, 42.281253071759565 ], [ -71.876727052499135, 42.266692087632748 ], [ -71.875368043289754, 42.263983090459391 ], [ -71.863686980938027, 42.240721092536049 ], [ -71.858776969445799, 42.230944080855117 ], [ -71.856632964555914, 42.226676076020723 ], [ -71.866010963195677, 42.225983082184548 ], [ -71.876218948871568, 42.214982079283807 ], [ -71.893625919577033, 42.194189067580616 ], [ -71.895135916944767, 42.192425066308211 ], [ -71.89717391634278, 42.192280066997697 ], [ -71.916970910351949, 42.190862073412227 ], [ -71.925799907595717, 42.190224076105864 ], [ -71.939356903261526, 42.189238080039367 ], [ -71.941889919521103, 42.200262097601581 ], [ -71.946281948276678, 42.219380129224106 ], [ -71.948928966024852, 42.230951149073491 ], [ -71.954656003109946, 42.255855173099668 ], [ -71.960535029429323, 42.281425129082017 ] ] ] } },
{ "type": "Feature", "properties": { "STATEFP": "25", "COUNTYFP": "011", "COUSUBFP": "05560", "NAME": "Bernardston", "NAMELSAD": "Bernardston town", "GEOID": "2501105560" }, "geometry": { "type": "Polygon", "coordinates": [ [ [ -72.598620111246333, 42.730740482607821 ], [ -72.570288118283372, 42.729954410956033 ], [ -72.565356069063753, 42.729817571127185 ], [ -72.516710613724243, 42.728467901196403 ], [ -72.496201529002661, 42.678615157443637 ], [ -72.48950158542371, 42.662389105635967 ], [ -72.540784729074645, 42.655661063525393 ], [ -72.543675737311531, 42.655808059258426 ], [ -72.554117771113923, 42.654697041295648 ], [ -72.585794871645504, 42.650907987276668 ], [ -72.593490871320469, 42.664826992828154 ], [ -72.589335843384944, 42.673535010636428 ], [ -72.598620111246333, 42.730740482607821 ] ] ] } },
{ "type": "Feature", "properties": { "STATEFP": "25", "COUNTYFP": "005", "COUSUBFP": "49970", "NAME": "Norton", "NAMELSAD": "Norton town", "GEOID": "2500549970" }, "geometry": { "type": "Polygon", "coordinates": [ [ [ -71.25928999550429, 41.974217034670701 ], [ -71.235162031807576, 41.983386028992413 ], [ -71.221470042573813, 41.988578016195405 ], [ -71.210518051701257, 41.992749004842672 ], [ -71.206792054892105, 41.994163000739434 ], [ -71.202284058825455, 41.995876995622247 ], [ -71.190908067634396, 41.999579981083507 ], [ -71.182435068021789, 42.002334954890181 ], [ -71.168271065034176, 42.008477899004049 ], [ -71.158705062110471, 42.01262486139953 ], [ -71.156451069390926, 42.001042915384652 ], [ -71.12346306196622, 41.996381859885609 ], [ -71.102329054367928, 41.993390822135375 ], [ -71.100855053733184, 41.993151819544046 ], [ -71.126126984264133, 41.966627845114481 ], [ -71.14407594240329, 41.949251855409877 ], [ -71.155190917868282, 41.93846485825933 ], [ -71.155409917402324, 41.938254858290989 ], [ -71.158772912121393, 41.935770859401295 ], [ -71.165049902932182, 41.931323861179351 ], [ -71.193893863759882, 41.910765861144355 ], [ -71.208162864814994, 41.908852869180052 ], [ -71.235636949018968, 41.943956955736525 ], [ -71.237109953301001, 41.94584896100568 ], [ -71.243383971122114, 41.953845984026344 ], [ -71.25558899317474, 41.96946602465048 ], [ -71.25928999550429, 41.974217034670701 ] ] ] } },
{ "type": "Feature", "properties": { "STATEFP": "25", "COUNTYFP": "013", "COUSUBFP": "28075", "NAME": "Hampden", "NAMELSAD": "Hampden town", "GEOID": "2501328075" }, "geometry": { "type": "Polygon", "coordinates": [ [ [ -72.469938853062075, 42.084763547447992 ], [ -72.460791864062031, 42.085779551862984 ], [ -72.434541895578477, 42.088688564942309 ], [ -72.418172915185366, 42.090490573394597 ], [ -72.414538928916627, 42.099221587297833 ], [ -72.379438970793643, 42.103133607603162 ], [ -72.376612956006383, 42.087095583228589 ], [ -72.366991666175977, 42.032653804075373 ], [ -72.397433247775155, 42.033110211146315 ], [ -72.44149396938937, 42.033770808190084 ], [ -72.456679809248087, 42.033998487586565 ], [ -72.458291130354993, 42.034005162598831 ], [ -72.467994845470031, 42.07633453780673 ], [ -72.469247850380384, 42.081783544055824 ], [ -72.469938853062075, 42.084763547447992 ] ] ] } },
{ "type": "Feature", "properties": { "STATEFP": "25", "COUNTYFP": "003", "COUSUBFP": "21360", "NAME": "Egremont", "NAMELSAD": "Egremont town", "GEOID": "2500321360" }, "geometry": { "type": "Polygon", "coordinates": [ [ [ -73.475918196324471, 42.174004061136593 ], [ -73.459935219183933, 42.217525890789169 ], [ -73.414084863936523, 42.212723201085694 ], [ -73.413883883947619, 42.202936184025162 ], [ -73.412499902574169, 42.192017165171215 ], [ -73.413794907431381, 42.191644164344311 ], [ -73.413944919025411, 42.1863611551086 ], [ -73.411760911546821, 42.186588155857876 ], [ -73.408418954656184, 42.160250111140243 ], [ -73.389012886929777, 42.160150116513492 ], [ -73.388308893531729, 42.155166108620286 ], [ -73.393436911861357, 42.155116106952761 ], [ -73.393062915185283, 42.152630102975607 ], [ -73.406737972777151, 42.148395091342017 ], [ -73.404316996737677, 42.132000064309985 ], [ -73.43485111236788, 42.132362052221829 ], [ -73.428748114310679, 42.1212630346308 ], [ -73.436538152300983, 42.11814902522292 ], [ -73.472522206058812, 42.150434073035555 ], [ -73.48296360509562, 42.154819343783615 ], [ -73.475918196324471, 42.174004061136593 ] ] ] } },
{ "type": "Feature", "properties": { "STATEFP": "25", "COUNTYFP": "003", "COUSUBFP": "46225", "NAME": "North Adams", "NAMELSAD": "North Adams city", "GEOID": "2500346225" }, "geometry": { "type": "Polygon", "coordinates": [ [ [ -73.176189718618033, 42.701246717628045 ], [ -73.175980722723992, 42.704031717392837 ], [ -73.175372734844046, 42.712283716689846 ], [ -73.165903743393343, 42.711831716167907 ], [ -73.148379759673475, 42.711267715194786 ], [ -73.112933792914802, 42.710127713285964 ], [ -73.112493793345209, 42.710127713260746 ], [ -73.107344798209496, 42.709962712990084 ], [ -73.096443808522025, 42.709598712424913 ], [ -73.092059812688959, 42.709460712198457 ], [ -73.063567839892102, 42.708527710762752 ], [ -73.059472843825176, 42.708394710560505 ], [ -73.061825814633934, 42.675263717100314 ], [ -73.063280796121745, 42.654702721081534 ], [ -73.101936749327209, 42.656694720877091 ], [ -73.14111070270954, 42.658710720825255 ], [ -73.169756669117405, 42.660172720887047 ], [ -73.167770707459596, 42.686653718516652 ], [ -73.177240697591756, 42.687036718809722 ], [ -73.176189718618033, 42.701246717628045 ] ] ] } },
{ "type": "Feature", "properties": { "STATEFP": "25", "COUNTYFP": "027", "COUSUBFP": "12715", "NAME": "Charlton", "NAMELSAD": "Charlton town", "GEOID": "2502712715" }, "geometry": { "type": "Polygon", "coordinates": [ [ [ -72.046816672191895, 42.134924944455349 ], [ -72.024015743292139, 42.141785982557387 ], [ -72.029440784044212, 42.174426042947871 ], [ -72.018600815704076, 42.175699056877662 ], [ -72.019886826008332, 42.183762071840981 ], [ -71.992331885696558, 42.185645093658003 ], [ -71.974800891686854, 42.186834089522378 ], [ -71.939356903261526, 42.189238080039367 ], [ -71.925799907595717, 42.190224076105864 ], [ -71.916970910351949, 42.190862073412227 ], [ -71.913974890159537, 42.176064053590956 ], [ -71.909676861812343, 42.154812026491612 ], [ -71.906909843854052, 42.141046009796177 ], [ -71.902812818043429, 42.120802986470395 ], [ -71.902779817835736, 42.120637986286177 ], [ -71.899489797258596, 42.104113968318984 ], [ -71.911895786247555, 42.101316960378028 ], [ -71.909235773859308, 42.091260949174632 ], [ -71.917526766044546, 42.089417942870057 ], [ -71.940220743952466, 42.084344924194127 ], [ -71.967690715904467, 42.078198898865026 ], [ -71.992843688958104, 42.072561873045331 ], [ -71.992501698971623, 42.078186884229659 ], [ -71.995745695469793, 42.077449880860975 ], [ -71.996587703092018, 42.082122889637738 ], [ -71.992663707478073, 42.083144893806917 ], [ -71.993359711447027, 42.085688898406097 ], [ -71.994873709887955, 42.085359896966082 ], [ -71.993879714300618, 42.087519901725912 ], [ -71.996079712463342, 42.08727790013149 ], [ -71.998137729786905, 42.097866920253004 ], [ -72.000469726414906, 42.097253917738577 ], [ -72.002993718936082, 42.096588913682517 ], [ -72.017725690937482, 42.101705908178864 ], [ -72.02728667253686, 42.10502690463661 ], [ -72.025495681976977, 42.107929912436191 ], [ -72.027603675758655, 42.107405909115457 ], [ -72.029051685096164, 42.115114923182794 ], [ -72.031760676967551, 42.114387918812717 ], [ -72.030844671585726, 42.109797910489313 ], [ -72.035995655929995, 42.108238901809393 ], [ -72.036190657508769, 42.109482904124178 ], [ -72.039076649490795, 42.109057900170001 ], [ -72.039613653506137, 42.112303906184032 ], [ -72.042014646315565, 42.111644902276183 ], [ -72.042268647706209, 42.112879904512525 ], [ -72.045611665869572, 42.129150934001188 ], [ -72.046607671082569, 42.133913942622392 ], [ -72.046816672191895, 42.134924944455349 ] ] ] } },
{ "type": "Feature", "properties": { "STATEFP": "25", "COUNTYFP": "027", "COUSUBFP": "41340", "NAME": "Millbury", "NAMELSAD": "Millbury town", "GEOID": "2502741340" }, "geometry": { "type": "Polygon", "coordinates": [ [ [ -71.834485891413465, 42.157257021392624 ], [ -71.825488897301739, 42.159920021699314 ], [ -71.82595990325288, 42.165820024607427 ], [ -71.831504899860917, 42.164253024789147 ], [ -71.810194933058384, 42.191491030543745 ], [ -71.79632995205229, 42.20923602880179 ], [ -71.797106952698414, 42.210053029427584 ], [ -71.783106959714459, 42.216194022056371 ], [ -71.779825961254616, 42.217634020109848 ], [ -71.7617129690355, 42.225577007866342 ], [ -71.733429968101973, 42.237975000969818 ], [ -71.731380959630187, 42.228349006279878 ], [ -71.730195954700733, 42.222780009658507 ], [ -71.724786931938482, 42.197365027932129 ], [ -71.723535926609799, 42.191484032827113 ], [ -71.733961930503824, 42.186775024393448 ], [ -71.733771927943295, 42.183504026116516 ], [ -71.740533929677284, 42.179206019818587 ], [ -71.744150934649312, 42.182435014460765 ], [ -71.757247932827141, 42.17668301070487 ], [ -71.757371932753017, 42.176628010746121 ], [ -71.783033916261104, 42.165347016706392 ], [ -71.786836913610188, 42.163676017155879 ], [ -71.829591880091186, 42.144860014489069 ], [ -71.824853892785995, 42.1553320194474 ], [ -71.830480891570133, 42.156082020348478 ], [ -71.834105889120409, 42.15499002009539 ], [ -71.834485891413465, 42.157257021392624 ] ] ] } },
{ "type": "Feature", "properties": { "STATEFP": "25", "COUNTYFP": "027", "COUSUBFP": "68610", "NAME": "Sutton", "NAMELSAD": "Sutton town", "GEOID": "2502768610" }, "geometry": { "type": "Polygon", "coordinates": [ [ [ -71.829591880091186, 42.144860014489069 ], [ -71.786836913610188, 42.163676017155879 ], [ -71.783033916261104, 42.165347016706392 ], [ -71.757371932753017, 42.176628010746121 ], [ -71.757247932827141, 42.17668301070487 ], [ -71.744150934649312, 42.182435014460765 ], [ -71.740533929677284, 42.179206019818587 ], [ -71.733771927943295, 42.183504026116516 ], [ -71.733961930503824, 42.186775024393448 ], [ -71.723535926609799, 42.191484032827113 ], [ -71.722597923260523, 42.187946036092299 ], [ -71.719263911256746, 42.175352048626159 ], [ -71.718614908955558, 42.172967051184315 ], [ -71.695204893956088, 42.175789079205082 ], [ -71.691418880931678, 42.163108099085079 ], [ -71.69368788111629, 42.161214097851904 ], [ -71.692366874536532, 42.154296107957705 ], [ -71.691401869678245, 42.149201115585811 ], [ -71.693713860976359, 42.136159126507479 ], [ -71.70464086108494, 42.125254115563301 ], [ -71.694132849223948, 42.121126142796697 ], [ -71.692010846811755, 42.120292148476011 ], [ -71.697565845653017, 42.113131143825207 ], [ -71.707691843858768, 42.100070131868073 ], [ -71.691034834007297, 42.105452168324888 ], [ -71.685541830851975, 42.107265179628733 ], [ -71.68505083015981, 42.106924181273008 ], [ -71.679971822968227, 42.103396198617105 ], [ -71.679988820303677, 42.100154203045207 ], [ -71.696606832104038, 42.097193163548297 ], [ -71.696666830662778, 42.095327165434227 ], [ -71.737445860051338, 42.087586060296658 ], [ -71.760229861154656, 42.083258020556848 ], [ -71.768087854788547, 42.081771016319863 ], [ -71.774629865636911, 42.100334013235141 ], [ -71.77680686439578, 42.100382012379903 ], [ -71.792427855497763, 42.100706006293272 ], [ -71.797177851307879, 42.099172004086441 ], [ -71.813082867486941, 42.125274007289953 ], [ -71.817956873136367, 42.13326400973213 ], [ -71.829530863863283, 42.129391006539585 ], [ -71.831942877998031, 42.143775013904374 ], [ -71.829591880091186, 42.144860014489069 ] ] ] } },
{ "type": "Feature", "properties": { "STATEFP": "25", "COUNTYFP": "021", "COUSUBFP": "78690", "NAME": "Westwood", "NAMELSAD": "Westwood town", "GEOID": "2502178690" }, "geometry": { "type": "Polygon", "coordinates": [ [ [ -71.251417108593003, 42.202613048582528 ], [ -71.247271107758465, 42.214373983301812 ], [ -71.232238065091181, 42.256897777009165 ], [ -71.232286061751154, 42.258424776609701 ], [ -71.231718058559352, 42.259269775539011 ], [ -71.20568002193707, 42.243040776118718 ], [ -71.18607198419204, 42.228629820340892 ], [ -71.182045976307421, 42.227583819693379 ], [ -71.176542965656296, 42.226152818796599 ], [ -71.170715954535098, 42.224639817812978 ], [ -71.166722947009191, 42.223600817136514 ], [ -71.14592291567412, 42.20922685814346 ], [ -71.148420922420982, 42.206385876060899 ], [ -71.145667917535491, 42.206071873500875 ], [ -71.146174919657724, 42.20447088224865 ], [ -71.152778936289806, 42.197866925170118 ], [ -71.154831940554374, 42.196941932896053 ], [ -71.157390944120323, 42.198469929117557 ], [ -71.16216095100576, 42.201239922438596 ], [ -71.162770951801051, 42.20176992070116 ], [ -71.178675976081266, 42.212300891643906 ], [ -71.182802983850152, 42.212623896170271 ], [ -71.18652799086199, 42.212973899957895 ], [ -71.190045997405036, 42.213607902000277 ], [ -71.190600998460084, 42.213649902614833 ], [ -71.196451009662226, 42.213890910108539 ], [ -71.198161013066184, 42.213479914733455 ], [ -71.210703037869933, 42.208835956981041 ], [ -71.218026052170174, 42.201975002817051 ], [ -71.218977053960344, 42.201069008855576 ], [ -71.224611064239497, 42.195752044419599 ], [ -71.231778076517898, 42.188989089771404 ], [ -71.235161082001937, 42.185780111308446 ], [ -71.238344086982494, 42.1827911314437 ], [ -71.240914091403155, 42.184278127770668 ], [ -71.240500090972446, 42.186217117221801 ], [ -71.242512094903915, 42.18998310102161 ], [ -71.241728093877455, 42.192175088615826 ], [ -71.244130098830851, 42.197041067352814 ], [ -71.246465103097762, 42.19772006740375 ], [ -71.248318106859784, 42.200005058493097 ], [ -71.25099210889627, 42.201456054233944 ], [ -71.251348108664317, 42.202525048988377 ], [ -71.251417108593003, 42.202613048582528 ] ] ] } },
{ "type": "Feature", "properties": { "STATEFP": "25", "COUNTYFP": "007", "COUSUBFP": "50390", "NAME": "Oak Bluffs", "NAMELSAD": "Oak Bluffs town", "GEOID": "2500750390" }, "geometry": { "type": "Polygon", "coordinates": [ [ [ -70.620651992223742, 41.444527395406979 ], [ -70.608308976746287, 41.431816407357644 ], [ -70.603214970083926, 41.426584412602665 ], [ -70.603183972119822, 41.427793412917097 ], [ -70.601576973441269, 41.428199415058899 ], [ -70.600269976451287, 41.429677417047081 ], [ -70.601693980161386, 41.432230415805286 ], [ -70.59421000181257, 41.443130427393633 ], [ -70.590256007807199, 41.44559143268804 ], [ -70.587875016224118, 41.449844436330388 ], [ -70.584978026249615, 41.454843440640516 ], [ -70.585833029895056, 41.457190440022593 ], [ -70.586438031628887, 41.458366439510911 ], [ -70.588300798209843, 41.460021541859639 ], [ -70.583681037078676, 41.460713443123772 ], [ -70.578438092217084, 41.465193502104384 ], [ -70.57485005486879, 41.468259454404873 ], [ -70.567356064120474, 41.471208463258186 ], [ -70.563280062565809, 41.469127467671342 ], [ -70.559408554305648, 41.462868361203967 ], [ -70.558029387118566, 41.460638647798227 ], [ -70.557818774899388, 41.460298148918447 ], [ -70.557672947121489, 41.460062387693348 ], [ -70.553277038196114, 41.452955478101181 ], [ -70.553243850735399, 41.45200551166743 ], [ -70.553107400780718, 41.448099733040834 ], [ -70.552943020787893, 41.443394477953426 ], [ -70.55302593904014, 41.443002234859748 ], [ -70.553825904540631, 41.439218014487963 ], [ -70.555587996717222, 41.430882473889902 ], [ -70.553095985003793, 41.423952476646384 ], [ -70.548207299264988, 41.416771993573562 ], [ -70.549174972279616, 41.41625648136251 ], [ -70.553725965882663, 41.413664475219321 ], [ -70.553783974256362, 41.418239475416655 ], [ -70.557023983399802, 41.423903471576686 ], [ -70.558089984554798, 41.424763470265688 ], [ -70.561649982664335, 41.424482465659551 ], [ -70.563134978078168, 41.422259463543291 ], [ -70.566076973492585, 41.420327459535706 ], [ -70.569102969869846, 41.418931455439633 ], [ -70.569126965638134, 41.416565455143541 ], [ -70.571253964156256, 41.416164452299228 ], [ -70.573686959044394, 41.413771448792339 ], [ -70.582244955979604, 41.413743437455025 ], [ -70.615109944215618, 41.413630393900149 ], [ -70.621336993053689, 41.445233394775045 ], [ -70.620651992223742, 41.444527395406979 ] ] ] } },
{ "type": "Feature", "properties": { "STATEFP": "25", "COUNTYFP": "017", "COUSUBFP": "31540", "NAME": "Hudson", "NAMELSAD": "Hudson town", "GEOID": "2501731540" }, "geometry": { "type": "Polygon", "coordinates": [ [ [ -71.607760084125928, 42.370021880423366 ], [ -71.587940982350702, 42.382189865200992 ], [ -71.580186937117148, 42.386975859033448 ], [ -71.602538090571727, 42.396941853103186 ], [ -71.604252103095064, 42.397702852677682 ], [ -71.602632093264745, 42.398499851585314 ], [ -71.585260981178862, 42.40709683959048 ], [ -71.579095937759064, 42.408238837176995 ], [ -71.564584833261605, 42.410927831416366 ], [ -71.559100792930721, 42.411942829211789 ], [ -71.551051736286311, 42.409238830387537 ], [ -71.544561691917707, 42.407063831374877 ], [ -71.534422624951716, 42.403656833007311 ], [ -71.528049584305805, 42.40152383407424 ], [ -71.526822585737307, 42.396064839802328 ], [ -71.523960565400131, 42.396738838527405 ], [ -71.517924522000072, 42.398153835827813 ], [ -71.510805475584192, 42.397523835177793 ], [ -71.50384842900074, 42.397481833909112 ], [ -71.50045241218352, 42.395420835596845 ], [ -71.492977417111646, 42.396397832216515 ], [ -71.49088542370221, 42.395228832851956 ], [ -71.489919421993051, 42.396331831334983 ], [ -71.486949427435974, 42.396023830743253 ], [ -71.48773842927254, 42.394967832143308 ], [ -71.48611643664222, 42.393270833473835 ], [ -71.472678466379378, 42.390024832534095 ], [ -71.475498488828094, 42.380654843334312 ], [ -71.475505488883243, 42.380631843361058 ], [ -71.515118552717155, 42.37650085932237 ], [ -71.521420590893015, 42.375836861057493 ], [ -71.528309632215326, 42.375118862932091 ], [ -71.529399638728606, 42.374997863235464 ], [ -71.554078783172429, 42.372415869838058 ], [ -71.562051828712228, 42.371580871933396 ], [ -71.568610865763588, 42.370887873649274 ], [ -71.570143874369265, 42.370723874050547 ], [ -71.594291007232826, 42.368194880223093 ], [ -71.603066054252849, 42.367266882432133 ], [ -71.607760084125928, 42.370021880423366 ] ] ] } },
{ "type": "Feature", "properties": { "STATEFP": "25", "COUNTYFP": "023", "COUSUBFP": "33220", "NAME": "Kingston", "NAMELSAD": "Kingston town", "GEOID": "2502333220" }, "geometry": { "type": "Polygon", "coordinates": [ [ [ -70.800385300411563, 42.016102621692461 ], [ -70.796726299875886, 42.020587596458306 ], [ -70.793338303835142, 42.020999594903614 ], [ -70.77552832485209, 42.023167586478827 ], [ -70.769493333980662, 42.02206359455591 ], [ -70.749753363704912, 42.019818612887939 ], [ -70.731241509616993, 42.017707612048554 ], [ -70.728049539530474, 42.013834632269564 ], [ -70.727864541257404, 42.013624633348016 ], [ -70.726334555611174, 42.011870642331246 ], [ -70.724205575732938, 42.009427654736719 ], [ -70.724636575094607, 42.007411666771176 ], [ -70.721794604181738, 42.002817690753872 ], [ -70.711265689221761, 42.002403683393354 ], [ -70.71102251338975, 42.003201837439903 ], [ -70.710035699508381, 41.999544693623214 ], [ -70.706444730685547, 42.000729688255852 ], [ -70.700026770026142, 41.998256678302852 ], [ -70.698838729767417, 41.991897648531051 ], [ -70.69898269111718, 41.987103627035133 ], [ -70.693459644786898, 41.983093430066248 ], [ -70.693745697557546, 41.982801603781361 ], [ -70.694525685192545, 41.981995600766354 ], [ -70.704270534191693, 41.972056562350204 ], [ -70.721708275086769, 41.95424548734006 ], [ -70.734936121619498, 41.945516448923485 ], [ -70.753527936872104, 41.933241393856839 ], [ -70.758693028272361, 41.947507470793646 ], [ -70.76568815035526, 41.967066570569827 ], [ -70.787479202821757, 41.978360627897075 ], [ -70.790426253329656, 41.987115665117834 ], [ -70.79592531854972, 42.005490685095687 ], [ -70.799330304715383, 42.013613636521804 ], [ -70.800385300411563, 42.016102621692461 ] ] ] } },
{ "type": "Feature", "properties": { "STATEFP": "25", "COUNTYFP": "009", "COUSUBFP": "05595", "NAME": "Beverly", "NAMELSAD": "Beverly city", "GEOID": "2500905595" }, "geometry": { "type": "Polygon", "coordinates": [ [ [ -70.922341510384484, 42.591512283606598 ], [ -70.90464351722386, 42.591059246922818 ], [ -70.885953522626025, 42.590905208196176 ], [ -70.881802523734763, 42.590887199595869 ], [ -70.860892529312423, 42.590798156271759 ], [ -70.835410536168837, 42.590680103470305 ], [ -70.827691581206977, 42.583130086594458 ], [ -70.824133596728814, 42.58057207889928 ], [ -70.820310613439943, 42.577821070616864 ], [ -70.819941611129707, 42.578241069900621 ], [ -70.819018605387328, 42.579285068109144 ], [ -70.813295601949434, 42.580138056316919 ], [ -70.810084579373054, 42.58421705016854 ], [ -70.806934602323039, 42.580353043121647 ], [ -70.794416669490715, 42.569218015543939 ], [ -70.794264669421437, 42.56923701522949 ], [ -70.793157683005333, 42.56692501259483 ], [ -70.793495446210116, 42.564306392061269 ], [ -70.794418696616631, 42.564499014888433 ], [ -70.802672426414844, 42.562020015038712 ], [ -70.804090710703989, 42.561594034710801 ], [ -70.815390750045026, 42.554194057415231 ], [ -70.823797761040396, 42.551865074761288 ], [ -70.836590760820428, 42.551278101536596 ], [ -70.845484775907366, 42.548195119876397 ], [ -70.847927769837966, 42.549139125105683 ], [ -70.848171151001537, 42.549630964237551 ], [ -70.848359764742128, 42.550012126102871 ], [ -70.850129757802691, 42.551143129933941 ], [ -70.85487376660069, 42.549364139713923 ], [ -70.855166776984646, 42.547525140148032 ], [ -70.856610532069951, 42.546943078946235 ], [ -70.857686967328988, 42.546509105617659 ], [ -70.861114788934671, 42.545127152418402 ], [ -70.868647767522049, 42.548519168560617 ], [ -70.870619325569521, 42.547261619678402 ], [ -70.875194789362752, 42.544343181957125 ], [ -70.875914817446684, 42.543419017002783 ], [ -70.880607517791105, 42.537395878032555 ], [ -70.887191822167551, 42.537942206697949 ], [ -70.887526830906552, 42.536381207284592 ], [ -70.888139830126534, 42.536487208585221 ], [ -70.888099815919105, 42.538999208692026 ], [ -70.890293813605311, 42.539295213336452 ], [ -70.894393804496076, 42.540695222074092 ], [ -70.898428790833549, 42.542906230723148 ], [ -70.902757778741403, 42.544827239959062 ], [ -70.909207768888578, 42.546247253610119 ], [ -70.908398773011271, 42.545557251866711 ], [ -70.912393765462397, 42.546694260333346 ], [ -70.908899709813511, 42.556735253612445 ], [ -70.908588705109466, 42.557584253013758 ], [ -70.908399626423389, 42.571541253487304 ], [ -70.908380617926653, 42.573048253541586 ], [ -70.922341510384484, 42.591512283606598 ] ] ] } },
{ "type": "Feature", "properties": { "STATEFP": "25", "COUNTYFP": "009", "COUSUBFP": "77150", "NAME": "West Newbury", "NAMELSAD": "West Newbury town", "GEOID": "2500977150" }, "geometry": { "type": "Polygon", "coordinates": [ [ [ -71.019593643890957, 42.790081415342563 ], [ -71.018706638377864, 42.791604411482027 ], [ -71.014980619646622, 42.79488340127449 ], [ -71.012310607294665, 42.796541395449324 ], [ -71.005523577549852, 42.799795383004707 ], [ -71.0034335681638, 42.801100378948853 ], [ -70.999832550945484, 42.805039369935599 ], [ -70.998600548305291, 42.807530365098771 ], [ -70.999609544941094, 42.810544362257076 ], [ -70.999712544774596, 42.810690362180104 ], [ -71.000958545934765, 42.812778360403783 ], [ -71.00134554398754, 42.815786356533991 ], [ -71.000739539175441, 42.818189352842111 ], [ -70.998227534214223, 42.820432347535991 ], [ -70.995058532847466, 42.821859342439339 ], [ -70.990535532653226, 42.822289337340244 ], [ -70.986110531340771, 42.823729331213059 ], [ -70.978718530841164, 42.824588323005955 ], [ -70.972421531934359, 42.823942317503757 ], [ -70.969178533732304, 42.82249531567718 ], [ -70.965747535582651, 42.821015313563692 ], [ -70.961456537093639, 42.819893310119284 ], [ -70.957865537517421, 42.819713306537892 ], [ -70.945750537193334, 42.820679293336106 ], [ -70.940292535439383, 42.822547286689336 ], [ -70.934490542749643, 42.816350283862441 ], [ -70.930760545336028, 42.814261280722476 ], [ -70.931234545734654, 42.813879281416959 ], [ -70.931244548447083, 42.811465282487347 ], [ -70.930130549462845, 42.810627281563022 ], [ -70.929620551540125, 42.808810281729663 ], [ -70.931567554114153, 42.806403285101155 ], [ -70.930807558339765, 42.802690285784841 ], [ -70.920521572223564, 42.791026276233325 ], [ -70.917386576478592, 42.787469272690359 ], [ -70.925909582796606, 42.781279287469687 ], [ -70.929257584195327, 42.779799293265384 ], [ -70.933609585042618, 42.778734300591672 ], [ -70.942415588684682, 42.774845316809348 ], [ -70.946548591704769, 42.771837325492804 ], [ -70.951697594592943, 42.768860336224982 ], [ -70.952694594365596, 42.768988337840639 ], [ -70.95682659612973, 42.767087346391904 ], [ -70.958289597600938, 42.765651350077725 ], [ -70.963417597463135, 42.765376359319866 ], [ -70.967186605003306, 42.758276372448989 ], [ -70.996483587739078, 42.771645409329594 ], [ -71.016925643705505, 42.782316425522126 ], [ -71.020379654864129, 42.784295426939849 ], [ -71.019593643890957, 42.790081415342563 ] ] ] } },
{ "type": "Feature", "properties": { "STATEFP": "25", "COUNTYFP": "017", "COUSUBFP": "01605", "NAME": "Arlington", "NAMELSAD": "Arlington town", "GEOID": "2501701605" }, "geometry": { "type": "Polygon", "coordinates": [ [ [ -71.199907629679174, 42.417702688279633 ], [ -71.195676610407972, 42.422059681993517 ], [ -71.19282959791623, 42.424781677844443 ], [ -71.192640597086367, 42.424962677569646 ], [ -71.191548592181007, 42.426057675971293 ], [ -71.189405582330082, 42.428306672818728 ], [ -71.184768560791156, 42.433274666016025 ], [ -71.182277548468988, 42.436278662306066 ], [ -71.173708529661241, 42.436136652096771 ], [ -71.164854510228167, 42.43598964154458 ], [ -71.155677490096124, 42.435832630604793 ], [ -71.149886477153714, 42.435839623678454 ], [ -71.14678449397762, 42.425261622018617 ], [ -71.145997495647606, 42.423734621360808 ], [ -71.142599492641494, 42.421691617627729 ], [ -71.142920495854582, 42.420579618227372 ], [ -71.142855498050281, 42.419536618344999 ], [ -71.141544497708139, 42.418383616964526 ], [ -71.141090498286871, 42.417673616543389 ], [ -71.140084498825487, 42.41643161554596 ], [ -71.1383614970878, 42.415489613613488 ], [ -71.133106485560731, 42.415391607205606 ], [ -71.132435484455542, 42.415215606415885 ], [ -71.132517486080999, 42.414572606628639 ], [ -71.132887492739641, 42.411972607537543 ], [ -71.132396498377005, 42.408969607459746 ], [ -71.13386950599579, 42.407041609614097 ], [ -71.134528510226602, 42.405812610645434 ], [ -71.134514513887495, 42.404166610920399 ], [ -71.134921518398357, 42.402561611709949 ], [ -71.136253524723486, 42.401070613629422 ], [ -71.140372536722822, 42.399830618973745 ], [ -71.141436541060827, 42.398958620459439 ], [ -71.142803546546318, 42.397877622364426 ], [ -71.143557549243909, 42.397427623389113 ], [ -71.143593549360389, 42.397411623437023 ], [ -71.152245561080065, 42.400815633537896 ], [ -71.155539565577726, 42.402094637366567 ], [ -71.156389566509048, 42.402526638331679 ], [ -71.157473569143306, 42.402433639694927 ], [ -71.164054577059233, 42.405462647198767 ], [ -71.16392557620425, 42.405714646984805 ], [ -71.17442459146794, 42.409369659115505 ], [ -71.177705596910926, 42.410211662956058 ], [ -71.181634604189099, 42.410881667626647 ], [ -71.183712607728268, 42.411373670060669 ], [ -71.184547608983095, 42.411645671019869 ], [ -71.194291622492628, 42.415320682040452 ], [ -71.194492623687495, 42.414989682371235 ], [ -71.194521623871708, 42.414936682420311 ], [ -71.19529762507706, 42.415171683309083 ], [ -71.194257626766074, 42.413389682494021 ], [ -71.202612642208948, 42.414825692348487 ], [ -71.199907629679174, 42.417702688279633 ] ] ] } },
{ "type": "Feature", "properties": { "STATEFP": "25", "COUNTYFP": "015", "COUSUBFP": "26290", "NAME": "Goshen", "NAMELSAD": "Goshen town", "GEOID": "2501526290" }, "geometry": { "type": "Polygon", "coordinates": [ [ [ -72.855632969943983, 42.480919734048484 ], [ -72.831565997854852, 42.47637572527438 ], [ -72.831493998640354, 42.476997725437542 ], [ -72.809898024322877, 42.473204716406876 ], [ -72.773329068535389, 42.466781698332127 ], [ -72.773601066924627, 42.465539697533963 ], [ -72.763792078813466, 42.463664691880631 ], [ -72.764300074686318, 42.460155689286708 ], [ -72.758287083894984, 42.46092568715892 ], [ -72.759111078466802, 42.456493683807757 ], [ -72.7651140693754, 42.455883686261231 ], [ -72.765937064105572, 42.451680683346829 ], [ -72.757110077384013, 42.452412679334977 ], [ -72.757758070189041, 42.445882674114273 ], [ -72.770301051012467, 42.44469968035073 ], [ -72.77353200357426, 42.401526650544788 ], [ -72.805634951313365, 42.398296677810492 ], [ -72.805439958175697, 42.404530680722061 ], [ -72.816151940455512, 42.403152689539773 ], [ -72.815515960804944, 42.421225696582006 ], [ -72.835614929455758, 42.419851711330615 ], [ -72.834056951787787, 42.437909715248573 ], [ -72.847904930076325, 42.436489723690869 ], [ -72.855632969943983, 42.480919734048484 ] ] ] } },
{ "type": "Feature", "properties": { "STATEFP": "25", "COUNTYFP": "011", "COUSUBFP": "35180", "NAME": "Leverett", "NAMELSAD": "Leverett town", "GEOID": "2501135180" }, "geometry": { "type": "Polygon", "coordinates": [ [ [ -72.534657116711102, 42.458473793108737 ], [ -72.524333127905876, 42.47650580736007 ], [ -72.520928110203528, 42.510222838439169 ], [ -72.459641095573133, 42.516426829075854 ], [ -72.439538093044305, 42.518578815034957 ], [ -72.440884121289969, 42.510401808710668 ], [ -72.45297913125961, 42.438615795645447 ], [ -72.48989111241427, 42.433815798966378 ], [ -72.530968100235413, 42.428852780071189 ], [ -72.534279107393971, 42.442211784995322 ], [ -72.534657116711102, 42.458473793108737 ] ] ] } },
{ "type": "Feature", "properties": { "STATEFP": "25", "COUNTYFP": "003", "COUSUBFP": "16180", "NAME": "Dalton", "NAMELSAD": "Dalton town", "GEOID": "2500316180" }, "geometry": { "type": "Polygon", "coordinates": [ [ [ -73.197377392446924, 42.42984286020608 ], [ -73.192088401677267, 42.448530825263042 ], [ -73.191796402228192, 42.449563823357636 ], [ -73.186197413719285, 42.470322785641308 ], [ -73.186050414045354, 42.470887784629383 ], [ -73.182333422651823, 42.4848997597799 ], [ -73.182198422979198, 42.485414758875422 ], [ -73.165808473231451, 42.510932734413203 ], [ -73.146636549174971, 42.541066733774606 ], [ -73.107865615955959, 42.536464738700445 ], [ -73.120263548545509, 42.493489751986644 ], [ -73.113707561069631, 42.49241575435336 ], [ -73.115161555372751, 42.487813760970234 ], [ -73.124391518227625, 42.452628813439951 ], [ -73.129814508980758, 42.452772813566938 ], [ -73.15732846189546, 42.453508814093361 ], [ -73.16918543256665, 42.412755884855379 ], [ -73.201873385717519, 42.413752890994033 ], [ -73.197377392446924, 42.42984286020608 ] ] ] } },
{ "type": "Feature", "properties": { "STATEFP": "25", "COUNTYFP": "015", "COUSUBFP": "40990", "NAME": "Middlefield", "NAMELSAD": "Middlefield town", "GEOID": "2501540990" }, "geometry": { "type": "Polygon", "coordinates": [ [ [ -73.065771558059907, 42.389110889124701 ], [ -73.01168261369871, 42.379682879587385 ], [ -73.009084627794223, 42.387733870556595 ], [ -72.976500680717038, 42.391448840871746 ], [ -72.977919670021933, 42.385315847092151 ], [ -72.975761670949595, 42.383562846246058 ], [ -72.975093667751707, 42.380495847910971 ], [ -72.973442664766537, 42.376458849217968 ], [ -72.970398667717433, 42.375125846889674 ], [ -72.969821666809196, 42.373801847222033 ], [ -72.967520669062267, 42.372797845392313 ], [ -72.965221669893097, 42.370745844258018 ], [ -72.966089664975854, 42.368147847057955 ], [ -72.968889656969338, 42.36554585214914 ], [ -72.968631656220268, 42.364698852457593 ], [ -72.966075659564211, 42.364164849832527 ], [ -72.966859656320224, 42.362704851787051 ], [ -72.963857654259314, 42.357663851668541 ], [ -72.963178649957925, 42.353694853531408 ], [ -72.958394650558873, 42.348415850922365 ], [ -72.957050651223526, 42.347287849896794 ], [ -72.953943654433843, 42.345911846687819 ], [ -72.953271652740256, 42.343829847065408 ], [ -72.953824651877014, 42.343859847781985 ], [ -73.000277531537137, 42.312596939129314 ], [ -73.001908529220714, 42.311784941048707 ], [ -73.002192526832772, 42.310238942737143 ], [ -73.003329525400474, 42.309784943982429 ], [ -73.003713522248219, 42.307728946249917 ], [ -73.005808519076481, 42.306470948990501 ], [ -73.005353517613131, 42.305199949902821 ], [ -73.006610516219482, 42.304793951221342 ], [ -73.010248513669239, 42.304681954000685 ], [ -73.01274151481897, 42.306766953721919 ], [ -73.0143295167627, 42.30903695256081 ], [ -73.01685751770583, 42.311088952253058 ], [ -73.018240514023972, 42.309004955386413 ], [ -73.020145511751537, 42.30825895752605 ], [ -73.022072512018099, 42.309504957596431 ], [ -73.025069509426046, 42.309092960169444 ], [ -73.026140507346128, 42.308013962090136 ], [ -73.029397505799409, 42.308567963828885 ], [ -73.03128150539159, 42.309301964374427 ], [ -73.034162506739293, 42.312119963305939 ], [ -73.036126507030289, 42.313561963070427 ], [ -73.038953506592293, 42.314954963457531 ], [ -73.039628510311147, 42.318630959757861 ], [ -73.040751511225722, 42.3201829587452 ], [ -73.045444506745341, 42.319395962771431 ], [ -73.046674507283768, 42.320744962021088 ], [ -73.049015506199027, 42.321417962777709 ], [ -73.052655506388319, 42.324288961751769 ], [ -73.056765504799401, 42.325944962398651 ], [ -73.062885502781739, 42.328950962579178 ], [ -73.064287512066073, 42.339731950040147 ], [ -73.068507546722813, 42.380719900687275 ], [ -73.065771558059907, 42.389110889124701 ] ] ] } },
{ "type": "Feature", "properties": { "STATEFP": "25", "COUNTYFP": "015", "COUSUBFP": "16040", "NAME": "Cummington", "NAMELSAD": "Cummington town", "GEOID": "2501516040" }, "geometry": { "type": "Polygon", "coordinates": [ [ [ -72.988125769022574, 42.466946786899022 ], [ -72.98647277099046, 42.466705786423844 ], [ -72.979283824319054, 42.497856758560431 ], [ -72.882254933242834, 42.480686742257326 ], [ -72.871135952418271, 42.484040738838928 ], [ -72.855632969943983, 42.480919734048484 ], [ -72.847904930076325, 42.436489723690869 ], [ -72.880813878048073, 42.433009744935738 ], [ -72.992642737445365, 42.449093804800455 ], [ -72.988125769022574, 42.466946786899022 ] ] ] } },
{ "type": "Feature", "properties": { "STATEFP": "25", "COUNTYFP": "017", "COUSUBFP": "48955", "NAME": "North Reading", "NAMELSAD": "North Reading town", "GEOID": "2501748955" }, "geometry": { "type": "Polygon", "coordinates": [ [ [ -71.136742071833552, 42.553463628872315 ], [ -71.131634950925076, 42.577892636276417 ], [ -71.130542924781949, 42.583116637715953 ], [ -71.135455869709844, 42.599115654621578 ], [ -71.121359820755387, 42.600279633377674 ], [ -71.110995784447098, 42.601163617679092 ], [ -71.089364708151962, 42.603006584650963 ], [ -71.0761666612309, 42.60413556432654 ], [ -71.058765581585732, 42.609076538228955 ], [ -71.059351597283069, 42.606326538438736 ], [ -71.057424599165984, 42.604743534982973 ], [ -71.03399762642637, 42.585492495138162 ], [ -71.028311669992533, 42.574081485224028 ], [ -71.030979685218412, 42.572653488870301 ], [ -71.035459710617857, 42.57025849491724 ], [ -71.036664706778993, 42.57164849685892 ], [ -71.037662712164433, 42.571163498204427 ], [ -71.040097716906232, 42.571588501755876 ], [ -71.041531711146121, 42.573489504156363 ], [ -71.044280717053084, 42.57387650818486 ], [ -71.044680722991629, 42.57294850857636 ], [ -71.049752747052139, 42.571090515445505 ], [ -71.051872747886193, 42.572114518706961 ], [ -71.052771754239501, 42.571371519819721 ], [ -71.053005746661071, 42.572993520536073 ], [ -71.057039753068182, 42.57401852658684 ], [ -71.064936835070014, 42.562115534523883 ], [ -71.070977882495683, 42.555888540939499 ], [ -71.089889922820674, 42.558221567582549 ], [ -71.092817925875622, 42.559271572026688 ], [ -71.103578929350405, 42.564904589411299 ], [ -71.1041699242177, 42.566370590917174 ], [ -71.107783942647217, 42.564572595137484 ], [ -71.110283964100091, 42.561411597083364 ], [ -71.113134974462568, 42.560868600756265 ], [ -71.116029977521862, 42.56196060531925 ], [ -71.120689996715356, 42.56056161102989 ], [ -71.123017012049928, 42.558564613149947 ], [ -71.127280042779716, 42.554261616562059 ], [ -71.129483047605859, 42.55451861968902 ], [ -71.131280060518776, 42.552684621051036 ], [ -71.136478075885051, 42.552366627850844 ], [ -71.136742071833552, 42.553463628872315 ] ] ] } },
{ "type": "Feature", "properties": { "STATEFP": "25", "COUNTYFP": "003", "COUSUBFP": "28180", "NAME": "Hancock", "NAMELSAD": "Hancock town", "GEOID": "2500328180" }, "geometry": { "type": "Polygon", "coordinates": [ [ [ -73.382122719313813, 42.429410817972688 ], [ -73.35252657230285, 42.51000175827884 ], [ -73.347276019614625, 42.524148215270166 ], [ -73.341644066139239, 42.53932227559897 ], [ -73.31254929555206, 42.617711786891384 ], [ -73.307003703853184, 42.632653183088621 ], [ -73.261994541273637, 42.631328723868457 ], [ -73.273558496913282, 42.590853727562923 ], [ -73.25827946045942, 42.588565724045758 ], [ -73.311742457666099, 42.504607744637163 ], [ -73.315113462487929, 42.492945760580433 ], [ -73.319543474219984, 42.493435761161322 ], [ -73.338909548152486, 42.418564918098461 ], [ -73.383565475845202, 42.425482163560254 ], [ -73.382122719313813, 42.429410817972688 ] ] ] } },
{ "type": "Feature", "properties": { "STATEFP": "25", "COUNTYFP": "027", "COUSUBFP": "37420", "NAME": "Lunenburg", "NAMELSAD": "Lunenburg town", "GEOID": "2502737420" }, "geometry": { "type": "Polygon", "coordinates": [ [ [ -71.77575595709105, 42.644229604432766 ], [ -71.73225804367388, 42.631453603977583 ], [ -71.701339906536148, 42.622380541145183 ], [ -71.694160872761813, 42.620274527947288 ], [ -71.664601726123138, 42.611597479149758 ], [ -71.668029955663982, 42.59271853539996 ], [ -71.67190321858719, 42.571402596215059 ], [ -71.677692620383397, 42.539410682086952 ], [ -71.678970731227153, 42.530429704738403 ], [ -71.702237929213524, 42.533894717970021 ], [ -71.71123300332259, 42.535353723618364 ], [ -71.716325943795553, 42.544746712207044 ], [ -71.720418893897829, 42.552328704184589 ], [ -71.730800884260958, 42.561396703686029 ], [ -71.739602872592357, 42.569081705826989 ], [ -71.739768872340335, 42.569226705889832 ], [ -71.739818872223054, 42.569273705904536 ], [ -71.745073863689385, 42.57385970833942 ], [ -71.747555904118059, 42.572454714018718 ], [ -71.759180960161487, 42.566016717972815 ], [ -71.762951966018164, 42.56392371751167 ], [ -71.764896968841484, 42.562842717308811 ], [ -71.77294384565667, 42.569647702412141 ], [ -71.771971657086397, 42.585970682595637 ], [ -71.771521569540354, 42.593516673492907 ], [ -71.770888451577108, 42.603661661340539 ], [ -71.77150441821108, 42.606270657437868 ], [ -71.77345231288605, 42.614567644923468 ], [ -71.775326046972211, 42.636662614646546 ], [ -71.77575595709105, 42.644229604432766 ] ] ] } },
{ "type": "Feature", "properties": { "STATEFP": "25", "COUNTYFP": "027", "COUSUBFP": "58580", "NAME": "Royalston", "NAMELSAD": "Royalston town", "GEOID": "2502758580" }, "geometry": { "type": "Polygon", "coordinates": [ [ [ -72.283032264533489, 42.721558036272889 ], [ -72.203569083110793, 42.719591342783964 ], [ -72.145399511747314, 42.718151757621925 ], [ -72.124525761846044, 42.717635172432054 ], [ -72.11105815170194, 42.717226598329113 ], [ -72.116631130511379, 42.62660639028072 ], [ -72.138952075347675, 42.623945399491532 ], [ -72.142140067154386, 42.623646400606575 ], [ -72.154375030680498, 42.623828401704401 ], [ -72.156649024892729, 42.623599402534943 ], [ -72.158345983708031, 42.633210379861488 ], [ -72.164365968405107, 42.63261038208055 ], [ -72.167466907058142, 42.646515349463144 ], [ -72.224931768201458, 42.638936375254914 ], [ -72.229479666916262, 42.662665320515543 ], [ -72.242108634170222, 42.661641324811704 ], [ -72.243494602027297, 42.669247307349913 ], [ -72.257324587409101, 42.667939335984393 ], [ -72.258536559724476, 42.675423323778482 ], [ -72.271955561369396, 42.6746713719807 ], [ -72.283032264533489, 42.721558036272889 ] ] ] } },
{ "type": "Feature", "properties": { "STATEFP": "25", "COUNTYFP": "005", "COUSUBFP": "56060", "NAME": "Raynham", "NAMELSAD": "Raynham town", "GEOID": "2500556060" }, "geometry": { "type": "Polygon", "coordinates": [ [ [ -71.091874907932237, 41.940452790185375 ], [ -71.08976691175782, 41.942007788234633 ], [ -71.086275922823773, 41.946251785185687 ], [ -71.085451933843103, 41.950250785005991 ], [ -71.083532945733822, 41.954615783436594 ], [ -71.080524959114982, 41.959538780328437 ], [ -71.081206963976939, 41.961228781479711 ], [ -71.082546970567194, 41.963506783646167 ], [ -71.083764976646194, 41.965617785681808 ], [ -71.083106985760523, 41.968889785325274 ], [ -71.081083994987253, 41.972236782937784 ], [ -71.08032800413298, 41.975500782286403 ], [ -71.080661009231065, 41.977299783041929 ], [ -71.082439016633145, 41.979891786162632 ], [ -71.085332023644256, 41.982343791116634 ], [ -71.087158047404529, 41.990832795820289 ], [ -71.078554043076281, 41.989304781272878 ], [ -71.070346038818045, 41.987841767669124 ], [ -71.054719030406289, 41.985057742512055 ], [ -71.054185023500636, 41.982716742014624 ], [ -71.049776968765471, 41.964307738791419 ], [ -71.04948596513232, 41.963094738642063 ], [ -71.042627953520594, 41.959516730333064 ], [ -71.021046909762177, 41.946407708739549 ], [ -71.016588900912623, 41.943865704972765 ], [ -71.010567887683194, 41.940079700514318 ], [ -70.99977385198298, 41.929671696487695 ], [ -70.999629848158875, 41.9284656972061 ], [ -70.996752845276959, 41.927369694125247 ], [ -70.995533837998977, 41.925053693986285 ], [ -70.996448833718361, 41.923786696134535 ], [ -70.996919832674195, 41.923488697018385 ], [ -70.99739781615132, 41.918399701265038 ], [ -70.99713281062175, 41.916682702037519 ], [ -70.995082805173311, 41.914968699840102 ], [ -70.993279810180212, 41.916465695964554 ], [ -70.99197880741518, 41.91560269435525 ], [ -70.991150786001739, 41.909133696562243 ], [ -70.993152777225461, 41.906445701750378 ], [ -70.993912773494529, 41.905291703868897 ], [ -70.995813766995767, 41.903243708795607 ], [ -70.996966759222076, 41.90080171269927 ], [ -70.999705747171006, 41.896908721070218 ], [ -70.994453746531946, 41.897036710075668 ], [ -70.993630737545715, 41.894349710004853 ], [ -70.993725726967753, 41.89111971218307 ], [ -70.992113721951824, 41.889738709404043 ], [ -70.994983707694743, 41.88510771882482 ], [ -70.997727705888764, 41.884238725907274 ], [ -71.003597704651639, 41.883019733904568 ], [ -71.003455710980745, 41.885032732386769 ], [ -71.005839712661214, 41.8851927334333 ], [ -71.008620730812098, 41.890511731259409 ], [ -71.011875730864929, 41.890044733332495 ], [ -71.013107738827841, 41.892400732554876 ], [ -71.014853738792723, 41.892133733705244 ], [ -71.017782731499565, 41.88935873691711 ], [ -71.019882732438319, 41.889341738047683 ], [ -71.021762731822221, 41.888855739302272 ], [ -71.023544727149783, 41.887067741131624 ], [ -71.025457725691609, 41.886293742471885 ], [ -71.030025727097481, 41.886026744867785 ], [ -71.032082730263511, 41.886736745604864 ], [ -71.033778729954591, 41.886364746602894 ], [ -71.03761572289649, 41.883410749524884 ], [ -71.03777072839479, 41.885205748991865 ], [ -71.038729730572868, 41.885771749274568 ], [ -71.041074730303961, 41.88530075057416 ], [ -71.042204726866657, 41.883969751509198 ], [ -71.043323728665598, 41.884384751925076 ], [ -71.042530733881804, 41.886255751014303 ], [ -71.044554732203935, 41.885364752257772 ], [ -71.047681737654983, 41.886681753489704 ], [ -71.04868074519996, 41.889059753481476 ], [ -71.046861750216607, 41.891033752051165 ], [ -71.044768750615944, 41.891492750775349 ], [ -71.047241757666242, 41.893477751695862 ], [ -71.044205761556441, 41.895238749467453 ], [ -71.043470757652315, 41.89404374935345 ], [ -71.041711760095907, 41.895121748005813 ], [ -71.044288768619055, 41.897588748895977 ], [ -71.045453775549618, 41.899741749084292 ], [ -71.045309781482317, 41.901749748482757 ], [ -71.048406791716303, 41.904762749908365 ], [ -71.053887793443337, 41.904603753805119 ], [ -71.055504783937167, 41.901146755424492 ], [ -71.058084788583045, 41.902366757008437 ], [ -71.063654794486084, 41.903611760734435 ], [ -71.075715841130616, 41.918293770381261 ], [ -71.079580855792145, 41.923020774314075 ], [ -71.085751878753157, 41.93053378143415 ], [ -71.092699904092214, 41.93899379069294 ], [ -71.091874907932237, 41.940452790185375 ] ] ] } },
{ "type": "Feature", "properties": { "STATEFP": "25", "COUNTYFP": "013", "COUSUBFP": "19645", "NAME": "East Longmeadow", "NAMELSAD": "East Longmeadow town", "GEOID": "2501319645" }, "geometry": { "type": "Polygon", "coordinates": [ [ [ -72.539552781410819, 42.081207522560966 ], [ -72.534357786815889, 42.081834524567036 ], [ -72.528274793139914, 42.082581526959785 ], [ -72.516089805748479, 42.084085531863472 ], [ -72.503519818630409, 42.085612537040021 ], [ -72.490966833263982, 42.087192542967898 ], [ -72.479621847118835, 42.088637548676701 ], [ -72.471086857529357, 42.089721553055362 ], [ -72.469938853062075, 42.084763547447992 ], [ -72.469247850380384, 42.081783544055824 ], [ -72.467994845470031, 42.07633453780673 ], [ -72.458291130354993, 42.034005162598831 ], [ -72.459690976125444, 42.034010961559474 ], [ -72.460120229533004, 42.034012739772223 ], [ -72.509203803951635, 42.034216072342282 ], [ -72.524614996845898, 42.034279914971812 ], [ -72.528130733742387, 42.034294479313033 ], [ -72.531494130127001, 42.033984687915193 ], [ -72.535344754581175, 42.056764500220297 ], [ -72.535534755758121, 42.057849501227793 ], [ -72.536638762092593, 42.063735506651398 ], [ -72.539552781410819, 42.081207522560966 ] ] ] } },
{ "type": "Feature", "properties": { "STATEFP": "25", "COUNTYFP": "009", "COUSUBFP": "45175", "NAME": "Newbury", "NAMELSAD": "Newbury town", "GEOID": "2500945175" }, "geometry": { "type": "Polygon", "coordinates": [ [ [ -70.963417597463135, 42.765376359319866 ], [ -70.958289597600938, 42.765651350077725 ], [ -70.95682659612973, 42.767087346391904 ], [ -70.952694594365596, 42.768988337840639 ], [ -70.951697594592943, 42.768860336224982 ], [ -70.946548591704769, 42.771837325492804 ], [ -70.942415588684682, 42.774845316809348 ], [ -70.933609585042618, 42.778734300591672 ], [ -70.929257584195327, 42.779799293265384 ], [ -70.925909582796606, 42.781279287469687 ], [ -70.917386576478592, 42.787469272690359 ], [ -70.905120566097054, 42.797440253776628 ], [ -70.89803456557398, 42.798349244321017 ], [ -70.897295566878796, 42.797250243331412 ], [ -70.893258569888118, 42.794868237779511 ], [ -70.890800570718241, 42.79429923435999 ], [ -70.8777755681553, 42.797368217263063 ], [ -70.875630567730298, 42.797873214548972 ], [ -70.875477567699988, 42.797909214356473 ], [ -70.868356565843641, 42.799966205709069 ], [ -70.863069564429537, 42.801517199550972 ], [ -70.84104357251087, 42.79590716710063 ], [ -70.808211336688316, 42.811674464434695 ], [ -70.805218591772004, 42.781797101185134 ], [ -70.795022826844445, 42.753173203437797 ], [ -70.809750628827487, 42.750033070964058 ], [ -70.814322627796443, 42.750547080509321 ], [ -70.820254626898134, 42.75084209241723 ], [ -70.823674625755345, 42.751546099788385 ], [ -70.829636626458552, 42.750472110396487 ], [ -70.83095862556776, 42.751129113568688 ], [ -70.831109622706379, 42.75356611602777 ], [ -70.832882621933052, 42.754089119877257 ], [ -70.835226623951343, 42.752175122756405 ], [ -70.838313625266011, 42.750802127639581 ], [ -70.839984623437331, 42.752239132010054 ], [ -70.842613625373389, 42.750366135715311 ], [ -70.845859627190308, 42.74970214178709 ], [ -70.848477622899168, 42.752027148292974 ], [ -70.848461621809619, 42.752967148880863 ], [ -70.850856621440812, 42.753095153569042 ], [ -70.855361624454233, 42.750134160550353 ], [ -70.861128629547679, 42.74903617170542 ], [ -70.864812629893748, 42.748914178929532 ], [ -70.869588630306168, 42.74876218829646 ], [ -70.872730622586957, 42.750349194692795 ], [ -70.875504629406805, 42.748822199921591 ], [ -70.876119636058391, 42.747639201029884 ], [ -70.877374628425002, 42.748964203606356 ], [ -70.879700635557526, 42.747667208068613 ], [ -70.881166620710928, 42.751300211430241 ], [ -70.882049620632472, 42.751297213148 ], [ -70.882808622972277, 42.749836214348427 ], [ -70.88443262848439, 42.748836217458475 ], [ -70.88484463587605, 42.747524218164962 ], [ -70.888599624660941, 42.749442225688888 ], [ -70.89042462705288, 42.748989229238909 ], [ -70.889061632795688, 42.747997226487115 ], [ -70.889679637648882, 42.747129227636179 ], [ -70.891353632034367, 42.748093230997284 ], [ -70.89326163439226, 42.747644234713206 ], [ -70.891370646261166, 42.745578230844906 ], [ -70.892890648748704, 42.745112233799809 ], [ -70.892819654015781, 42.744182233592397 ], [ -70.894378653505527, 42.744245236663915 ], [ -70.893765647249225, 42.745362235538686 ], [ -70.895182635893576, 42.747346238466605 ], [ -70.895821636849917, 42.747166239709578 ], [ -70.897058656954357, 42.743588241890151 ], [ -70.898987665136445, 42.742106245584033 ], [ -70.922319701104243, 42.735298291158138 ], [ -70.924123697011694, 42.735991294753781 ], [ -70.930735681891107, 42.738556307919133 ], [ -70.942490647246544, 42.74451433132257 ], [ -70.947539632457207, 42.747064341345229 ], [ -70.959691610613675, 42.753832362181406 ], [ -70.967186605003306, 42.758276372448989 ], [ -70.963417597463135, 42.765376359319866 ] ] ] } },
{ "type": "Feature", "properties": { "STATEFP": "25", "COUNTYFP": "021", "COUSUBFP": "17405", "NAME": "Dover", "NAMELSAD": "Dover town", "GEOID": "2502117405" }, "geometry": { "type": "Polygon", "coordinates": [ [ [ -71.341658000097141, 42.22192201324016 ], [ -71.341013002289955, 42.224472000346083 ], [ -71.336747009181053, 42.227492982538521 ], [ -71.333582014576919, 42.230396966035215 ], [ -71.331732017364843, 42.231436959589338 ], [ -71.329696020792895, 42.233327948818854 ], [ -71.331186021155986, 42.237584929033822 ], [ -71.330778023401109, 42.241050911723939 ], [ -71.329773025365498, 42.24259290339382 ], [ -71.329437027121742, 42.245301889837258 ], [ -71.332435024869042, 42.247728880244125 ], [ -71.332497025488152, 42.249074873694695 ], [ -71.302923059269247, 42.248273854659544 ], [ -71.305833032356404, 42.260080843202893 ], [ -71.308461003604421, 42.270708839672544 ], [ -71.309460989471432, 42.276057837602963 ], [ -71.304636989818576, 42.278357833076001 ], [ -71.300611984292814, 42.282724828148446 ], [ -71.298220989546849, 42.281761826998128 ], [ -71.297514992452577, 42.280908826929888 ], [ -71.297788996174546, 42.279207827938578 ], [ -71.299685000702667, 42.276341830644192 ], [ -71.299472004749418, 42.274757831269618 ], [ -71.295621011235056, 42.273998828928505 ], [ -71.294844014430126, 42.273051828829921 ], [ -71.295654014801983, 42.272483829673327 ], [ -71.296803013119685, 42.272606830429005 ], [ -71.297601012734461, 42.272363831111782 ], [ -71.297850012865467, 42.272182831375908 ], [ -71.298392014218948, 42.271341832168687 ], [ -71.298776014424789, 42.271061832578532 ], [ -71.299771014531402, 42.270515833555848 ], [ -71.299902014914295, 42.27028983376028 ], [ -71.299746016721073, 42.269612833979892 ], [ -71.299758017388243, 42.269327834128006 ], [ -71.300981021552374, 42.266975836167944 ], [ -71.296444026883719, 42.267012832853133 ], [ -71.295284029045305, 42.266686832165163 ], [ -71.294864033726157, 42.264929832691962 ], [ -71.293676031501747, 42.266460831101334 ], [ -71.291941031625228, 42.267281829456365 ], [ -71.289857037224706, 42.265967828545378 ], [ -71.287519041745526, 42.265232827169683 ], [ -71.286510041008853, 42.266054826063367 ], [ -71.284824046069829, 42.264757825405894 ], [ -71.283958052133286, 42.262615825710341 ], [ -71.279529063252227, 42.260101823497351 ], [ -71.277661064831506, 42.260366821987773 ], [ -71.27214706739845, 42.262058817185469 ], [ -71.27056407184557, 42.260945816450764 ], [ -71.271439075265803, 42.259024817869445 ], [ -71.270732079300188, 42.257640817886305 ], [ -71.26757908808824, 42.255430816354455 ], [ -71.265307091787363, 42.254972814792907 ], [ -71.264849091455233, 42.255348814300497 ], [ -71.265455080212959, 42.259926813025999 ], [ -71.263106084857725, 42.259106811570931 ], [ -71.262237089455226, 42.257546811493476 ], [ -71.256595102225091, 42.254838808173751 ], [ -71.248845105576407, 42.255591801219474 ], [ -71.247093096084626, 42.258038797909464 ], [ -71.24521108908975, 42.259251794824635 ], [ -71.240556078661356, 42.259211788185823 ], [ -71.236485068077442, 42.259824782177205 ], [ -71.232286061751154, 42.258424776609701 ], [ -71.232238065091181, 42.256897777009165 ], [ -71.247271107758465, 42.214373983301812 ], [ -71.251417108593003, 42.202613048582528 ], [ -71.254236104924004, 42.202825049335537 ], [ -71.25821409998882, 42.204071045570792 ], [ -71.260969096377494, 42.20410404720927 ], [ -71.263601092725153, 42.203377052635616 ], [ -71.267610086751006, 42.200904067816438 ], [ -71.269570084036658, 42.20049907113949 ], [ -71.269559084074345, 42.200579070726512 ], [ -71.268089088575394, 42.209580024075699 ], [ -71.271059086510988, 42.215631995389195 ], [ -71.287879065069177, 42.215531007457344 ], [ -71.311319035171451, 42.215398024221372 ], [ -71.338506000459205, 42.21523004371101 ], [ -71.338624001199406, 42.216894035663643 ], [ -71.340966998887978, 42.218108031359691 ], [ -71.343166997488808, 42.220613020681242 ], [ -71.341658000097141, 42.22192201324016 ] ] ] } },
{ "type": "Feature", "properties": { "STATEFP": "25", "COUNTYFP": "027", "COUSUBFP": "75400", "NAME": "West Brookfield", "NAMELSAD": "West Brookfield town", "GEOID": "2502775400" }, "geometry": { "type": "Polygon", "coordinates": [ [ [ -72.217649354834521, 42.270171979531106 ], [ -72.212779369238419, 42.269804984536279 ], [ -72.212043368714291, 42.282651969266361 ], [ -72.207109382713995, 42.285245970338615 ], [ -72.20395739125486, 42.288877968445725 ], [ -72.203281392773405, 42.291181966075939 ], [ -72.210798369912325, 42.29447895560952 ], [ -72.169044492469837, 42.297850985511751 ], [ -72.170446489071438, 42.294033989781923 ], [ -72.170543489272404, 42.29152299326261 ], [ -72.164741506418792, 42.291356998397632 ], [ -72.161738515177731, 42.291876000178029 ], [ -72.161540516433462, 42.288354005474851 ], [ -72.144948564827317, 42.291221015319756 ], [ -72.145690565237913, 42.277160036119575 ], [ -72.134811596549881, 42.281146039703913 ], [ -72.117351648391562, 42.278820059029208 ], [ -72.125037628475752, 42.263473076861501 ], [ -72.113292664908371, 42.252431106514514 ], [ -72.117304643443916, 42.242952091954102 ], [ -72.111251654739561, 42.238582089158548 ], [ -72.112742642619835, 42.233199076560602 ], [ -72.118793621930323, 42.230946065712956 ], [ -72.119426606064891, 42.221117044824204 ], [ -72.119864594755285, 42.21406902985931 ], [ -72.121909589800993, 42.214658028959967 ], [ -72.124566584678334, 42.21636002972334 ], [ -72.129843576521807, 42.221237034336752 ], [ -72.142257508677289, 42.197451972371219 ], [ -72.139701491250577, 42.179547938029231 ], [ -72.147210473319404, 42.181471934158402 ], [ -72.151686484108296, 42.198714965188543 ], [ -72.153902489195488, 42.207182980429479 ], [ -72.168215477928456, 42.22966001228847 ], [ -72.171532474599999, 42.234513018965416 ], [ -72.172975470965213, 42.234933018358412 ], [ -72.174507468785123, 42.236702020465387 ], [ -72.177298461278355, 42.23715901855568 ], [ -72.179737463982406, 42.244934032236728 ], [ -72.179567466139716, 42.246255035159443 ], [ -72.181126461354793, 42.246074033190368 ], [ -72.182047460772907, 42.247762035763884 ], [ -72.182506461948819, 42.251387038058155 ], [ -72.211079378114462, 42.251262009237685 ], [ -72.211101377127221, 42.25567700371333 ], [ -72.216091362364267, 42.256196998106745 ], [ -72.21651436039393, 42.259647993465009 ], [ -72.217570355484185, 42.26819798201074 ], [ -72.217649354834521, 42.270171979531106 ] ] ] } },
{ "type": "Feature", "properties": { "STATEFP": "25", "COUNTYFP": "003", "COUSUBFP": "71095", "NAME": "Tyringham", "NAMELSAD": "Tyringham town", "GEOID": "2500371095" }, "geometry": { "type": "Polygon", "coordinates": [ [ [ -73.243992374911841, 42.257060223471051 ], [ -73.234096375099824, 42.269001190046907 ], [ -73.226147376479872, 42.278578164002219 ], [ -73.160877409473684, 42.286598094921125 ], [ -73.161560399573716, 42.247603154671751 ], [ -73.162093408633638, 42.196991103507003 ], [ -73.256796395459531, 42.241672236420406 ], [ -73.243992374911841, 42.257060223471051 ] ] ] } },
{ "type": "Feature", "properties": { "STATEFP": "25", "COUNTYFP": "005", "COUSUBFP": "16425", "NAME": "Dartmouth", "NAMELSAD": "Dartmouth town", "GEOID": "2500516425" }, "geometry": { "type": "Polygon", "coordinates": [ [ [ -71.076675346112197, 41.687469660186835 ], [ -71.066630329183539, 41.685619662372126 ], [ -71.041531294909916, 41.697615696418609 ], [ -71.011896260626173, 41.711778742993864 ], [ -70.993567238711819, 41.720535738625379 ], [ -70.965395191040898, 41.734003618938736 ], [ -70.976074179202087, 41.685179595518427 ], [ -70.977504177030028, 41.678708590758689 ], [ -70.972785156968584, 41.66050654376744 ], [ -70.971163150439509, 41.654323528595427 ], [ -70.969695144622108, 41.64865551513612 ], [ -70.960454126741269, 41.640225473551986 ], [ -70.959645123625492, 41.636657466512808 ], [ -70.959012122226042, 41.635650463314335 ], [ -70.958438120965937, 41.634737460438295 ], [ -70.953822111152434, 41.62742343817618 ], [ -70.951643106705234, 41.623965428175261 ], [ -70.949731102903513, 41.620933419674039 ], [ -70.948161100668869, 41.620158414609683 ], [ -70.94527609661435, 41.618736405444487 ], [ -70.942630092953593, 41.617432397196723 ], [ -70.936423084582017, 41.614370378439908 ], [ -70.935754083206163, 41.612737375510171 ], [ -70.934652080974644, 41.610038370782092 ], [ -70.934612080894524, 41.609940370612897 ], [ -70.933345079748776, 41.610632367932865 ], [ -70.93296807943041, 41.610909367175914 ], [ -70.932347077796592, 41.608207363833138 ], [ -70.930586723206247, 41.607922157429151 ], [ -70.931046600798695, 41.607093933813637 ], [ -70.931169076062858, 41.606873360100415 ], [ -70.930000072674986, 41.600441353353034 ], [ -70.927393068026646, 41.594064343889492 ], [ -70.927820189901354, 41.592996377314343 ], [ -70.928131631332178, 41.592217655670289 ], [ -70.931297087201969, 41.584302814820987 ], [ -70.931326640655428, 41.584228919962769 ], [ -70.931338068490177, 41.584200346035722 ], [ -70.933777069306657, 41.580430348120707 ], [ -70.937618071465963, 41.577481352906098 ], [ -70.938813072557508, 41.57770035520528 ], [ -70.939306073999205, 41.580230358140319 ], [ -70.942468077289078, 41.581540365105198 ], [ -70.943891080511008, 41.586015371847452 ], [ -70.945625082348243, 41.586590375799879 ], [ -70.946850004188917, 41.586062229961961 ], [ -70.950245085582097, 41.584598382834841 ], [ -70.949195081948133, 41.579048375091695 ], [ -70.947014077131016, 41.57272236493089 ], [ -70.93783006682024, 41.5652393437272 ], [ -70.935431061455546, 41.555673333143183 ], [ -70.935315958131653, 41.554755820454474 ], [ -70.934825066942295, 41.550842823929095 ], [ -70.934562058329576, 41.548746327102904 ], [ -70.928520051781661, 41.539776314996267 ], [ -70.941785059060166, 41.540121327912878 ], [ -70.946302060319994, 41.537564329773154 ], [ -70.947929057479215, 41.529802323466299 ], [ -70.954884059476456, 41.527567325983064 ], [ -70.952617053637596, 41.518120313999397 ], [ -70.953299052274957, 41.515010310843387 ], [ -70.956601053640981, 41.515462312731735 ], [ -70.958027057591806, 41.521690320945083 ], [ -70.961354063563277, 41.52969833316844 ], [ -70.966583067174284, 41.531655339747964 ], [ -70.972287069273278, 41.530765342792577 ], [ -70.97661743560316, 41.528997644230394 ], [ -70.980131070576945, 41.527563343239592 ], [ -70.984647067087792, 41.520445333472338 ], [ -70.981557060870571, 41.513682320085479 ], [ -70.981708058226914, 41.510070313852196 ], [ -70.983956058006925, 41.50890031243258 ], [ -70.993890062876559, 41.511256319895523 ], [ -71.003275075238975, 41.511912326351883 ], [ -71.019354121534064, 41.508857335297364 ], [ -71.022253534147453, 41.504471271592365 ], [ -71.028523152665528, 41.513706353333362 ], [ -71.029945159658567, 41.517869362531783 ], [ -71.032708174122149, 41.527773383526203 ], [ -71.026596158238917, 41.530417383706052 ], [ -71.028839168726094, 41.536527397096954 ], [ -71.029742173001068, 41.53916240275673 ], [ -71.031434182458014, 41.546514417804673 ], [ -71.030175180365745, 41.548604420946688 ], [ -71.030945184915055, 41.552400428598261 ], [ -71.029040183057333, 41.557364436903278 ], [ -71.029731186983412, 41.560555443345045 ], [ -71.031578195367089, 41.566058454688459 ], [ -71.032171198804974, 41.569053460600948 ], [ -71.034574207596606, 41.573322469644538 ], [ -71.040721228032666, 41.581936487842363 ], [ -71.044898241179624, 41.587307498855807 ], [ -71.044858242407045, 41.589785503237259 ], [ -71.039737232388362, 41.593718508879121 ], [ -71.039016231807835, 41.595656512221147 ], [ -71.036814228137914, 41.598175516316822 ], [ -71.038319237539184, 41.608222535008842 ], [ -71.038072238149553, 41.610204538599184 ], [ -71.036514238971421, 41.617367551598264 ], [ -71.037730244443082, 41.622142560424976 ], [ -71.037768245274293, 41.623411562750171 ], [ -71.036637243275734, 41.624095563991375 ], [ -71.038517249579613, 41.628044571218929 ], [ -71.043067261973533, 41.63327758047383 ], [ -71.044860267433336, 41.63661258627026 ], [ -71.046151270364106, 41.63721758721686 ], [ -71.047057272638995, 41.638078588639459 ], [ -71.048874277336211, 41.64014859205114 ], [ -71.051732287022787, 41.648450605954459 ], [ -71.054186293972577, 41.653262613651187 ], [ -71.057761302880166, 41.658233621116793 ], [ -71.061362311737398, 41.663666629038381 ], [ -71.06376331730101, 41.666849633430338 ], [ -71.075118340837918, 41.678069646654713 ], [ -71.076675346112197, 41.687469660186835 ] ] ] } },
{ "type": "Feature", "properties": { "STATEFP": "25", "COUNTYFP": "027", "COUSUBFP": "06365", "NAME": "Bolton", "NAMELSAD": "Bolton town", "GEOID": "2502706365" }, "geometry": { "type": "Polygon", "coordinates": [ [ [ -71.660537558828025, 42.418546844505933 ], [ -71.656741574243767, 42.430956832395445 ], [ -71.653969584235981, 42.440365823150991 ], [ -71.642427602546078, 42.479502783901268 ], [ -71.635792528487741, 42.476890784326642 ], [ -71.600142157412009, 42.464750785579788 ], [ -71.548903686734675, 42.447307789524743 ], [ -71.550702707637214, 42.441066796602648 ], [ -71.559100792930721, 42.411942829211789 ], [ -71.564584833261605, 42.410927831416366 ], [ -71.579095937759064, 42.408238837176995 ], [ -71.585260981178862, 42.40709683959048 ], [ -71.602632093264745, 42.398499851585314 ], [ -71.604252103095064, 42.397702852677682 ], [ -71.608066131399468, 42.39942885171223 ], [ -71.630419308205958, 42.409536846436559 ], [ -71.660634558390981, 42.418231844811729 ], [ -71.660537558828025, 42.418546844505933 ] ] ] } },
{ "type": "Feature", "properties": { "STATEFP": "25", "COUNTYFP": "023", "COUSUBFP": "11665", "NAME": "Carver", "NAMELSAD": "Carver town", "GEOID": "2502311665" }, "geometry": { "type": "Polygon", "coordinates": [ [ [ -70.829827883424656, 41.927699468680821 ], [ -70.810905922488857, 41.93371346549938 ], [ -70.798198950433544, 41.937744466355795 ], [ -70.771718013213672, 41.946147475944699 ], [ -70.758693028272361, 41.947507470793646 ], [ -70.753527936872104, 41.933241393856839 ], [ -70.751154897206831, 41.927141359670621 ], [ -70.750651889370744, 41.925942352819618 ], [ -70.736425861879709, 41.909606270292485 ], [ -70.722660828662853, 41.893779196831275 ], [ -70.715944808770942, 41.886058163003881 ], [ -70.702512761768489, 41.870622099329772 ], [ -70.683548679211086, 41.84886401855497 ], [ -70.681142662615684, 41.84552800659165 ], [ -70.683788644894221, 41.844802000789741 ], [ -70.689657579052209, 41.839852973086259 ], [ -70.689827565293669, 41.838232965785629 ], [ -70.693733532891855, 41.836260952723606 ], [ -70.695195498721375, 41.832725935306193 ], [ -70.697547470081119, 41.830324921768323 ], [ -70.697570462725395, 41.829400917590476 ], [ -70.699726456443329, 41.829721916425186 ], [ -70.700711444573088, 41.82871391066638 ], [ -70.705014432688628, 41.829440908742122 ], [ -70.706359424319345, 41.829063905375492 ], [ -70.708287399493216, 41.82683189269887 ], [ -70.708555376324753, 41.823925878906834 ], [ -70.71161934402933, 41.821243862450963 ], [ -70.713700317536933, 41.81878384815694 ], [ -70.715041302538211, 41.817459840108228 ], [ -70.714541297049138, 41.816469836130608 ], [ -70.715898281241863, 41.815031827467422 ], [ -70.71525226753073, 41.812865818153767 ], [ -70.717159239451519, 41.810022801962162 ], [ -70.716580230153113, 41.80848579553242 ], [ -70.717780206590177, 41.805878781378539 ], [ -70.716925196303237, 41.804082774162907 ], [ -70.717773191360749, 41.80381377158394 ], [ -70.717536175152873, 41.801509761015446 ], [ -70.737275100579808, 41.800504725049507 ], [ -70.738761094856073, 41.800407722214473 ], [ -70.740871087115181, 41.800324718458612 ], [ -70.753282131970138, 41.811076772954372 ], [ -70.759416174988928, 41.816386824368131 ], [ -70.770260248864616, 41.825776911500036 ], [ -70.772342289258489, 41.83177294708716 ], [ -70.775065290900699, 41.831558955967346 ], [ -70.776329296889088, 41.832291963873118 ], [ -70.779028295747651, 41.831636970681792 ], [ -70.779937308638353, 41.833547982477498 ], [ -70.784560314787413, 41.833740999855614 ], [ -70.786812327247802, 41.835381014932395 ], [ -70.788942336145496, 41.836474027090794 ], [ -70.789714346044548, 41.837969036104916 ], [ -70.787885353375529, 41.839471036152396 ], [ -70.788411364387287, 41.841189045259611 ], [ -70.790842380476477, 41.843451062997794 ], [ -70.789802385607459, 41.844454063748856 ], [ -70.79022639629413, 41.846147072276473 ], [ -70.791514398053181, 41.846246076913992 ], [ -70.794466418586623, 41.849215098776995 ], [ -70.794849428609268, 41.850826106604195 ], [ -70.79366343973453, 41.852834111127329 ], [ -70.793926466709067, 41.857272130223933 ], [ -70.797198492961215, 41.861250156166591 ], [ -70.799004493793603, 41.861180161164143 ], [ -70.801551502046593, 41.862275172922637 ], [ -70.809184544581115, 41.868694219157241 ], [ -70.8117795744094, 41.873586244360851 ], [ -70.804695578391929, 41.874892230774144 ], [ -70.802481579699617, 41.875302226624818 ], [ -70.803649600648427, 41.878756243077994 ], [ -70.806889657785035, 41.888270287462433 ], [ -70.815504805931511, 41.913628398598632 ], [ -70.822341843700272, 41.920360433294853 ], [ -70.829827883424656, 41.927699468680821 ] ] ] } },
{ "type": "Feature", "properties": { "STATEFP": "25", "COUNTYFP": "003", "COUSUBFP": "13345", "NAME": "Cheshire", "NAMELSAD": "Cheshire town", "GEOID": "2500313345" }, "geometry": { "type": "Polygon", "coordinates": [ [ [ -73.207233451463921, 42.550179726685002 ], [ -73.203503467264937, 42.556084726742995 ], [ -73.209356458550033, 42.557131726138813 ], [ -73.204494478794132, 42.564687726196013 ], [ -73.210602469816422, 42.565678725623435 ], [ -73.201851505543772, 42.579186725622215 ], [ -73.199682525602512, 42.590032725155282 ], [ -73.204380542862793, 42.606071724021241 ], [ -73.174281577890724, 42.598506726010008 ], [ -73.140247628987481, 42.597095727970995 ], [ -73.084318714011914, 42.594759731402306 ], [ -73.080485700865111, 42.573622735318523 ], [ -73.095137664428989, 42.561579736118865 ], [ -73.095552663371663, 42.561239736136287 ], [ -73.085423679406802, 42.559500737339512 ], [ -73.088557663396983, 42.548408738906517 ], [ -73.103776638331567, 42.550811736985203 ], [ -73.107865615955959, 42.536464738700445 ], [ -73.146636549174971, 42.541066733774606 ], [ -73.165808473231451, 42.510932734413203 ], [ -73.18956543133713, 42.514788730846 ], [ -73.188433436250619, 42.516615730874094 ], [ -73.200893414760472, 42.51863872909562 ], [ -73.187487470160377, 42.538614729472513 ], [ -73.21210743037598, 42.542400726546546 ], [ -73.207233451463921, 42.550179726685002 ] ] ] } },
{ "type": "Feature", "properties": { "STATEFP": "25", "COUNTYFP": "011", "COUSUBFP": "35285", "NAME": "Leyden", "NAMELSAD": "Leyden town", "GEOID": "2501135285" }, "geometry": { "type": "Polygon", "coordinates": [ [ [ -72.674684946816697, 42.732850901136679 ], [ -72.616353350830835, 42.731232491483063 ], [ -72.598620111246333, 42.730740482607821 ], [ -72.589335843384944, 42.673535010636428 ], [ -72.593490871320469, 42.664826992828154 ], [ -72.585794871645504, 42.650907987276668 ], [ -72.615636961948212, 42.647461938091922 ], [ -72.620897977435533, 42.646871929591796 ], [ -72.619553971736224, 42.648595933418108 ], [ -72.621598974986711, 42.65098093281722 ], [ -72.624609983267206, 42.651394928650994 ], [ -72.626129984412216, 42.654695929656143 ], [ -72.624705979283817, 42.655592932776571 ], [ -72.625372979084219, 42.657774933948374 ], [ -72.627075982588281, 42.659468932965936 ], [ -72.631293994782666, 42.660245927036932 ], [ -72.63322900008319, 42.660997924679734 ], [ -72.631450993046627, 42.662753929218546 ], [ -72.631451990991906, 42.665080931472708 ], [ -72.633216996301456, 42.665402928913394 ], [ -72.637131005155851, 42.669989926805954 ], [ -72.641039017695974, 42.670267920570247 ], [ -72.642964022218479, 42.672930919733595 ], [ -72.646793033856781, 42.67473191484617 ], [ -72.649748043459809, 42.675293910312696 ], [ -72.651750049644562, 42.676403907828771 ], [ -72.653097052564945, 42.679925908400023 ], [ -72.655323059733121, 42.681145905521518 ], [ -72.654890057370537, 42.683141907874877 ], [ -72.652802049771793, 42.68369991199252 ], [ -72.652100046530165, 42.685285914529615 ], [ -72.656287060832682, 42.686732908267722 ], [ -72.655068055493459, 42.689010912260258 ], [ -72.656708060738367, 42.690794910722111 ], [ -72.662380081037654, 42.692450901702678 ], [ -72.662336080304755, 42.694448903278072 ], [ -72.663803085338984, 42.696167901854984 ], [ -72.663742084818253, 42.697294902799754 ], [ -72.66540109081933, 42.698547900632427 ], [ -72.666193093459057, 42.700349900454967 ], [ -72.669939107557312, 42.702620894999974 ], [ -72.67088311110102, 42.703703893957076 ], [ -72.670708109887713, 42.707997897246109 ], [ -72.674529125139344, 42.708309890071455 ], [ -72.673533120993952, 42.710648893560723 ], [ -72.672636117354472, 42.710757895383992 ], [ -72.672200115410334, 42.712655897521309 ], [ -72.67041010804239, 42.713076901329416 ], [ -72.669927105543451, 42.716848904898036 ], [ -72.672103114367388, 42.719386902278949 ], [ -72.674684946816697, 42.732850901136679 ] ] ] } },
{ "type": "Feature", "properties": { "STATEFP": "25", "COUNTYFP": "001", "COUSUBFP": "59735", "NAME": "Sandwich", "NAMELSAD": "Sandwich town", "GEOID": "2500159735" }, "geometry": { "type": "Polygon", "coordinates": [ [ [ -70.568924120582778, 41.648545097572622 ], [ -70.567398123026408, 41.64928309840824 ], [ -70.566319124864023, 41.651602094586281 ], [ -70.566892124097166, 41.654416086653995 ], [ -70.566687124530574, 41.656314082345752 ], [ -70.561450133486929, 41.661322079449441 ], [ -70.559152137476659, 41.663072079342541 ], [ -70.557761139994966, 41.664840077582575 ], [ -70.553086148394868, 41.668696076837342 ], [ -70.550096153971992, 41.671693075186404 ], [ -70.546747160643449, 41.676652069648071 ], [ -70.544529165945193, 41.683875056790306 ], [ -70.541983171377652, 41.687879052264663 ], [ -70.54100217372374, 41.690427048196071 ], [ -70.540385175949751, 41.695350037894237 ], [ -70.541731174158613, 41.698796027182823 ], [ -70.541715174381622, 41.699702025092719 ], [ -70.541936174229662, 41.700973021676631 ], [ -70.537786184393653, 41.710378008080731 ], [ -70.537885184773785, 41.712805002239868 ], [ -70.53857918385242, 41.714768996250342 ], [ -70.526214315958896, 41.758130960563456 ], [ -70.523281443058977, 41.768192989688714 ], [ -70.520661487785986, 41.771345001977231 ], [ -70.520337514089817, 41.773464007354917 ], [ -70.519639685199309, 41.78754604011003 ], [ -70.519413945452527, 41.792771117717635 ], [ -70.517411733211489, 41.790953051501603 ], [ -70.517315399086328, 41.790899540259169 ], [ -70.497009056849919, 41.779619871663471 ], [ -70.494519646797087, 41.778237066902278 ], [ -70.494365431942185, 41.776811634477056 ], [ -70.494354330401492, 41.776709021165047 ], [ -70.494229231488958, 41.775552711900282 ], [ -70.494211187263105, 41.775385926224779 ], [ -70.494048594954521, 41.773883059326643 ], [ -70.475783359535129, 41.763880098633862 ], [ -70.471552527969365, 41.76156308178134 ], [ -70.447822963825388, 41.754350886806876 ], [ -70.429816569835069, 41.748878150510805 ], [ -70.428650756411869, 41.747942870434244 ], [ -70.428585887215306, 41.747890828773059 ], [ -70.428579541853125, 41.747885738172172 ], [ -70.428309574857806, 41.747669155700962 ], [ -70.399988685132897, 41.74172122399473 ], [ -70.383592146092681, 41.739764072654879 ], [ -70.393246523063524, 41.7298351221785 ], [ -70.394245693389692, 41.729996252652725 ], [ -70.396384682037962, 41.727868251491998 ], [ -70.39603962692658, 41.727031471335302 ], [ -70.396722678720337, 41.726346253034286 ], [ -70.412191598804483, 41.71080224689041 ], [ -70.423926540708322, 41.699014244374609 ], [ -70.436083482814524, 41.686797243733871 ], [ -70.441157459340019, 41.681695244060869 ], [ -70.458737381177869, 41.6640412478366 ], [ -70.471112339206726, 41.665964225014214 ], [ -70.472326333525146, 41.663933227103598 ], [ -70.475371320053824, 41.659745230697112 ], [ -70.480554302889274, 41.66102422028348 ], [ -70.482171300326527, 41.665975207804316 ], [ -70.474925334232935, 41.678456194414387 ], [ -70.475553334620287, 41.682421185537528 ], [ -70.478220326645086, 41.685114175719555 ], [ -70.497200256228751, 41.683482147250906 ], [ -70.497048255779163, 41.681476151764819 ], [ -70.496770255085281, 41.67808715941613 ], [ -70.493852264963479, 41.676831166828705 ], [ -70.493653263781454, 41.673233174711058 ], [ -70.495240257209602, 41.671485175857946 ], [ -70.497460249124728, 41.671119173103698 ], [ -70.497157250009892, 41.670734174402938 ], [ -70.502711236185704, 41.672771160499636 ], [ -70.511316222628849, 41.676077137276764 ], [ -70.511569222057346, 41.675760137500461 ], [ -70.511783221565921, 41.675470137738358 ], [ -70.512037221024684, 41.675228137796573 ], [ -70.512207220684488, 41.675120137717066 ], [ -70.513440218003538, 41.673775138385366 ], [ -70.515497212544275, 41.668806145577364 ], [ -70.516086210582074, 41.666257150154649 ], [ -70.516394209290112, 41.664192154180107 ], [ -70.51934420170906, 41.656768165425149 ], [ -70.520805198716459, 41.654998166795842 ], [ -70.523175193374087, 41.650439172875281 ], [ -70.530504180001358, 41.644368173955584 ], [ -70.535890170880847, 41.641294171808582 ], [ -70.539647164205917, 41.63721217492315 ], [ -70.567900122058845, 41.645534106780396 ], [ -70.567705122429857, 41.6469481036304 ], [ -70.568924120582778, 41.648545097572622 ] ] ] } },
{ "type": "Feature", "properties": { "STATEFP": "25", "COUNTYFP": "017", "COUSUBFP": "15060", "NAME": "Concord", "NAMELSAD": "Concord town", "GEOID": "2501715060" }, "geometry": { "type": "Polygon", "coordinates": [ [ [ -71.430389402275722, 42.436936775878586 ], [ -71.417622371933305, 42.455925757087904 ], [ -71.417369371345671, 42.456301756731499 ], [ -71.414950365749803, 42.459897753353722 ], [ -71.408455350953844, 42.469551744561244 ], [ -71.408132350216164, 42.470035744131216 ], [ -71.393882318946979, 42.491214726294061 ], [ -71.384957289051371, 42.504465708586949 ], [ -71.369926320726861, 42.503722712183098 ], [ -71.353624354734634, 42.502919715412744 ], [ -71.317538423369655, 42.502424719245766 ], [ -71.318305436634134, 42.498193721847386 ], [ -71.318585453306909, 42.491156725712194 ], [ -71.319303463918928, 42.48628872840569 ], [ -71.316987473154015, 42.484180729498398 ], [ -71.317214474264745, 42.483560729843497 ], [ -71.318488474186722, 42.482672730373054 ], [ -71.320806471303257, 42.482183730727712 ], [ -71.321268474576357, 42.480514731676777 ], [ -71.318636483815098, 42.478621732606115 ], [ -71.318562484149581, 42.478537732648704 ], [ -71.316947491497118, 42.47668173358057 ], [ -71.313768503113394, 42.474181734742473 ], [ -71.309465505220729, 42.47640373331587 ], [ -71.306552515063444, 42.474426734164545 ], [ -71.303804519809617, 42.474439733987786 ], [ -71.301868525989633, 42.473265734450486 ], [ -71.300818526887639, 42.4736517341913 ], [ -71.29872053230568, 42.472908734417302 ], [ -71.289676563903001, 42.466181736888238 ], [ -71.289302568386915, 42.464556737596098 ], [ -71.298845556554198, 42.462668739407633 ], [ -71.302282552265382, 42.462009740077924 ], [ -71.303191552529526, 42.461253740548734 ], [ -71.30480457020758, 42.452759745011448 ], [ -71.309594561313489, 42.453106745459984 ], [ -71.310778558360369, 42.453503745405889 ], [ -71.311323556837309, 42.453753745344557 ], [ -71.312667552604182, 42.45456574508583 ], [ -71.313618549890833, 42.455022744961298 ], [ -71.32013055150999, 42.449865748630344 ], [ -71.333575555334733, 42.439248756868359 ], [ -71.335379556025302, 42.437775758072561 ], [ -71.352560555265981, 42.426922768303029 ], [ -71.354507564487591, 42.422045771962672 ], [ -71.357084566004474, 42.419825774049251 ], [ -71.35915256056559, 42.420665773968167 ], [ -71.362562554121084, 42.421055774497503 ], [ -71.364573553409045, 42.420078775647113 ], [ -71.363928564823794, 42.416021778314743 ], [ -71.365212569629449, 42.413352780500738 ], [ -71.366340569473465, 42.412719781236248 ], [ -71.374590548389207, 42.415840781102673 ], [ -71.396264492408136, 42.424019779981776 ], [ -71.405434468369776, 42.427507779142694 ], [ -71.414579444301239, 42.430959778124446 ], [ -71.422776422565704, 42.434061777032888 ], [ -71.430389402275722, 42.436936775878586 ] ] ] } },
{ "type": "Feature", "properties": { "STATEFP": "25", "COUNTYFP": "015", "COUSUBFP": "46330", "NAME": "Northampton", "NAMELSAD": "Northampton city", "GEOID": "2501546330" }, "geometry": { "type": "Polygon", "coordinates": [ [ [ -72.741217005103735, 42.362729600243235 ], [ -72.723716011853782, 42.364914614313037 ], [ -72.675310029833483, 42.370949652487461 ], [ -72.672126030985893, 42.371352654965307 ], [ -72.640265042175514, 42.375253679406413 ], [ -72.636654032768305, 42.361518672225991 ], [ -72.636397032107922, 42.360544671724405 ], [ -72.636190028695083, 42.355919668636666 ], [ -72.633941025779862, 42.351155666921244 ], [ -72.63751902330263, 42.349257663021405 ], [ -72.638910021209043, 42.347030660450201 ], [ -72.639129019930962, 42.345425659160775 ], [ -72.638016019336135, 42.34418865910272 ], [ -72.633691020874949, 42.344482662467222 ], [ -72.624558022823294, 42.343341668362875 ], [ -72.620793022900259, 42.341853670122092 ], [ -72.619499022058932, 42.340133669923929 ], [ -72.61849302023532, 42.337164668688217 ], [ -72.617706019988333, 42.336473668814058 ], [ -72.612283019491642, 42.333339670801521 ], [ -72.60822601947676, 42.331448672623004 ], [ -72.603414019821443, 42.329678675122111 ], [ -72.59294602198149, 42.327764681866249 ], [ -72.587460023380387, 42.3271206856489 ], [ -72.585786023217196, 42.326031686264884 ], [ -72.584380022307542, 42.323941686078228 ], [ -72.584238020651938, 42.321364684632975 ], [ -72.586607018086852, 42.318734681204404 ], [ -72.588321016962553, 42.317946679390268 ], [ -72.592722014802803, 42.317030675394534 ], [ -72.593694014089763, 42.316482674295507 ], [ -72.595272011945269, 42.314147671605923 ], [ -72.597169008838719, 42.310591667885028 ], [ -72.599228006207738, 42.307848664522595 ], [ -72.611289993254346, 42.295805647035564 ], [ -72.6137039898898, 42.292394642813463 ], [ -72.614700987930334, 42.290198640541782 ], [ -72.619751985779274, 42.290001636216218 ], [ -72.624520982527059, 42.2881476309988 ], [ -72.629292978395526, 42.285145624958417 ], [ -72.634053976481709, 42.285173620980451 ], [ -72.636195976315889, 42.286112619838448 ], [ -72.637440976784944, 42.287405619702092 ], [ -72.64067697300456, 42.284136614686581 ], [ -72.64213997548606, 42.28818461632936 ], [ -72.643706975093309, 42.288493615242729 ], [ -72.644433975256106, 42.289087615061035 ], [ -72.646137975634147, 42.290467614632611 ], [ -72.648765975636863, 42.291823613431156 ], [ -72.656039971239466, 42.289879605983373 ], [ -72.66021596908088, 42.289253602048291 ], [ -72.672034965123544, 42.290192592932797 ], [ -72.672090966476631, 42.291886594182536 ], [ -72.684323960442612, 42.290440582924475 ], [ -72.736725933902676, 42.284240533955192 ], [ -72.738275958836638, 42.311866557162766 ], [ -72.741217005103735, 42.362729600243235 ] ] ] } },
{ "type": "Feature", "properties": { "STATEFP": "25", "COUNTYFP": "003", "COUSUBFP": "26815", "NAME": "Great Barrington", "NAMELSAD": "Great Barrington town", "GEOID": "2500326815" }, "geometry": { "type": "Polygon", "coordinates": [ [ [ -73.414358838345521, 42.225231222916634 ], [ -73.396237788442406, 42.225038222244159 ], [ -73.402447754242374, 42.25854024792752 ], [ -73.380754699919109, 42.258533244833529 ], [ -73.378832695113033, 42.258506244611333 ], [ -73.376727689834965, 42.258531244260581 ], [ -73.375744687373015, 42.258532244117795 ], [ -73.365938662817584, 42.258527242722955 ], [ -73.365924662613821, 42.259145241497393 ], [ -73.364463659129555, 42.258506242553267 ], [ -73.362727654788259, 42.258484242348239 ], [ -73.35882364502568, 42.258434241888466 ], [ -73.328248568582623, 42.258028238328812 ], [ -73.289192470964068, 42.257506233821289 ], [ -73.243992374911841, 42.257060223471051 ], [ -73.256796395459531, 42.241672236420406 ], [ -73.290053511056044, 42.200932192234468 ], [ -73.290668525302863, 42.183968172392106 ], [ -73.289136528670113, 42.172284159116252 ], [ -73.287242531342216, 42.159197144497234 ], [ -73.29708856590247, 42.159210141655393 ], [ -73.365179803887798, 42.159903122949203 ], [ -73.389012886929777, 42.160150116513492 ], [ -73.408418954656184, 42.160250111140243 ], [ -73.411760911546821, 42.186588155857876 ], [ -73.413944919025411, 42.1863611551086 ], [ -73.413794907431381, 42.191644164344311 ], [ -73.412499902574169, 42.192017165171215 ], [ -73.413883883947619, 42.202936184025162 ], [ -73.414084863936523, 42.212723201085694 ], [ -73.414358838345521, 42.225231222916634 ] ] ] } },
{ "type": "Feature", "properties": { "STATEFP": "25", "COUNTYFP": "023", "COUSUBFP": "08130", "NAME": "Bridgewater Town", "NAMELSAD": "Bridgewater Town city", "GEOID": "2502308130" }, "geometry": { "type": "Polygon", "coordinates": [ [ [ -71.054185023500636, 41.982716742014624 ], [ -71.028552045923234, 41.990356698180072 ], [ -71.025262048949671, 41.991342692233928 ], [ -71.002718070354746, 41.998053649568988 ], [ -70.990608080113688, 42.003908627803625 ], [ -70.980968086330705, 42.006750617188885 ], [ -70.978787087767415, 42.007395614737931 ], [ -70.979586079587008, 42.010999596813164 ], [ -70.965496102801538, 42.008213614971034 ], [ -70.953981121560645, 42.00591063024558 ], [ -70.942547134500884, 42.006608630479526 ], [ -70.939187137342941, 42.007351627782782 ], [ -70.939173137436512, 42.007309628002034 ], [ -70.934789141950574, 42.007847626660642 ], [ -70.930310147644732, 42.00779862835288 ], [ -70.926018151018013, 42.008939623822279 ], [ -70.925389151944998, 42.008861624425208 ], [ -70.920479161078092, 42.007145634916654 ], [ -70.918633165428702, 42.005955641727319 ], [ -70.917542168876281, 42.004735648462834 ], [ -70.917547172824172, 42.002428660514497 ], [ -70.91414617593297, 41.998814672923011 ], [ -70.914076174870075, 41.998552672612625 ], [ -70.913057169607683, 41.997076671030868 ], [ -70.910920170543491, 41.996719671175562 ], [ -70.909272170296816, 41.99622967096456 ], [ -70.90285617940161, 41.996589673270087 ], [ -70.899186182466508, 41.99632167386725 ], [ -70.89977614501565, 41.988284660745755 ], [ -70.901400119162943, 41.982981652261003 ], [ -70.911481097103803, 41.980227648993043 ], [ -70.912227088566254, 41.978448646727792 ], [ -70.911727082671817, 41.977007644737959 ], [ -70.908625073135894, 41.974238640288412 ], [ -70.908870064796091, 41.972411637796441 ], [ -70.90727805623898, 41.97019963415952 ], [ -70.90728604404039, 41.967472630249929 ], [ -70.908534038248092, 41.966387629234241 ], [ -70.910828034846134, 41.966009629717924 ], [ -70.909854027463084, 41.964180626774223 ], [ -70.912484020926541, 41.963127626670413 ], [ -70.913436021264388, 41.963358627454284 ], [ -70.914810014956998, 41.962138626615328 ], [ -70.913549012186351, 41.961306624871639 ], [ -70.914723010006739, 41.960991625125224 ], [ -70.917414012140057, 41.961906627728681 ], [ -70.919623011272364, 41.962060629096406 ], [ -70.920380015337543, 41.9631306307055 ], [ -70.921790011552204, 41.962478630713797 ], [ -70.922837998413215, 41.959564628157132 ], [ -70.923780995490162, 41.959022628152198 ], [ -70.928238997414297, 41.960178631946775 ], [ -70.932061990421417, 41.959104633254718 ], [ -70.933935980666817, 41.957026632719675 ], [ -70.934368973154179, 41.955259631601045 ], [ -70.935839965324703, 41.953556631333932 ], [ -70.936776950250092, 41.949981629391367 ], [ -70.936528940221777, 41.947484627333665 ], [ -70.936674931890252, 41.94545362596137 ], [ -70.937775925076735, 41.943898625875541 ], [ -70.938626914994515, 41.941496625033331 ], [ -70.941054901871041, 41.938470625593823 ], [ -70.942641896992043, 41.937393626686628 ], [ -70.94368988682119, 41.934925626446109 ], [ -70.945950877853733, 41.932833628023332 ], [ -70.946713876860386, 41.932637628861791 ], [ -70.948287882428261, 41.934179631517139 ], [ -70.954297882224935, 41.93461563884442 ], [ -70.956291879200336, 41.933985641035306 ], [ -70.959310881295465, 41.934791644823157 ], [ -70.960429884774854, 41.93581764632637 ], [ -70.965650886458064, 41.93675165241698 ], [ -70.968518891839366, 41.938508655646039 ], [ -70.973391895531492, 41.94005266077307 ], [ -70.976063892168114, 41.939395663723921 ], [ -70.979223894616723, 41.940446666830738 ], [ -70.987259881428187, 41.937481676607511 ], [ -70.987347877363391, 41.936284677257078 ], [ -70.98954686233283, 41.932007681969282 ], [ -70.991521860501905, 41.931622684647927 ], [ -70.998210866293391, 41.933994691349511 ], [ -70.998294855435461, 41.930629693871843 ], [ -70.99977385198298, 41.929671696487695 ], [ -71.010567887683194, 41.940079700514318 ], [ -71.016588900912623, 41.943865704972765 ], [ -71.021046909762177, 41.946407708739549 ], [ -71.042627953520594, 41.959516730333064 ], [ -71.04948596513232, 41.963094738642063 ], [ -71.049776968765471, 41.964307738791419 ], [ -71.054185023500636, 41.982716742014624 ] ] ] } },
{ "type": "Feature", "properties": { "STATEFP": "25", "COUNTYFP": "011", "COUSUBFP": "68400", "NAME": "Sunderland", "NAMELSAD": "Sunderland town", "GEOID": "2501168400" }, "geometry": { "type": "Polygon", "coordinates": [ [ [ -72.589558106731531, 42.452514760911647 ], [ -72.589123109339809, 42.456332763479828 ], [ -72.587477113539734, 42.462353768009663 ], [ -72.585455116718151, 42.466833771758644 ], [ -72.584856117283465, 42.467601772524944 ], [ -72.581899120543071, 42.472141776731299 ], [ -72.575847124885371, 42.478054783200221 ], [ -72.573978125571458, 42.478901784599309 ], [ -72.571203127667005, 42.481860787651129 ], [ -72.570717128901819, 42.483743788971623 ], [ -72.570873131424165, 42.48771179119327 ], [ -72.569645133252195, 42.490471793355916 ], [ -72.568111137473352, 42.497003797808418 ], [ -72.567047138407816, 42.498410799090024 ], [ -72.556767124649937, 42.506494814322707 ], [ -72.520928110203528, 42.510222838439169 ], [ -72.524333127905876, 42.47650580736007 ], [ -72.534657116711102, 42.458473793108737 ], [ -72.534279107393971, 42.442211784995322 ], [ -72.530968100235413, 42.428852780071189 ], [ -72.540492097995724, 42.427628773959597 ], [ -72.54419909711163, 42.427149771567791 ], [ -72.575917089430277, 42.42325575095537 ], [ -72.581103088107596, 42.42257874751774 ], [ -72.587930100825247, 42.443375756201561 ], [ -72.589360104137597, 42.448607758623346 ], [ -72.589558106731531, 42.452514760911647 ] ] ] } },
{ "type": "Feature", "properties": { "STATEFP": "25", "COUNTYFP": "011", "COUSUBFP": "14885", "NAME": "Colrain", "NAMELSAD": "Colrain town", "GEOID": "2501114885" }, "geometry": { "type": "Polygon", "coordinates": [ [ [ -72.779257482570628, 42.735752323923244 ], [ -72.685763662721897, 42.733158279854734 ], [ -72.674684946816697, 42.732850901136679 ], [ -72.672103114367388, 42.719386902278949 ], [ -72.669927105543451, 42.716848904898036 ], [ -72.67041010804239, 42.713076901329416 ], [ -72.672200115410334, 42.712655897521309 ], [ -72.672636117354472, 42.710757895383992 ], [ -72.673533120993952, 42.710648893560723 ], [ -72.674529125139344, 42.708309890071455 ], [ -72.670708109887713, 42.707997897246109 ], [ -72.67088311110102, 42.703703893957076 ], [ -72.669939107557312, 42.702620894999974 ], [ -72.666193093459057, 42.700349900454967 ], [ -72.66540109081933, 42.698547900632427 ], [ -72.663742084818253, 42.697294902799754 ], [ -72.663803085338984, 42.696167901854984 ], [ -72.662336080304755, 42.694448903278072 ], [ -72.662380081037654, 42.692450901702678 ], [ -72.656708060738367, 42.690794910722111 ], [ -72.655068055493459, 42.689010912260258 ], [ -72.656287060832682, 42.686732908267722 ], [ -72.652100046530165, 42.685285914529615 ], [ -72.652802049771793, 42.68369991199252 ], [ -72.654890057370537, 42.683141907874877 ], [ -72.655323059733121, 42.681145905521518 ], [ -72.653097052564945, 42.679925908400023 ], [ -72.651750049644562, 42.676403907828771 ], [ -72.649748043459809, 42.675293910312696 ], [ -72.646793033856781, 42.67473191484617 ], [ -72.642964022218479, 42.672930919733595 ], [ -72.641039017695974, 42.670267920570247 ], [ -72.637131005155851, 42.669989926805954 ], [ -72.633216996301456, 42.665402928913394 ], [ -72.631451990991906, 42.665080931472708 ], [ -72.631450993046627, 42.662753929218546 ], [ -72.63322900008319, 42.660997924679734 ], [ -72.631293994782666, 42.660245927036932 ], [ -72.627075982588281, 42.659468932965936 ], [ -72.625372979084219, 42.657774933948374 ], [ -72.624705979283817, 42.655592932776571 ], [ -72.626129984412216, 42.654695929656143 ], [ -72.624609983267206, 42.651394928650994 ], [ -72.621598974986711, 42.65098093281722 ], [ -72.619553971736224, 42.648595933418108 ], [ -72.620897977435533, 42.646871929591796 ], [ -72.633040012855602, 42.645350909991045 ], [ -72.734357281084073, 42.633193756864216 ], [ -72.735114282913813, 42.633107755787556 ], [ -72.766092286247044, 42.629259734083135 ], [ -72.772647313097366, 42.658333736427579 ], [ -72.791076807305899, 42.736080275528934 ], [ -72.779257482570628, 42.735752323923244 ] ] ] } },
{ "type": "Feature", "properties": { "STATEFP": "25", "COUNTYFP": "027", "COUSUBFP": "02480", "NAME": "Athol", "NAMELSAD": "Athol town", "GEOID": "2502702480" }, "geometry": { "type": "Polygon", "coordinates": [ [ [ -72.276433917672776, 42.57737356963726 ], [ -72.275071920422263, 42.576692568442795 ], [ -72.273844917935534, 42.577432564800915 ], [ -72.273225911045586, 42.579341559994255 ], [ -72.271811915125554, 42.578300559397391 ], [ -72.271390922648038, 42.576272562591619 ], [ -72.270003922671293, 42.576336559960282 ], [ -72.268613917290509, 42.577871554372599 ], [ -72.265397918843874, 42.577610549015553 ], [ -72.26346392528697, 42.575956548938194 ], [ -72.261332925813377, 42.575921545175966 ], [ -72.263060897852341, 42.583432532528313 ], [ -72.267063833254966, 42.600812504955982 ], [ -72.265446832985305, 42.600956501068545 ], [ -72.262154836112444, 42.600250495241418 ], [ -72.260046833167323, 42.601142488663022 ], [ -72.258809823871573, 42.603719480317181 ], [ -72.25632881909398, 42.605121471584226 ], [ -72.25331081877583, 42.605335464177422 ], [ -72.254744795396363, 42.611613453417775 ], [ -72.251772793902575, 42.612138445072688 ], [ -72.240008817629018, 42.613720435943598 ], [ -72.238408818993193, 42.61461943366232 ], [ -72.231959840388868, 42.61394943445643 ], [ -72.229945844670965, 42.614387433195922 ], [ -72.227762844262031, 42.616222428653465 ], [ -72.228334832806596, 42.6188574225731 ], [ -72.227549823168673, 42.622073414970735 ], [ -72.229855816383534, 42.622083415233639 ], [ -72.229065811589621, 42.623998410667646 ], [ -72.230544808068899, 42.623781411359225 ], [ -72.231175798508971, 42.625861406588363 ], [ -72.227796806025808, 42.626497404675831 ], [ -72.225313798695623, 42.63042539518564 ], [ -72.226451778591937, 42.634945384779598 ], [ -72.22821176771528, 42.636493381400882 ], [ -72.229077758289776, 42.638353377177268 ], [ -72.224931768201458, 42.638936375254914 ], [ -72.167466907058142, 42.646515349463144 ], [ -72.164365968405107, 42.63261038208055 ], [ -72.158345983708031, 42.633210379861488 ], [ -72.156649024892729, 42.623599402534943 ], [ -72.154375030680498, 42.623828401704401 ], [ -72.154785043783292, 42.620036410794533 ], [ -72.158045043596402, 42.617553417107708 ], [ -72.170742083657558, 42.596996467421981 ], [ -72.167894080214978, 42.600143459643796 ], [ -72.163602099834932, 42.59828846358559 ], [ -72.161301096116759, 42.601075456706369 ], [ -72.158910109379946, 42.599423460376869 ], [ -72.1571041145816, 42.599454460106671 ], [ -72.157628115043735, 42.598922461430718 ], [ -72.159573116447277, 42.597029466147568 ], [ -72.160523121042175, 42.595066470920727 ], [ -72.162406120565848, 42.593718474326025 ], [ -72.165514124233368, 42.590307482757552 ], [ -72.163141136709626, 42.588854485969442 ], [ -72.16758913855243, 42.5848714958804 ], [ -72.175556096229727, 42.589869484824909 ], [ -72.178104125844044, 42.579972508519276 ], [ -72.185642214462391, 42.550359579204319 ], [ -72.196385187773629, 42.548919583405571 ], [ -72.244868174174769, 42.513438669411883 ], [ -72.269111080472968, 42.533424643982642 ], [ -72.271352029286859, 42.54722661938478 ], [ -72.273589978275766, 42.560998595886282 ], [ -72.27409997241719, 42.562567593676732 ], [ -72.276659943055606, 42.570437583005464 ], [ -72.276433917672776, 42.57737356963726 ] ] ] } },
{ "type": "Feature", "properties": { "STATEFP": "25", "COUNTYFP": "017", "COUSUBFP": "27480", "NAME": "Groton", "NAMELSAD": "Groton town", "GEOID": "2501727480" }, "geometry": { "type": "Polygon", "coordinates": [ [ [ -71.66047344590902, 42.63508740639233 ], [ -71.657978274909439, 42.649658359761347 ], [ -71.657930271588057, 42.649943358839046 ], [ -71.656412262718533, 42.649722354992861 ], [ -71.652466274483828, 42.645754354677372 ], [ -71.6489882641131, 42.644229349134804 ], [ -71.646949249631263, 42.644151343577633 ], [ -71.642610251501964, 42.640729341565255 ], [ -71.640740251980702, 42.639265340824075 ], [ -71.630784216278471, 42.635162326615315 ], [ -71.61552515401462, 42.629272306204406 ], [ -71.614180150715768, 42.628497305450729 ], [ -71.608245114221305, 42.627391294216615 ], [ -71.607251080367149, 42.630218281447277 ], [ -71.606030063933162, 42.630968275547097 ], [ -71.603562054729366, 42.62986327318481 ], [ -71.600654065859445, 42.62611227967335 ], [ -71.597975046558517, 42.625897273727013 ], [ -71.59312700269021, 42.626509259145962 ], [ -71.593703993723281, 42.628034254723822 ], [ -71.5929519768424, 42.629271248013978 ], [ -71.587918923699803, 42.630832228861173 ], [ -71.589215915578265, 42.632914224047468 ], [ -71.592751942714713, 42.632949233251374 ], [ -71.59308693751781, 42.633829230732779 ], [ -71.591261906658872, 42.63572721848238 ], [ -71.592425908194983, 42.636566218358958 ], [ -71.591749895670986, 42.637397213297227 ], [ -71.588838875552014, 42.637150206355585 ], [ -71.587326844222815, 42.639414193267918 ], [ -71.586150793947482, 42.644168171069538 ], [ -71.587149794510282, 42.644962170750468 ], [ -71.586476776811239, 42.646418163033687 ], [ -71.583822760438892, 42.646028156972896 ], [ -71.582960770314486, 42.644137162146208 ], [ -71.57984971477191, 42.647910137863448 ], [ -71.579928703582141, 42.64928813244822 ], [ -71.579099679604781, 42.651384121407396 ], [ -71.579409664322881, 42.653441113881307 ], [ -71.578886652239532, 42.654413108314607 ], [ -71.555107438972314, 42.659564013317464 ], [ -71.555510448290079, 42.658754018229409 ], [ -71.552420415424393, 42.660123002420988 ], [ -71.537135281404815, 42.663493938519707 ], [ -71.534295374197356, 42.648361003482982 ], [ -71.514968264452477, 42.643621972008333 ], [ -71.49648312443729, 42.649800909771535 ], [ -71.497477174335259, 42.641665949889656 ], [ -71.498592189244548, 42.638790961358637 ], [ -71.493527347610495, 42.617403093629271 ], [ -71.494797428865638, 42.604368159357477 ], [ -71.4975725786597, 42.580323281969754 ], [ -71.498005600277622, 42.576861299844879 ], [ -71.503036631652492, 42.575467308399574 ], [ -71.506410684842407, 42.57217133165355 ], [ -71.511411749964182, 42.56941535415649 ], [ -71.51145875060763, 42.569385354387364 ], [ -71.563178166511065, 42.577280399332061 ], [ -71.586244345852819, 42.580782424022942 ], [ -71.60084745741068, 42.582997441111978 ], [ -71.602362479865249, 42.582019447426212 ], [ -71.607257515386067, 42.582937452706524 ], [ -71.609192548654377, 42.581214462321526 ], [ -71.610850564265434, 42.581140465476444 ], [ -71.610827550585412, 42.582591460270983 ], [ -71.613480584016571, 42.581560468583909 ], [ -71.613297569494193, 42.582938463417243 ], [ -71.614802569583276, 42.584366461101972 ], [ -71.613832550894401, 42.585438455596986 ], [ -71.615268557964484, 42.586046456089072 ], [ -71.618253582585055, 42.586247460855525 ], [ -71.61882959430578, 42.585550464294805 ], [ -71.618880575490138, 42.587583457434512 ], [ -71.620367588723923, 42.587575460219327 ], [ -71.62413858963923, 42.590954455963995 ], [ -71.623308564362475, 42.592832448097553 ], [ -71.626036581084591, 42.593565450989296 ], [ -71.626647574738399, 42.594772448220468 ], [ -71.626038557556285, 42.596005442951281 ], [ -71.626190535721435, 42.5984034353582 ], [ -71.628311535850074, 42.600267433619941 ], [ -71.627606504493514, 42.602882423609763 ], [ -71.628927521422526, 42.602293428322071 ], [ -71.630346519521481, 42.603724426706492 ], [ -71.630077484281983, 42.607106415222702 ], [ -71.63226949819348, 42.607561418580097 ], [ -71.634804502549926, 42.609271418784466 ], [ -71.635375492702408, 42.610750415423389 ], [ -71.633844462623586, 42.612517406384136 ], [ -71.63571347912152, 42.612408410999961 ], [ -71.638025487540929, 42.613481412970479 ], [ -71.642322511560138, 42.614610419468747 ], [ -71.644019506615408, 42.616481417829171 ], [ -71.643303496820806, 42.61687441496472 ], [ -71.644670495548382, 42.618103414541565 ], [ -71.643730472666505, 42.619617407775344 ], [ -71.644210450081019, 42.622241401111566 ], [ -71.646038450455265, 42.623651401443418 ], [ -71.646564427941158, 42.626285395005162 ], [ -71.647796452468498, 42.624833402354753 ], [ -71.649761450259859, 42.626579402233503 ], [ -71.650361429998995, 42.62902339672889 ], [ -71.65176142770126, 42.630318396642089 ], [ -71.653085435630103, 42.630554399412411 ], [ -71.657686443229693, 42.633280403889138 ], [ -71.658242434377755, 42.634543401904438 ], [ -71.659039445878648, 42.634031405426292 ], [ -71.66047344590902, 42.63508740639233 ] ] ] } },
{ "type": "Feature", "properties": { "STATEFP": "25", "COUNTYFP": "023", "COUSUBFP": "79530", "NAME": "Whitman", "NAMELSAD": "Whitman town", "GEOID": "2502379530" }, "geometry": { "type": "Polygon", "coordinates": [ [ [ -70.976527932581888, 42.087239222818845 ], [ -70.975387933908479, 42.087496221448802 ], [ -70.958952952674579, 42.091544199640765 ], [ -70.950236962833699, 42.093710187697127 ], [ -70.946731967020398, 42.094552182986007 ], [ -70.926853993342064, 42.098145161806237 ], [ -70.915909008109566, 42.100123149828882 ], [ -70.90241305401662, 42.08589722313171 ], [ -70.912595040073782, 42.08449323136702 ], [ -70.909800069556397, 42.069592309604154 ], [ -70.90876607924902, 42.064748335133928 ], [ -70.9081080853977, 42.061663351420236 ], [ -70.908189085169695, 42.061727351079391 ], [ -70.912900072557747, 42.065019333607125 ], [ -70.929001046094584, 42.066248326875495 ], [ -70.951001022795793, 42.060875353628575 ], [ -70.962656996327723, 42.065622329412264 ], [ -70.975231966357441, 42.071178301791697 ], [ -70.975707954023235, 42.077052272883847 ], [ -70.976067944922349, 42.081371251647838 ], [ -70.976527932581888, 42.087239222818845 ] ] ] } },
{ "type": "Feature", "properties": { "STATEFP": "25", "COUNTYFP": "027", "COUSUBFP": "61800", "NAME": "Shrewsbury", "NAMELSAD": "Shrewsbury town", "GEOID": "2502761800" }, "geometry": { "type": "Polygon", "coordinates": [ [ [ -71.767200423978579, 42.31322595585425 ], [ -71.764457426564547, 42.312862954576396 ], [ -71.756515436044779, 42.312134950552824 ], [ -71.741420457266585, 42.317317942068989 ], [ -71.741746447111822, 42.31572594334866 ], [ -71.736790438162146, 42.316826942110232 ], [ -71.731825428723937, 42.317926940856431 ], [ -71.730214444395116, 42.321137938149548 ], [ -71.720500431369516, 42.324609934522293 ], [ -71.698674391906991, 42.332405926027839 ], [ -71.695478368018158, 42.330267927544142 ], [ -71.697644370817812, 42.329178928673954 ], [ -71.697590362066961, 42.327551930053495 ], [ -71.690966343759527, 42.328958928247125 ], [ -71.691140334199574, 42.326904930029805 ], [ -71.68788031502929, 42.32550193095279 ], [ -71.689716288986105, 42.31881993687341 ], [ -71.686962261000957, 42.314982939982769 ], [ -71.680422194865073, 42.305170948099622 ], [ -71.680255190134048, 42.304233948910287 ], [ -71.676997101276854, 42.286147964643689 ], [ -71.672934074307634, 42.281798968369628 ], [ -71.671573065515901, 42.280321969646863 ], [ -71.670116056379428, 42.278762971000759 ], [ -71.659142992775728, 42.266795981608666 ], [ -71.670633984195945, 42.261081986733323 ], [ -71.676441960196883, 42.254171992795825 ], [ -71.674455950873863, 42.25236499442078 ], [ -71.704659958022702, 42.248361997477453 ], [ -71.711404959688267, 42.245137999875439 ], [ -71.717986963729174, 42.245057999257334 ], [ -71.73123796917848, 42.24128599978647 ], [ -71.741961977270492, 42.243129997383775 ], [ -71.746078980360494, 42.243837996640274 ], [ -71.749968000643804, 42.25181299359248 ], [ -71.751193018613577, 42.254246992775784 ], [ -71.752270062177203, 42.260188989057824 ], [ -71.752864086989931, 42.263595986874506 ], [ -71.753515115235274, 42.267492984326502 ], [ -71.754741164776064, 42.274386979809897 ], [ -71.755752206135753, 42.280194975916508 ], [ -71.758111301263042, 42.293746966582482 ], [ -71.758542318420297, 42.296220964841034 ], [ -71.763104361640615, 42.303256961938381 ], [ -71.7682684084904, 42.311259958195798 ], [ -71.767200423978579, 42.31322595585425 ] ] ] } },
{ "type": "Feature", "properties": { "STATEFP": "25", "COUNTYFP": "017", "COUSUBFP": "37000", "NAME": "Lowell", "NAMELSAD": "Lowell city", "GEOID": "2501737000" }, "geometry": { "type": "Polygon", "coordinates": [ [ [ -71.381361534113196, 42.654839355113005 ], [ -71.378203516889542, 42.660686354798152 ], [ -71.36888154824301, 42.66175239233813 ], [ -71.357522627648251, 42.654453453622139 ], [ -71.341800673166048, 42.657728513698871 ], [ -71.329360710149771, 42.66031856316075 ], [ -71.327888714566797, 42.660628569122608 ], [ -71.325310722361507, 42.661164579628021 ], [ -71.322190731863799, 42.661808592443315 ], [ -71.319130741228932, 42.662441605114132 ], [ -71.31231476217306, 42.663875633692271 ], [ -71.303371790179071, 42.665723671980551 ], [ -71.300638798807697, 42.666292683854522 ], [ -71.299568802200156, 42.666514688525801 ], [ -71.294263852309925, 42.659139712349536 ], [ -71.291079881872889, 42.654717725657228 ], [ -71.287866911358449, 42.650247738332297 ], [ -71.286859920441657, 42.648867742151808 ], [ -71.286010921009293, 42.649558745614051 ], [ -71.280041925717143, 42.65434177080553 ], [ -71.275153937619635, 42.656215791642119 ], [ -71.271706980614212, 42.648017801500018 ], [ -71.27155498779436, 42.646190801105313 ], [ -71.271187996205271, 42.644241801451592 ], [ -71.272766015430037, 42.637340791892477 ], [ -71.274709039440197, 42.628858780918463 ], [ -71.275852046420525, 42.625868775727248 ], [ -71.276083047830127, 42.625267774701385 ], [ -71.276420049871831, 42.624396773220326 ], [ -71.277791058282077, 42.620846767352155 ], [ -71.283427060065662, 42.615298748001095 ], [ -71.296319027574313, 42.612666708825721 ], [ -71.297028023881239, 42.613010706659956 ], [ -71.296872022158908, 42.613576707057206 ], [ -71.296375019465202, 42.614675708432856 ], [ -71.303229998061141, 42.614344687657052 ], [ -71.307365985172893, 42.614145675179479 ], [ -71.316850955696978, 42.613689646728659 ], [ -71.319308948076312, 42.613571639392845 ], [ -71.318881970812058, 42.608543644229563 ], [ -71.319896974521896, 42.606899642507592 ], [ -71.323806959075682, 42.60756763084575 ], [ -71.325276937860664, 42.611376623314278 ], [ -71.325653928891981, 42.613162620619498 ], [ -71.327935921402428, 42.613154613769673 ], [ -71.328379918584844, 42.613464612139069 ], [ -71.328833915734947, 42.613773610471966 ], [ -71.351798797736137, 42.622776526920482 ], [ -71.359942754570355, 42.625971494666899 ], [ -71.363102706446227, 42.633676469677425 ], [ -71.363846695167837, 42.635460463663939 ], [ -71.364344687391522, 42.636697459517997 ], [ -71.364737681612496, 42.637597456369178 ], [ -71.369494664468618, 42.637582439038979 ], [ -71.374251638124846, 42.639418417702579 ], [ -71.377114611274294, 42.642696399767502 ], [ -71.379750573644301, 42.64823037700134 ], [ -71.380919565318408, 42.649007370587228 ], [ -71.380530557424805, 42.65085936780509 ], [ -71.382471541511251, 42.652542356031418 ], [ -71.381361534113196, 42.654839355113005 ] ] ] } },
{ "type": "Feature", "properties": { "STATEFP": "25", "COUNTYFP": "017", "COUSUBFP": "45560", "NAME": "Newton", "NAMELSAD": "Newton city", "GEOID": "2501745560" }, "geometry": { "type": "Polygon", "coordinates": [ [ [ -71.270292910352296, 42.330863788629259 ], [ -71.268183913882851, 42.330578787639048 ], [ -71.265130915160597, 42.331829785569141 ], [ -71.264726910850257, 42.333943784562145 ], [ -71.26313891082458, 42.334902783392046 ], [ -71.259204915045331, 42.335418781203977 ], [ -71.258581912670024, 42.336833780382015 ], [ -71.255830911538496, 42.338995778244801 ], [ -71.258248903185176, 42.341189778661949 ], [ -71.260919899951105, 42.340981780043712 ], [ -71.261880895934752, 42.34215178008354 ], [ -71.259759889833376, 42.346110777622862 ], [ -71.260185884049633, 42.348377777002305 ], [ -71.258631882414605, 42.350051775679631 ], [ -71.260385871742784, 42.353632775186455 ], [ -71.256465874418339, 42.35490477298017 ], [ -71.256110877385822, 42.353823773200112 ], [ -71.254761878376812, 42.354231772454327 ], [ -71.253735877993165, 42.355043771717924 ], [ -71.252926877063601, 42.355961771046765 ], [ -71.252444877427578, 42.35610477078562 ], [ -71.243076859116243, 42.358874759810298 ], [ -71.239325848179035, 42.359989754591531 ], [ -71.237621843207592, 42.360497752223935 ], [ -71.236588840196106, 42.360804750790059 ], [ -71.231477825308701, 42.362318743709487 ], [ -71.226639811219016, 42.363751737025979 ], [ -71.226229810028315, 42.363871736460851 ], [ -71.217190783744755, 42.366533724030134 ], [ -71.217061783376451, 42.366568723854044 ], [ -71.216341783387989, 42.365847723133129 ], [ -71.213283778533665, 42.364958719444125 ], [ -71.207221766788379, 42.364136711852836 ], [ -71.204486756938152, 42.365784707878625 ], [ -71.202029751347979, 42.365819704704002 ], [ -71.198355739565017, 42.367391699559455 ], [ -71.196331735507584, 42.367177697011741 ], [ -71.195206731731901, 42.367733695421229 ], [ -71.194502732430223, 42.36672269477566 ], [ -71.192215730226081, 42.365423692161784 ], [ -71.19629874754439, 42.361801698362278 ], [ -71.193092742040207, 42.361051694406378 ], [ -71.190231737124805, 42.360383690870485 ], [ -71.185229728574853, 42.359195684681339 ], [ -71.183680725924731, 42.358828682761306 ], [ -71.182374719444653, 42.360405680687187 ], [ -71.182126718269259, 42.360680680299829 ], [ -71.175272706059133, 42.359271671749795 ], [ -71.172754700275746, 42.359330668470818 ], [ -71.168653689105298, 42.360205662957874 ], [ -71.167625687097498, 42.360072661655387 ], [ -71.169474695802265, 42.35804666450457 ], [ -71.17138770449894, 42.356088667431536 ], [ -71.173935716273263, 42.353396671364749 ], [ -71.174798725255897, 42.350264673213303 ], [ -71.174265725590828, 42.349583672672374 ], [ -71.166699730126524, 42.340008664870396 ], [ -71.166740730567142, 42.339853664958724 ], [ -71.168936738660975, 42.338448668176255 ], [ -71.168886744446397, 42.335825668694774 ], [ -71.167565746839273, 42.333440667468253 ], [ -71.162732734805346, 42.333960660923985 ], [ -71.160917731448734, 42.333638658577911 ], [ -71.157036730023236, 42.330389654086922 ], [ -71.164599759972418, 42.324631665434545 ], [ -71.167348770632586, 42.322640669565146 ], [ -71.169223776305785, 42.321993672231969 ], [ -71.170485780170594, 42.321537674033337 ], [ -71.171720787555145, 42.319489676160714 ], [ -71.173715795281169, 42.318050679182704 ], [ -71.178935815432865, 42.314315687118587 ], [ -71.169800809955106, 42.307606676233299 ], [ -71.166420808772443, 42.304746672247632 ], [ -71.164702806963746, 42.303829670095318 ], [ -71.16980882608236, 42.300442677850015 ], [ -71.178636859132226, 42.294594691363287 ], [ -71.190904912338951, 42.283247711180046 ], [ -71.191247913689253, 42.282991711723923 ], [ -71.190886906499671, 42.285822710506075 ], [ -71.193220906829353, 42.288013713200442 ], [ -71.195268911558387, 42.287964716061708 ], [ -71.195793916727339, 42.286195717249164 ], [ -71.196732919111085, 42.28607771858816 ], [ -71.201590924310395, 42.288632724677832 ], [ -71.202975927566683, 42.288573726618957 ], [ -71.205240930433902, 42.289567729498458 ], [ -71.206350922343844, 42.294266729760182 ], [ -71.207881919279373, 42.297156731084037 ], [ -71.211565921779822, 42.299729735445226 ], [ -71.211253915357887, 42.302265734308911 ], [ -71.211289913544704, 42.303105734124024 ], [ -71.213275911128633, 42.306160735986808 ], [ -71.218190920766403, 42.30679574252261 ], [ -71.220508926864952, 42.306406745802548 ], [ -71.22411093296229, 42.30729975046107 ], [ -71.226688936623844, 42.308249753697005 ], [ -71.226311931183233, 42.310283752575067 ], [ -71.227068928115358, 42.312397752972124 ], [ -71.226286922474245, 42.314116751396128 ], [ -71.227543922407392, 42.315399752715855 ], [ -71.228035920268297, 42.31683775294956 ], [ -71.228727916316743, 42.319277753149066 ], [ -71.231144918226278, 42.32084075593432 ], [ -71.234420925669852, 42.320808760358972 ], [ -71.238786933257003, 42.32179876593073 ], [ -71.240789939799612, 42.320897768913824 ], [ -71.246146951593332, 42.321012776095152 ], [ -71.24679995295412, 42.321060776959342 ], [ -71.249190952507433, 42.323637779333119 ], [ -71.25293794331084, 42.326755780964483 ], [ -71.254594944413313, 42.325285782357966 ], [ -71.257396942471388, 42.324481784155026 ], [ -71.258474939153388, 42.325299784447623 ], [ -71.258999936067596, 42.326340784357484 ], [ -71.263092931204682, 42.326051786660791 ], [ -71.265687924963245, 42.327241787602837 ], [ -71.269958917233978, 42.32808578954932 ], [ -71.270292910352296, 42.330863788629259 ] ] ] } },
{ "type": "Feature", "properties": { "STATEFP": "25", "COUNTYFP": "017", "COUSUBFP": "68050", "NAME": "Stow", "NAMELSAD": "Stow town", "GEOID": "2501768050" }, "geometry": { "type": "Polygon", "coordinates": [ [ [ -71.559100792930721, 42.411942829211789 ], [ -71.550702707637214, 42.441066796602648 ], [ -71.548903686734675, 42.447307789524743 ], [ -71.543394616917013, 42.466451767617649 ], [ -71.522980424126871, 42.465234763098174 ], [ -71.518783384757242, 42.464978762184124 ], [ -71.498546212310089, 42.463774758057028 ], [ -71.488070242109089, 42.459657761549863 ], [ -71.464349308848668, 42.450299768473663 ], [ -71.478382323080424, 42.437103784439913 ], [ -71.477598332877577, 42.434125787452253 ], [ -71.474809368360624, 42.423275798316013 ], [ -71.474774368798762, 42.423141798448846 ], [ -71.474496372268305, 42.422080799499334 ], [ -71.474376373762667, 42.42162379995117 ], [ -71.469443435637814, 42.402592818473586 ], [ -71.471073451155959, 42.396240825545789 ], [ -71.471344453769447, 42.395174826738348 ], [ -71.472678466379378, 42.390024832534095 ], [ -71.48611643664222, 42.393270833473835 ], [ -71.48773842927254, 42.394967832143308 ], [ -71.486949427435974, 42.396023830743253 ], [ -71.489919421993051, 42.396331831334983 ], [ -71.49088542370221, 42.395228832851956 ], [ -71.492977417111646, 42.396397832216515 ], [ -71.50045241218352, 42.395420835596845 ], [ -71.50384842900074, 42.397481833909112 ], [ -71.510805475584192, 42.397523835177793 ], [ -71.517924522000072, 42.398153835827813 ], [ -71.523960565400131, 42.396738838527405 ], [ -71.526822585737307, 42.396064839802328 ], [ -71.528049584305805, 42.40152383407424 ], [ -71.534422624951716, 42.403656833007311 ], [ -71.544561691917707, 42.407063831374877 ], [ -71.551051736286311, 42.409238830387537 ], [ -71.559100792930721, 42.411942829211789 ] ] ] } },
{ "type": "Feature", "properties": { "STATEFP": "25", "COUNTYFP": "021", "COUSUBFP": "60785", "NAME": "Sharon", "NAMELSAD": "Sharon town", "GEOID": "2502160785" }, "geometry": { "type": "Polygon", "coordinates": [ [ [ -71.239873081692011, 42.120670451423642 ], [ -71.233294074833566, 42.123412426819009 ], [ -71.231191072530208, 42.123391423542898 ], [ -71.231645073052348, 42.123897421691503 ], [ -71.233308075014662, 42.125959413840221 ], [ -71.233476075376458, 42.128569400786446 ], [ -71.232011073856498, 42.131458383697506 ], [ -71.230399072014876, 42.132574375428952 ], [ -71.227522068631203, 42.1333353669567 ], [ -71.225991066810252, 42.135410353941943 ], [ -71.215307053436916, 42.140326311946822 ], [ -71.2003550330965, 42.147205253413418 ], [ -71.200164032829178, 42.147273252768038 ], [ -71.194456024551087, 42.14991623041022 ], [ -71.186886013200819, 42.153264201613339 ], [ -71.188692012954377, 42.161127164774875 ], [ -71.186554009726322, 42.161522159450286 ], [ -71.182210002496689, 42.163860140904816 ], [ -71.180827999789102, 42.165484130578612 ], [ -71.178247995818936, 42.16581312491634 ], [ -71.177853995981309, 42.164136132741781 ], [ -71.175763996879368, 42.155599172419159 ], [ -71.176368997830963, 42.155360174568642 ], [ -71.171993993670682, 42.151524186984965 ], [ -71.164719986451416, 42.146887198802204 ], [ -71.162841984681947, 42.14570120178265 ], [ -71.163542988045037, 42.1414572241613 ], [ -71.149241972017492, 42.138628215621878 ], [ -71.149166971936225, 42.138612215582619 ], [ -71.149365972502125, 42.138160218155768 ], [ -71.149810973751855, 42.137163223841974 ], [ -71.150180974914392, 42.136149229494855 ], [ -71.148770976308043, 42.131802248953079 ], [ -71.148364978233687, 42.128455265012846 ], [ -71.147318978309514, 42.126709272050761 ], [ -71.145729977698096, 42.125123277413238 ], [ -71.142058975547016, 42.122640283890291 ], [ -71.139102974262627, 42.120235291108138 ], [ -71.137505974886921, 42.117390302693693 ], [ -71.135822976319233, 42.113571318973932 ], [ -71.133491976184999, 42.110989328032133 ], [ -71.131611979384829, 42.105205353722425 ], [ -71.13129098299332, 42.100740375386835 ], [ -71.132680986319457, 42.098310389744974 ], [ -71.135260993367339, 42.092560422585898 ], [ -71.135810995262901, 42.090820432150444 ], [ -71.137660998503776, 42.088650446008522 ], [ -71.1393240025795, 42.08516946609614 ], [ -71.138729003333452, 42.083686472493071 ], [ -71.139461005270945, 42.081930482454553 ], [ -71.139470008184233, 42.078294500577805 ], [ -71.138463008902718, 42.076560507531077 ], [ -71.139003010744588, 42.074714517625765 ], [ -71.138608012054917, 42.072775526619367 ], [ -71.142261015442571, 42.071363539778559 ], [ -71.168682037109022, 42.0611616353087 ], [ -71.178458043877527, 42.057362670958291 ], [ -71.195860045493703, 42.081818576852314 ], [ -71.196375045681322, 42.082468574423032 ], [ -71.205922054097272, 42.074108632670558 ], [ -71.223447064910687, 42.090116580503953 ], [ -71.23888007871308, 42.104206533985469 ], [ -71.238805078898281, 42.106401522642422 ], [ -71.238787079564418, 42.112311492402227 ], [ -71.238086078944249, 42.113004487722336 ], [ -71.239418080578531, 42.115506477091728 ], [ -71.238450079841755, 42.117751464049277 ], [ -71.239107080750074, 42.11963545547971 ], [ -71.239873081692011, 42.120670451423642 ] ] ] } },
{ "type": "Feature", "properties": { "STATEFP": "25", "COUNTYFP": "023", "COUSUBFP": "00170", "NAME": "Abington", "NAMELSAD": "Abington town", "GEOID": "2502300170" }, "geometry": { "type": "Polygon", "coordinates": [ [ [ -71.002152813741745, 42.127304036290901 ], [ -70.981270828394287, 42.135510987057714 ], [ -70.977437832417081, 42.137010978373375 ], [ -70.970875839421922, 42.139579963361946 ], [ -70.954645857388485, 42.145938925454786 ], [ -70.948963863914798, 42.148155911976659 ], [ -70.940768873506002, 42.151364892247976 ], [ -70.934629926369013, 42.128347007850806 ], [ -70.931487952964034, 42.116549067674939 ], [ -70.927704966563326, 42.112562087370591 ], [ -70.922691984378346, 42.10727711372062 ], [ -70.915909008109566, 42.100123149828882 ], [ -70.926853993342064, 42.098145161806237 ], [ -70.946731967020398, 42.094552182986007 ], [ -70.950236962833699, 42.093710187697127 ], [ -70.958952952674579, 42.091544199640765 ], [ -70.975387933908479, 42.087496221448802 ], [ -70.975002933544161, 42.087995218955044 ], [ -70.975835929271128, 42.089478211736477 ], [ -70.975250927818621, 42.090694205687917 ], [ -70.975072917190303, 42.096229178406887 ], [ -70.976741905777786, 42.100603157132973 ], [ -70.9767259017339, 42.102659147021676 ], [ -70.977875895617814, 42.104768136862873 ], [ -70.977392894854503, 42.105564132863542 ], [ -70.978105889285445, 42.107761122210817 ], [ -70.980663881950264, 42.109255115403961 ], [ -70.980818877834949, 42.111182106002538 ], [ -70.978774876937166, 42.113397094693333 ], [ -70.979117874991459, 42.114077091436634 ], [ -70.998594846383511, 42.111636107669078 ], [ -70.99974183414416, 42.116565084276083 ], [ -71.001162821738532, 42.122908055791356 ], [ -71.001974815148046, 42.12652603973843 ], [ -71.002152813741745, 42.127304036290901 ] ] ] } },
{ "type": "Feature", "properties": { "STATEFP": "25", "COUNTYFP": "023", "COUSUBFP": "60330", "NAME": "Scituate", "NAMELSAD": "Scituate town", "GEOID": "2502360330" }, "geometry": { "type": "Polygon", "coordinates": [ [ [ -70.827016024671281, 42.200785562346141 ], [ -70.797112067638892, 42.218175440171734 ], [ -70.791373076421067, 42.221511416113799 ], [ -70.78914307988029, 42.222807406713436 ], [ -70.788938077305048, 42.22547439083062 ], [ -70.784815086044802, 42.22588038508416 ], [ -70.785558083866619, 42.226344382945491 ], [ -70.785524080447004, 42.229463364478882 ], [ -70.787884075554175, 42.22909936858985 ], [ -70.788681069795246, 42.232596348635383 ], [ -70.786772072486599, 42.234040338488704 ], [ -70.784515076878392, 42.234692332699183 ], [ -70.781974080728332, 42.23643132020316 ], [ -70.783942074890149, 42.2376463147191 ], [ -70.783355073045982, 42.24051329722424 ], [ -70.786618066610004, 42.239571305690291 ], [ -70.78904206037177, 42.240169304310292 ], [ -70.786726063008729, 42.24254928819915 ], [ -70.784822063210555, 42.246298264308336 ], [ -70.78146299139263, 42.248717266434575 ], [ -70.776308080127222, 42.248952240661446 ], [ -70.773945067494779, 42.254213227651675 ], [ -70.766339082868498, 42.254741219767908 ], [ -70.762774109249591, 42.250342221325894 ], [ -70.764758112124994, 42.244061259323374 ], [ -70.760684124396164, 42.241240272666097 ], [ -70.760159131851921, 42.235034309704943 ], [ -70.754489150981328, 42.22867234346144 ], [ -70.748785897436221, 42.223284202903983 ], [ -70.747231179974975, 42.221815386340118 ], [ -70.739146218467212, 42.219618413425245 ], [ -70.733773989021472, 42.2141873717582 ], [ -70.730561268078674, 42.210939478912678 ], [ -70.722270310665067, 42.207958509331313 ], [ -70.718090328697087, 42.208984509998864 ], [ -70.712994359565357, 42.204430543744373 ], [ -70.713451942213936, 42.202366306079135 ], [ -70.71428736243837, 42.198597574822323 ], [ -70.715896358759139, 42.195898587833561 ], [ -70.715951367208362, 42.190144620465695 ], [ -70.718708361294389, 42.184852647015212 ], [ -70.718644241647979, 42.184718281502228 ], [ -70.714762393921148, 42.176583698961608 ], [ -70.714302408335143, 42.168782743696262 ], [ -70.711437808113061, 42.166770360871872 ], [ -70.706265460490684, 42.16313678387057 ], [ -70.685316634372484, 42.133024965239599 ], [ -70.679466597831734, 42.126270760408147 ], [ -70.682975664122893, 42.125251007864449 ], [ -70.684403650147999, 42.127900993010456 ], [ -70.687293627224946, 42.13074897609431 ], [ -70.688312616821634, 42.132966963587947 ], [ -70.692060590253519, 42.135312948477818 ], [ -70.693164579250279, 42.137717934715496 ], [ -70.693980571657164, 42.139236925903433 ], [ -70.697188547493099, 42.142298906849923 ], [ -70.701345518394334, 42.145274887269352 ], [ -70.70209550403095, 42.151072854678844 ], [ -70.705319486199599, 42.150935852624833 ], [ -70.70889746396675, 42.152272842020047 ], [ -70.710439452772619, 42.153883831600496 ], [ -70.713282425565481, 42.161204787639726 ], [ -70.716684405563257, 42.162204778558483 ], [ -70.719685385419311, 42.164868760269364 ], [ -70.724157360645776, 42.165391752592974 ], [ -70.728648336594915, 42.16534274817954 ], [ -70.730156329640295, 42.164451751820629 ], [ -70.731336326327778, 42.162046764718681 ], [ -70.732954319242111, 42.160681771131479 ], [ -70.737058294768886, 42.162492756313277 ], [ -70.742396267379377, 42.161086759357197 ], [ -70.745585249478651, 42.161622752947032 ], [ -70.748369231355468, 42.164663731680797 ], [ -70.749463225115122, 42.165027728328816 ], [ -70.752395218595467, 42.163936735595072 ], [ -70.759807198221338, 42.169802703770522 ], [ -70.777865147209084, 42.183853629561277 ], [ -70.778859144815314, 42.184186628172171 ], [ -70.797080100650177, 42.190084604525595 ], [ -70.813417060266787, 42.195343584443279 ], [ -70.838865007700079, 42.194805604128518 ], [ -70.827016024671281, 42.200785562346141 ] ] ] } },
{ "type": "Feature", "properties": { "STATEFP": "25", "COUNTYFP": "005", "COUSUBFP": "23000", "NAME": "Fall River", "NAMELSAD": "Fall River city", "GEOID": "2500523000" }, "geometry": { "type": "Polygon", "coordinates": [ [ [ -71.196190540375355, 41.686302598482222 ], [ -71.18979052672131, 41.691502604712632 ], [ -71.174190496646574, 41.702202620792548 ], [ -71.168517485405246, 41.708227628934019 ], [ -71.168431485230613, 41.708337629075899 ], [ -71.162713473974051, 41.715610638825041 ], [ -71.158289465733176, 41.721202646807932 ], [ -71.155449460997772, 41.723795651286473 ], [ -71.149183450848653, 41.729908661954823 ], [ -71.140489437730665, 41.738602678010302 ], [ -71.138744435147288, 41.740793681829068 ], [ -71.131889425589094, 41.74940269744161 ], [ -71.131289444215668, 41.757502704010108 ], [ -71.129382448377299, 41.759904707458134 ], [ -71.123989460387776, 41.766701716656833 ], [ -71.120076458693177, 41.767605720466229 ], [ -71.119947452462981, 41.765294719227313 ], [ -71.113368444686998, 41.76496672468155 ], [ -71.106094433489943, 41.763650730360801 ], [ -71.072030379909464, 41.757501759808306 ], [ -71.009541285359248, 41.746196815698056 ], [ -71.011896260626173, 41.711778742993864 ], [ -71.041531294909916, 41.697615696418609 ], [ -71.066630329183539, 41.685619662372126 ], [ -71.076675346112197, 41.687469660186835 ], [ -71.105693393349796, 41.692804652144716 ], [ -71.114407407085636, 41.69280464730825 ], [ -71.118926414890097, 41.680757630779105 ], [ -71.119139415285289, 41.680088629904546 ], [ -71.119222415440319, 41.679820629555898 ], [ -71.125184427467047, 41.660929605869811 ], [ -71.132757445417738, 41.636435577931927 ], [ -71.134190448755731, 41.63399757526976 ], [ -71.134052448823979, 41.632019573223616 ], [ -71.133038446911669, 41.630968572178155 ], [ -71.13393844917276, 41.62870856978526 ], [ -71.135399452797969, 41.625648566598024 ], [ -71.138549534188442, 41.603429120181268 ], [ -71.140588468469787, 41.60510254633359 ], [ -71.140868357898015, 41.607104364975662 ], [ -71.140910468668537, 41.607405548651037 ], [ -71.141509467968348, 41.616076557220289 ], [ -71.140468463904796, 41.623893564853539 ], [ -71.135688452884352, 41.628402569422796 ], [ -71.135676202325996, 41.628532766815979 ], [ -71.134701620231581, 41.638890503676926 ], [ -71.134484448056142, 41.6411985827081 ], [ -71.134478448032667, 41.641262582775177 ], [ -71.132670441533961, 41.658744601381947 ], [ -71.132888441708772, 41.660102602746576 ], [ -71.13468844494281, 41.660502602645465 ], [ -71.135188445859797, 41.66050260250082 ], [ -71.145870464827993, 41.662795601571133 ], [ -71.153589090618027, 41.664038145687968 ], [ -71.153989479130161, 41.664102600213425 ], [ -71.162148776770422, 41.665579325379021 ], [ -71.176090516978221, 41.668102595939736 ], [ -71.176090516773172, 41.668502596217174 ], [ -71.176087098664027, 41.668601719802545 ], [ -71.175990515111991, 41.671402598266475 ], [ -71.181290523761817, 41.672502596973906 ], [ -71.184330434865629, 41.673053069784487 ], [ -71.184333718619357, 41.67305366441277 ], [ -71.191175539811582, 41.674292594157855 ], [ -71.191178539864865, 41.674216594113368 ], [ -71.194390545018308, 41.674802593140022 ], [ -71.195640546975653, 41.675090592784791 ], [ -71.195690547053516, 41.675102592770727 ], [ -71.201221510225039, 41.681861345692134 ], [ -71.196190540375355, 41.686302598482222 ] ] ] } },
{ "type": "Feature", "properties": { "STATEFP": "25", "COUNTYFP": "013", "COUSUBFP": "37175", "NAME": "Ludlow", "NAMELSAD": "Ludlow town", "GEOID": "2501337175" }, "geometry": { "type": "Polygon", "coordinates": [ [ [ -72.524289963200715, 42.218733664480176 ], [ -72.498061981782172, 42.221633688505285 ], [ -72.478335004365263, 42.223810708798517 ], [ -72.447120040023492, 42.227253741618483 ], [ -72.403947089002813, 42.231846788196599 ], [ -72.402922083794962, 42.226275780876755 ], [ -72.395478046028586, 42.185736726206684 ], [ -72.395250045234377, 42.184815724980332 ], [ -72.397921039892083, 42.182507719501054 ], [ -72.401040035534095, 42.18149671568284 ], [ -72.405240028584657, 42.179175709163921 ], [ -72.409605022454102, 42.177742703901998 ], [ -72.412376016768974, 42.175241698282917 ], [ -72.410314017741555, 42.174204698236828 ], [ -72.411102013396942, 42.171068693121711 ], [ -72.411082010702742, 42.168654689626237 ], [ -72.412004007782954, 42.166911686468573 ], [ -72.410258004767542, 42.162613681387263 ], [ -72.410615002678327, 42.161086678929195 ], [ -72.409506999540326, 42.157266674074947 ], [ -72.409532995617283, 42.153800668997931 ], [ -72.413499990617211, 42.153045665434689 ], [ -72.417665988359104, 42.15490966551036 ], [ -72.419638988729673, 42.15706666733243 ], [ -72.423564984576956, 42.157021664769822 ], [ -72.428070979441188, 42.156643661378432 ], [ -72.430676975449089, 42.15552365818457 ], [ -72.432589973450291, 42.155524656979999 ], [ -72.437035969942414, 42.156528655531204 ], [ -72.440668965520402, 42.1559786524926 ], [ -72.44417095995496, 42.154305648070768 ], [ -72.446587956578966, 42.153561645584531 ], [ -72.449343953454715, 42.153350643595076 ], [ -72.453260951256084, 42.155013643293607 ], [ -72.457991946058414, 42.15479464004428 ], [ -72.460977942137191, 42.154097637298456 ], [ -72.463607938187636, 42.153052634359057 ], [ -72.468805932364219, 42.152718630726937 ], [ -72.475277926992135, 42.153935628173173 ], [ -72.478229923291735, 42.15340462570385 ], [ -72.484594920236475, 42.156523625350935 ], [ -72.484707920134568, 42.156537625295414 ], [ -72.488099918237722, 42.157961624768788 ], [ -72.486634921553545, 42.159505627478545 ], [ -72.48762892102512, 42.159945627339013 ], [ -72.489464918062481, 42.159041625121738 ], [ -72.489886918365329, 42.159683625577927 ], [ -72.488925921545672, 42.161564628340926 ], [ -72.489765921241641, 42.162058628351424 ], [ -72.492531917450009, 42.161275625654717 ], [ -72.497044912814872, 42.161337622773083 ], [ -72.504484907672193, 42.162214619223434 ], [ -72.506220906281001, 42.162045618045497 ], [ -72.510528901529568, 42.160538613985842 ], [ -72.513832899717173, 42.160931612518176 ], [ -72.515976898099694, 42.160816611178241 ], [ -72.516502900782925, 42.163347613489059 ], [ -72.517593906239739, 42.168489618139525 ], [ -72.518736912001216, 42.173888622978602 ], [ -72.513908915825411, 42.174431626528872 ], [ -72.515343922240518, 42.180558631984091 ], [ -72.517951933999825, 42.191683641718647 ], [ -72.524289963200715, 42.218733664480176 ] ] ] } },
{ "type": "Feature", "properties": { "STATEFP": "25", "COUNTYFP": "017", "COUSUBFP": "05805", "NAME": "Billerica", "NAMELSAD": "Billerica town", "GEOID": "2501705805" }, "geometry": { "type": "Polygon", "coordinates": [ [ [ -71.33254313789098, 42.560755655793933 ], [ -71.319629107306639, 42.575867665783832 ], [ -71.310764089223085, 42.586257678593178 ], [ -71.298264067947116, 42.600883704915148 ], [ -71.294566062678541, 42.605184714552678 ], [ -71.294264062134573, 42.605569715374891 ], [ -71.295549051142075, 42.607319711612703 ], [ -71.297028023881239, 42.613010706659956 ], [ -71.296319027574313, 42.612666708825721 ], [ -71.280226108248399, 42.60523975464374 ], [ -71.272883144005192, 42.601852773455818 ], [ -71.262263194585543, 42.596946798336333 ], [ -71.251331245176431, 42.591908821089888 ], [ -71.237027232518983, 42.585310797678922 ], [ -71.225669217390177, 42.580035775461745 ], [ -71.211296199664588, 42.573389748137835 ], [ -71.211127199462055, 42.573312747822676 ], [ -71.213681214607888, 42.571177749465051 ], [ -71.215128221077961, 42.570535750916733 ], [ -71.215082230121766, 42.568017748444205 ], [ -71.21442523943584, 42.564956744598454 ], [ -71.215072240962968, 42.565034745578693 ], [ -71.215742251861045, 42.562554744138851 ], [ -71.217948261553886, 42.561569746249141 ], [ -71.218672263266427, 42.561650747330425 ], [ -71.218017263741899, 42.561017745809814 ], [ -71.211352262681672, 42.556294732160261 ], [ -71.20887226243596, 42.55453572715129 ], [ -71.21139127464096, 42.553070729184356 ], [ -71.209830276439959, 42.551443725564404 ], [ -71.210523290782731, 42.548054723321911 ], [ -71.212372297555703, 42.547543725288939 ], [ -71.209808296409875, 42.546016720474363 ], [ -71.206407288149308, 42.545831715830197 ], [ -71.204994289447598, 42.544488712748787 ], [ -71.205032289606805, 42.544472712783936 ], [ -71.21163434523713, 42.53403571160743 ], [ -71.212286350658232, 42.533006711459656 ], [ -71.215720378931394, 42.527609710604565 ], [ -71.217956397340586, 42.524046709911943 ], [ -71.220017400132818, 42.524665713027495 ], [ -71.22191840306499, 42.525142715818582 ], [ -71.227912457595792, 42.513846711706194 ], [ -71.231897493078819, 42.506366708669937 ], [ -71.233544488738431, 42.508692712960865 ], [ -71.236924486858868, 42.511490719793294 ], [ -71.240056465995082, 42.519715732208638 ], [ -71.24144146598799, 42.520691734916198 ], [ -71.242576471275271, 42.519939735470942 ], [ -71.249490470161135, 42.52524374964721 ], [ -71.250142469484359, 42.525729750711889 ], [ -71.252490470009405, 42.524077747344293 ], [ -71.254572470628915, 42.52259274450941 ], [ -71.258233458027235, 42.524016743527383 ], [ -71.264098445355572, 42.524080739741834 ], [ -71.265803440701688, 42.524372738827424 ], [ -71.278107405865981, 42.526712731536158 ], [ -71.281051400879818, 42.526347729296255 ], [ -71.283478398198881, 42.525673727407245 ], [ -71.303508377891475, 42.520068715125113 ], [ -71.304127377075474, 42.519953714821462 ], [ -71.306699369147438, 42.520592713170586 ], [ -71.306745360497388, 42.522688712336262 ], [ -71.304997348803397, 42.526476712131021 ], [ -71.304610338255799, 42.529284711484145 ], [ -71.307538328917232, 42.529998708873457 ], [ -71.307185316525391, 42.533220707879735 ], [ -71.308749309980925, 42.533959706153851 ], [ -71.314542274572133, 42.539302697689017 ], [ -71.318313251080056, 42.542781691300704 ], [ -71.314385232066542, 42.549553691835314 ], [ -71.319618200001955, 42.554069681615218 ], [ -71.324706178777049, 42.55601767258247 ], [ -71.333090139304005, 42.560114655599044 ], [ -71.33254313789098, 42.560755655793933 ] ] ] } },
{ "type": "Feature", "properties": { "STATEFP": "25", "COUNTYFP": "017", "COUSUBFP": "02130", "NAME": "Ashland", "NAMELSAD": "Ashland town", "GEOID": "2501702130" }, "geometry": { "type": "Polygon", "coordinates": [ [ [ -71.522178814075886, 42.266453981462512 ], [ -71.518221806220936, 42.267714980055587 ], [ -71.513882800677877, 42.267584980177872 ], [ -71.510540799561113, 42.26622698167715 ], [ -71.510226800925523, 42.265517982467877 ], [ -71.50898580199248, 42.264485983619558 ], [ -71.506478799504634, 42.264275983853814 ], [ -71.505928792691392, 42.266577981269215 ], [ -71.505882775627668, 42.272937974128226 ], [ -71.499575731801059, 42.284991960135848 ], [ -71.499015729378371, 42.286061958554306 ], [ -71.497046720871012, 42.289828953018599 ], [ -71.49142673274558, 42.288161951185785 ], [ -71.460859796468441, 42.279095940165092 ], [ -71.445672837174911, 42.271135937336219 ], [ -71.44461783996536, 42.270587937106193 ], [ -71.431129875589804, 42.263502933910729 ], [ -71.429273880433726, 42.262534933416823 ], [ -71.423733894897794, 42.259622931894114 ], [ -71.42148290076905, 42.258432931251861 ], [ -71.419298906445178, 42.257280930610051 ], [ -71.418303924419746, 42.246503952502749 ], [ -71.420075915438261, 42.238122992946813 ], [ -71.431492900293463, 42.236356009678396 ], [ -71.446060880729121, 42.234068031020897 ], [ -71.458560863757384, 42.232110049164959 ], [ -71.467110852050382, 42.230773061488271 ], [ -71.475359840680142, 42.229485073309903 ], [ -71.486297829175399, 42.231250073330912 ], [ -71.486273830223183, 42.232209069015248 ], [ -71.486111840104215, 42.241332028004123 ], [ -71.486001846206278, 42.246960002692475 ], [ -71.513221834199626, 42.253067996322841 ], [ -71.522757837051728, 42.255206993823165 ], [ -71.522178814075886, 42.266453981462512 ] ] ] } },
{ "type": "Feature", "properties": { "STATEFP": "25", "COUNTYFP": "015", "COUSUBFP": "31785", "NAME": "Huntington", "NAMELSAD": "Huntington town", "GEOID": "2501531785" }, "geometry": { "type": "Polygon", "coordinates": [ [ [ -72.894565638315868, 42.253811784174097 ], [ -72.881182675822302, 42.264903756659002 ], [ -72.880601677433319, 42.265381755514802 ], [ -72.885207750392325, 42.33261175772094 ], [ -72.885634758656494, 42.340035757570945 ], [ -72.854243814037929, 42.343404715415922 ], [ -72.852000816299238, 42.342175712244988 ], [ -72.847495823826804, 42.342310706227678 ], [ -72.846436823471848, 42.340466704457079 ], [ -72.844984829175687, 42.3434077030834 ], [ -72.843722832641816, 42.344652701664835 ], [ -72.840375838579774, 42.345076697337625 ], [ -72.839841837531807, 42.343362696222187 ], [ -72.837988839876644, 42.342749693598016 ], [ -72.835736844120817, 42.343253690723536 ], [ -72.833482846138139, 42.341747687286365 ], [ -72.830910850934714, 42.342277683990957 ], [ -72.826114858753925, 42.342249677552786 ], [ -72.826183857437385, 42.341148677269402 ], [ -72.823174860144221, 42.339102672466439 ], [ -72.821121863004635, 42.3386296694867 ], [ -72.814404786479031, 42.256818625192018 ], [ -72.813421774306221, 42.245003618299457 ], [ -72.856670692817559, 42.240578702699459 ], [ -72.857633691033968, 42.240479704561878 ], [ -72.864278671480776, 42.232265712960682 ], [ -72.868469656339968, 42.223656715971245 ], [ -72.872179643736686, 42.216438718656249 ], [ -72.912301594686198, 42.239132812394907 ], [ -72.894565638315868, 42.253811784174097 ] ] ] } },
{ "type": "Feature", "properties": { "STATEFP": "25", "COUNTYFP": "019", "COUSUBFP": "43790", "NAME": "Nantucket", "NAMELSAD": "Nantucket town", "GEOID": "2501943790" }, "geometry": { "type": "MultiPolygon", "coordinates": [ [ [ [ -70.234054257194401, 41.285654041559944 ], [ -70.221219255557841, 41.281904063601949 ], [ -70.215040253504412, 41.27958207514186 ], [ -70.211712246291185, 41.27565208610784 ], [ -70.21160946939905, 41.275661280748508 ], [ -70.210527183700094, 41.275758104342181 ], [ -70.206125664753969, 41.276151873642185 ], [ -70.201730253308668, 41.27654509655148 ], [ -70.200523354067144, 41.277122236997961 ], [ -70.193886265928086, 41.280296099330016 ], [ -70.191887283302918, 41.286137948115524 ], [ -70.191747281550946, 41.286547090780722 ], [ -70.192305612267702, 41.287114675931157 ], [ -70.195623165613327, 41.290487218373855 ], [ -70.195788288912652, 41.290655078626166 ], [ -70.202205279294404, 41.2879760756881 ], [ -70.20743427813251, 41.288690068147254 ], [ -70.205692284905311, 41.291247065701924 ], [ -70.199115299861745, 41.296191064803381 ], [ -70.193411304283188, 41.296727070675793 ], [ -70.1921740561409, 41.296300588572805 ], [ -70.188017962409418, 41.294867974111135 ], [ -70.186991302695972, 41.29451408229906 ], [ -70.185510807411447, 41.294498410459475 ], [ -70.17279874132403, 41.294363846397424 ], [ -70.167730183366245, 41.294310192983602 ], [ -70.124460335565402, 41.29385215836701 ], [ -70.122855685622142, 41.294017304942074 ], [ -70.109613347652555, 41.295380173377957 ], [ -70.104415355557393, 41.297328176064184 ], [ -70.09468711550241, 41.297656345989111 ], [ -70.092142363517894, 41.297742189991681 ], [ -70.082072372746197, 41.299094199569403 ], [ -70.062565409775829, 41.308727205240139 ], [ -70.046088455052882, 41.321652201104982 ], [ -70.031332513679331, 41.339333185988558 ], [ -70.024421578202578, 41.360623154797331 ], [ -70.024031600950295, 41.36861414048677 ], [ -70.030363614121384, 41.375071121181463 ], [ -70.034641621667134, 41.378995108965754 ], [ -70.041517623209501, 41.381540096285427 ], [ -70.045586625593899, 41.383599087771394 ], [ -70.049564634141731, 41.387901075248244 ], [ -70.049053644971579, 41.391703068853566 ], [ -70.042740643646383, 41.389312080561758 ], [ -70.037371633549071, 41.384067096446138 ], [ -70.020380604859426, 41.369007144020863 ], [ -69.975185807401985, 41.301124749445485 ], [ -69.968616489365914, 41.291257658271043 ], [ -69.960277392323377, 41.278732364237989 ], [ -69.960181353415152, 41.264547389244143 ], [ -69.964129324764031, 41.255383402730281 ], [ -69.968088309070197, 41.250979407928483 ], [ -69.97498329442341, 41.246529406721663 ], [ -69.98500988969873, 41.244038945410551 ], [ -70.00160326026004, 41.239917391254359 ], [ -70.015225251018094, 41.237965375420373 ], [ -70.036973079327083, 41.241438812217567 ], [ -70.053180244883663, 41.244027326593205 ], [ -70.075093968184689, 41.244568834688913 ], [ -70.083489233146082, 41.244776289349609 ], [ -70.092404226707316, 41.243321279014665 ], [ -70.097861220448962, 41.241150273144349 ], [ -70.100495218230449, 41.240554270141978 ], [ -70.102260959522454, 41.240728957239206 ], [ -70.118669213590266, 41.242352247307487 ], [ -70.162964138558763, 41.255272924767034 ], [ -70.170356223386193, 41.257429168529526 ], [ -70.195635297799186, 41.26715271442054 ], [ -70.212652637122844, 41.273698400699139 ], [ -70.22134024460685, 41.277040072052472 ], [ -70.237144254391708, 41.285118038792717 ], [ -70.234054257194401, 41.285654041559944 ] ] ], [ [ [ -70.277262245127218, 41.310506933001655 ], [ -70.276653248068726, 41.31128393279549 ], [ -70.272999254862157, 41.310872939572299 ], [ -70.271051259737177, 41.311238942246398 ], [ -70.267520267053953, 41.311192948234037 ], [ -70.265389271922018, 41.311375951499862 ], [ -70.262950277209754, 41.311452955452779 ], [ -70.253477291051595, 41.308641976171714 ], [ -70.246552295077521, 41.306186990474352 ], [ -70.24281029117266, 41.303384999864306 ], [ -70.24206928629188, 41.300948005035046 ], [ -70.241875283905372, 41.299802007282494 ], [ -70.240249279585058, 41.297401013450546 ], [ -70.239816276381973, 41.295824016743559 ], [ -70.241095273775102, 41.294955016741568 ], [ -70.24249527140627, 41.294223016352838 ], [ -70.243287268581341, 41.293125017335051 ], [ -70.242617263371358, 41.290563022643134 ], [ -70.24273926031907, 41.289191024909549 ], [ -70.244322257184223, 41.288139024859973 ], [ -70.24767025648454, 41.288642019958978 ], [ -70.252541259395045, 41.293034004896398 ], [ -70.255951256404032, 41.294954995483515 ], [ -70.259665250901207, 41.296006987089413 ], [ -70.261553250492085, 41.297653980973251 ], [ -70.268616244544731, 41.301770961793501 ], [ -70.273121243143621, 41.305521947953395 ], [ -70.276653242393351, 41.308631936989421 ], [ -70.277262245127218, 41.310506933001655 ] ] ], [ [ [ -70.308970232750141, 41.336057844747387 ], [ -70.308104238031277, 41.337683843819669 ], [ -70.304319247603758, 41.338420848470861 ], [ -70.297204261085909, 41.337681860189811 ], [ -70.292027272265855, 41.337788867805116 ], [ -70.289719274024563, 41.336323873460898 ], [ -70.289325272083161, 41.335022876005745 ], [ -70.290860265941177, 41.333663875697141 ], [ -70.296490253539659, 41.333426867439449 ], [ -70.302513239053482, 41.332598859397429 ], [ -70.307001229133093, 41.332391852795546 ], [ -70.309245229033721, 41.33457984635416 ], [ -70.308970232750141, 41.336057844747387 ] ] ] ] } },
{ "type": "Feature", "properties": { "STATEFP": "25", "COUNTYFP": "009", "COUSUBFP": "37490", "NAME": "Lynn", "NAMELSAD": "Lynn city", "GEOID": "2500937490" }, "geometry": { "type": "Polygon", "coordinates": [ [ [ -71.0116230168436, 42.501647457444001 ], [ -71.001735964644766, 42.507077446427928 ], [ -70.996885962044672, 42.507011437816075 ], [ -70.99530797055786, 42.505571434452598 ], [ -70.988640950638313, 42.509536420285556 ], [ -70.992741934529334, 42.512197429020894 ], [ -70.989339938455075, 42.511685421787796 ], [ -70.986910938734667, 42.511773416626028 ], [ -70.978323966066412, 42.507359398310776 ], [ -70.964594009654846, 42.500348368920029 ], [ -70.959531018783707, 42.497833358529356 ], [ -70.957140022961866, 42.496527353720744 ], [ -70.950858029248806, 42.494979340786799 ], [ -70.949917030130848, 42.494775338850722 ], [ -70.949321030872028, 42.49457733764207 ], [ -70.935460045372196, 42.491166309482814 ], [ -70.934111046826871, 42.49083330676671 ], [ -70.931147064314615, 42.484963302504333 ], [ -70.926596091691394, 42.475957296280946 ], [ -70.926462092515422, 42.47568929610464 ], [ -70.924896102131896, 42.472577294062404 ], [ -70.923788108997911, 42.470370292647459 ], [ -70.92297411406318, 42.468750291622328 ], [ -70.922284118301675, 42.467402290753874 ], [ -70.921993120488409, 42.466695290441898 ], [ -70.925539939760853, 42.463096401454088 ], [ -70.926791851921038, 42.461826110294318 ], [ -70.927713133354942, 42.46089130373894 ], [ -70.931487131656667, 42.460629311170734 ], [ -70.934264113567352, 42.458463813217023 ], [ -70.934993136902563, 42.457895318839867 ], [ -70.935168693501581, 42.456638281943441 ], [ -70.936611138591829, 42.456882322272904 ], [ -70.937414139227585, 42.456450323949745 ], [ -70.938781071318047, 42.455716738265814 ], [ -70.938984136607914, 42.457023326805363 ], [ -70.943664129939222, 42.458337335474738 ], [ -70.944352998495546, 42.457856115024853 ], [ -70.944557133764732, 42.45771351297681 ], [ -70.948946038804067, 42.454647571065458 ], [ -70.962607150767354, 42.445104374479982 ], [ -70.965398147821602, 42.44542337964937 ], [ -70.966133813178971, 42.443504854534574 ], [ -70.966138963857844, 42.443491422194953 ], [ -70.968594147914402, 42.444395385788383 ], [ -70.979083124322102, 42.450862404732092 ], [ -70.983828117331001, 42.452375413623876 ], [ -70.983353114294673, 42.453807412604739 ], [ -70.979494111293519, 42.456195404989906 ], [ -70.983108103142072, 42.458609411748583 ], [ -70.985969104485363, 42.45722441737913 ], [ -70.986694110121903, 42.45459541894477 ], [ -70.987227103035394, 42.4574844197899 ], [ -70.985680100023316, 42.459216416685372 ], [ -70.989058096786081, 42.459658423210456 ], [ -70.989338095280885, 42.460231423724629 ], [ -70.991695079563939, 42.466430428059091 ], [ -70.9935330674369, 42.471279431535542 ], [ -70.994800059164433, 42.47462043398162 ], [ -70.994908058461959, 42.474905434191982 ], [ -71.001706019815245, 42.492789446356213 ], [ -71.00308101483283, 42.496406447882364 ], [ -71.0116230168436, 42.501647457444001 ] ] ] } },
{ "type": "Feature", "properties": { "STATEFP": "25", "COUNTYFP": "009", "COUSUBFP": "32310", "NAME": "Ipswich", "NAMELSAD": "Ipswich town", "GEOID": "2500932310" }, "geometry": { "type": "Polygon", "coordinates": [ [ [ -70.964454034573365, 42.674824372840725 ], [ -70.948593004434699, 42.680666341093712 ], [ -70.91424893662807, 42.6936622728036 ], [ -70.880866869957998, 42.70628720700752 ], [ -70.875481833266676, 42.712883196833403 ], [ -70.864404856200821, 42.709097174456907 ], [ -70.864663849819394, 42.710214175075407 ], [ -70.863413836006629, 42.712673172815812 ], [ -70.858918835161546, 42.712923163900527 ], [ -70.857674831093959, 42.713666161498679 ], [ -70.857459824066709, 42.714906161191436 ], [ -70.860593817962041, 42.715910167514487 ], [ -70.858335809433626, 42.717459163178162 ], [ -70.857867797778241, 42.719518162447969 ], [ -70.858433782783109, 42.722142163823541 ], [ -70.857767783437254, 42.722041162493575 ], [ -70.856778772619563, 42.723963160720217 ], [ -70.852271757366239, 42.726735152070141 ], [ -70.848919762378387, 42.725923145352603 ], [ -70.845629747323258, 42.728631139123635 ], [ -70.84248474482817, 42.729131132956802 ], [ -70.839840733852142, 42.731107127943439 ], [ -70.838218731207164, 42.731602124792538 ], [ -70.833390730638698, 42.731795115275034 ], [ -70.829521726779276, 42.732545107717939 ], [ -70.826257726777087, 42.732608101278323 ], [ -70.822192734255481, 42.731379093100706 ], [ -70.820407739438835, 42.730508089467186 ], [ -70.816501763982387, 42.726299081221448 ], [ -70.815246784098051, 42.722813078299289 ], [ -70.805649760887164, 42.727057059840647 ], [ -70.798315753928179, 42.728415045513387 ], [ -70.799720746698512, 42.729646048460133 ], [ -70.797961735509617, 42.731628045254588 ], [ -70.798271724020367, 42.733622046140624 ], [ -70.788154836905534, 42.738872110684291 ], [ -70.772265856992519, 42.711062991299109 ], [ -70.77045189323799, 42.704822986715584 ], [ -70.775789916470586, 42.700667996726345 ], [ -70.77594453488453, 42.695688830573737 ], [ -70.776081970654744, 42.691262995877402 ], [ -70.764420004814681, 42.685648971615905 ], [ -70.752741014254696, 42.684327947952973 ], [ -70.744601040373283, 42.681306946066549 ], [ -70.732533122197097, 42.670235954269288 ], [ -70.73054614619177, 42.66656195557443 ], [ -70.7250345285847, 42.665201224151232 ], [ -70.731981215084289, 42.654175953252654 ], [ -70.732455215643526, 42.653959952813381 ], [ -70.751535092783911, 42.670793943244689 ], [ -70.759506067502628, 42.6749359600011 ], [ -70.761496062507206, 42.67574396414075 ], [ -70.762690061850378, 42.67582396655817 ], [ -70.768913073368267, 42.673652978748727 ], [ -70.777394075278238, 42.673078995753158 ], [ -70.780983085272993, 42.67124100271355 ], [ -70.784150091094531, 42.670138008939141 ], [ -70.785041101105989, 42.668373010478859 ], [ -70.786830104261128, 42.667772014003447 ], [ -70.789455103572067, 42.667814019309979 ], [ -70.78935911512913, 42.665808018828812 ], [ -70.790851121613059, 42.664636021676841 ], [ -70.790751127502958, 42.66361502132942 ], [ -70.78863613037457, 42.663180016990218 ], [ -70.790085137403935, 42.661914019739918 ], [ -70.792734137420865, 42.661830025087617 ], [ -70.79290312861697, 42.663356025644447 ], [ -70.79402012942225, 42.663182027878932 ], [ -70.793548143808621, 42.660694026575094 ], [ -70.791240143596184, 42.660802021918897 ], [ -70.79089915064479, 42.659587021055955 ], [ -70.792501154401805, 42.658884024200511 ], [ -70.79431014893926, 42.659778027989312 ], [ -70.7955541518904, 42.659226030431277 ], [ -70.79419715640374, 42.658483027579294 ], [ -70.795936159379437, 42.65791103102238 ], [ -70.793972170591772, 42.656022026778757 ], [ -70.79539617521867, 42.655172029547273 ], [ -70.796329170066372, 42.65603903155931 ], [ -70.799721167607288, 42.656360038479377 ], [ -70.800592162763579, 42.657176040355552 ], [ -70.803304165121432, 42.656680045784945 ], [ -70.80381317540072, 42.654873046575517 ], [ -70.807390175717174, 42.654704053807606 ], [ -70.807698188354436, 42.652491054142899 ], [ -70.809918196825905, 42.650942058448472 ], [ -70.810221203890521, 42.649700058903491 ], [ -70.815943216737708, 42.647270070223811 ], [ -70.814450220785204, 42.646613067105363 ], [ -70.816928250748205, 42.641299071483182 ], [ -70.821846243864968, 42.642334081627759 ], [ -70.821882254341745, 42.640502081479184 ], [ -70.823936266455945, 42.63831408540284 ], [ -70.82409129017681, 42.634162085222286 ], [ -70.832799263358055, 42.638549103503699 ], [ -70.834051253538405, 42.640225106245801 ], [ -70.832508254189747, 42.64016410309425 ], [ -70.832929247863618, 42.641257104076431 ], [ -70.830958243191603, 42.642142100162687 ], [ -70.831481232879696, 42.64392910143264 ], [ -70.830946220543282, 42.646106100593933 ], [ -70.831650209142097, 42.64807810225161 ], [ -70.832879205436882, 42.648686104818815 ], [ -70.836829204447454, 42.648729112850873 ], [ -70.83727920876369, 42.647958113680055 ], [ -70.846573214153992, 42.646704132441336 ], [ -70.846744218829059, 42.645878132702997 ], [ -70.849997228586346, 42.644056139134186 ], [ -70.856249235342489, 42.642657151722595 ], [ -70.857003238228813, 42.642124153206154 ], [ -70.85762624059376, 42.641687154432709 ], [ -70.863280213721566, 42.646221166371348 ], [ -70.859773150308428, 42.657489160312899 ], [ -70.861995144786121, 42.658390164899757 ], [ -70.867904148560157, 42.657539176792739 ], [ -70.870045138443601, 42.659253181282317 ], [ -70.872356149376088, 42.657254185788673 ], [ -70.875051148141353, 42.65738619126104 ], [ -70.877160153409406, 42.656390195451323 ], [ -70.876654158962452, 42.655427194344902 ], [ -70.879340166370042, 42.654034199676857 ], [ -70.883241159853881, 42.655058207671694 ], [ -70.886160149242642, 42.656838213728896 ], [ -70.885322141307157, 42.658266212141896 ], [ -70.886581135957314, 42.659171214762061 ], [ -70.889170138313588, 42.658673219967497 ], [ -70.893988131377839, 42.659747229803472 ], [ -70.898265132204585, 42.659466238443692 ], [ -70.900979126772839, 42.660342243998244 ], [ -70.903619131013187, 42.659508249287732 ], [ -70.903579126672923, 42.660278249257232 ], [ -70.904960116786711, 42.661986252163231 ], [ -70.916340121732048, 42.660753275116889 ], [ -70.920524068496448, 42.670077284089295 ], [ -70.927281083499537, 42.667207297580845 ], [ -70.936027102899644, 42.663486315082679 ], [ -70.965340050957678, 42.671866374555812 ], [ -70.964454034573365, 42.674824372840725 ] ] ] } },
{ "type": "Feature", "properties": { "STATEFP": "25", "COUNTYFP": "005", "COUSUBFP": "62430", "NAME": "Somerset", "NAMELSAD": "Somerset town", "GEOID": "2500562430" }, "geometry": { "type": "Polygon", "coordinates": [ [ [ -71.206335551987678, 41.692809596288299 ], [ -71.206278549936684, 41.695412597478906 ], [ -71.20126153334806, 41.707726606362051 ], [ -71.195975516708359, 41.721040617001236 ], [ -71.191970506782297, 41.728103624130526 ], [ -71.191650504543787, 41.730968626021443 ], [ -71.187532495296111, 41.737609633580938 ], [ -71.186768492093975, 41.741408636587806 ], [ -71.188100492575913, 41.743218636392477 ], [ -71.189972494391739, 41.743831634932242 ], [ -71.190389494164904, 41.744971635182338 ], [ -71.186017489510078, 41.744266639053784 ], [ -71.162119463197854, 41.740410659317533 ], [ -71.156306456576019, 41.739470664015514 ], [ -71.155613453290499, 41.750496674230355 ], [ -71.15486548215182, 41.762492686666768 ], [ -71.154278504552195, 41.771782696165886 ], [ -71.153164547551839, 41.789553713991666 ], [ -71.133195530381016, 41.790144726063659 ], [ -71.125500525601865, 41.791064731091211 ], [ -71.119610519876076, 41.790968734369429 ], [ -71.114489482711406, 41.778801730931278 ], [ -71.117189472120103, 41.773801726275153 ], [ -71.123989460387776, 41.766701716656833 ], [ -71.129382448377299, 41.759904707458134 ], [ -71.131289444215668, 41.757502704010108 ], [ -71.131889425589094, 41.74940269744161 ], [ -71.138744435147288, 41.740793681829068 ], [ -71.140489437730665, 41.738602678010302 ], [ -71.149183450848653, 41.729908661954823 ], [ -71.155449460997772, 41.723795651286473 ], [ -71.158289465733176, 41.721202646807932 ], [ -71.162713473974051, 41.715610638825041 ], [ -71.168431485230613, 41.708337629075899 ], [ -71.168517485405246, 41.708227628934019 ], [ -71.174190496646574, 41.702202620792548 ], [ -71.18979052672131, 41.691502604712632 ], [ -71.196190540375355, 41.686302598482222 ], [ -71.201221510225039, 41.681861345692134 ], [ -71.208293310093936, 41.690502977801756 ], [ -71.206335551987678, 41.692809596288299 ] ] ] } },
{ "type": "Feature", "properties": { "STATEFP": "25", "COUNTYFP": "011", "COUSUBFP": "21780", "NAME": "Erving", "NAMELSAD": "Erving town", "GEOID": "2501121780" }, "geometry": { "type": "Polygon", "coordinates": [ [ [ -72.503717869698406, 42.580953980542326 ], [ -72.498073847803667, 42.585770989757513 ], [ -72.497855834385007, 42.589687996668253 ], [ -72.495058824338273, 42.592749996575357 ], [ -72.496422820240937, 42.593875001499242 ], [ -72.496172813642033, 42.595807004538422 ], [ -72.496377809865024, 42.59689600698961 ], [ -72.497070807438135, 42.597569009734841 ], [ -72.496429806006958, 42.598016009173215 ], [ -72.490999786266798, 42.604008007903332 ], [ -72.461650782300168, 42.606479944254971 ], [ -72.463417735152561, 42.619982965783642 ], [ -72.382516682236215, 42.638068758481822 ], [ -72.377122678574437, 42.639281742898724 ], [ -72.36476678677046, 42.609425718689245 ], [ -72.362300837945853, 42.595221718808425 ], [ -72.363909836376678, 42.595585722086916 ], [ -72.3697018254787, 42.598369733619371 ], [ -72.37356882114355, 42.59940874181008 ], [ -72.376202822094925, 42.599021747668523 ], [ -72.378597825955708, 42.597827753086371 ], [ -72.381643824471595, 42.598104759671813 ], [ -72.384692824871976, 42.597851766313809 ], [ -72.388197831035058, 42.595953773886677 ], [ -72.389334831197885, 42.595854776314582 ], [ -72.392845823416096, 42.597885784015467 ], [ -72.402627820354454, 42.598298805364202 ], [ -72.40988579893083, 42.60403682338756 ], [ -72.414095790673457, 42.606192833952043 ], [ -72.416231784871357, 42.60774683965635 ], [ -72.422279784723145, 42.607524853665353 ], [ -72.426448783639998, 42.607650863481361 ], [ -72.428170786704626, 42.606701866845341 ], [ -72.43022779413468, 42.604491870005788 ], [ -72.431770804184708, 42.601554871308615 ], [ -72.434010810115964, 42.599758874885872 ], [ -72.437499814295165, 42.598402881415893 ], [ -72.437874816147342, 42.597855881763486 ], [ -72.437014827323523, 42.594701877232779 ], [ -72.43725982940272, 42.594095877237237 ], [ -72.441216835294782, 42.592219883857823 ], [ -72.442842843331732, 42.589839884987896 ], [ -72.445776845293977, 42.58913289025741 ], [ -72.449554855276091, 42.586081894677427 ], [ -72.457014869728837, 42.581548904024153 ], [ -72.459469871891741, 42.580798907758073 ], [ -72.461836881346301, 42.577952908614883 ], [ -72.466103884842781, 42.576717914790557 ], [ -72.470598891836218, 42.574457919748646 ], [ -72.473553893017638, 42.573955924259678 ], [ -72.47437889236032, 42.574100925931198 ], [ -72.47629388806763, 42.575237931034593 ], [ -72.477246882917981, 42.57667593493192 ], [ -72.481382873376148, 42.579216946481829 ], [ -72.482636873215483, 42.579196948776378 ], [ -72.486909875483249, 42.578311955209323 ], [ -72.490573871919878, 42.579150963420709 ], [ -72.493520865734709, 42.580791971840199 ], [ -72.497675867491992, 42.580060978293254 ], [ -72.502247871988587, 42.579613979507712 ], [ -72.503717869698406, 42.580953980542326 ] ] ] } },
{ "type": "Feature", "properties": { "STATEFP": "25", "COUNTYFP": "007", "COUSUBFP": "78235", "NAME": "West Tisbury", "NAMELSAD": "West Tisbury town", "GEOID": "2500778235" }, "geometry": { "type": "Polygon", "coordinates": [ [ [ -70.711492912710185, 41.415460267305932 ], [ -70.709398917710033, 41.41866127194573 ], [ -70.706560919473418, 41.419198275966984 ], [ -70.705723926247714, 41.424023279831943 ], [ -70.701377937269484, 41.430925289299836 ], [ -70.700963941619619, 41.434010291546613 ], [ -70.697927945045393, 41.435589296224386 ], [ -70.695477945287877, 41.435010298975229 ], [ -70.689923950176933, 41.436841306884546 ], [ -70.686880957773539, 41.44133431297098 ], [ -70.684163959826691, 41.441938316618241 ], [ -70.679254960096301, 41.440598322001009 ], [ -70.671859965909633, 41.442364331934002 ], [ -70.669535973956613, 41.447174336960352 ], [ -70.665917981385746, 41.451094343065769 ], [ -70.665082989336838, 41.456226346307936 ], [ -70.659651998633478, 41.460677354581662 ], [ -70.656088039762807, 41.460812362539357 ], [ -70.634467972497376, 41.435956375694552 ], [ -70.615109944215618, 41.413630393900149 ], [ -70.609476898596654, 41.384839394206637 ], [ -70.607060840182328, 41.349300389100669 ], [ -70.606757334618578, 41.348920440999429 ], [ -70.648804830689343, 41.346973323818396 ], [ -70.651194143586423, 41.346822191334219 ], [ -70.651634834299486, 41.349606320460893 ], [ -70.653597838693301, 41.352703318667302 ], [ -70.656088841450625, 41.354794315703188 ], [ -70.660468845046665, 41.357684310245496 ], [ -70.662389849566409, 41.360956308736291 ], [ -70.66466285091883, 41.362152305840482 ], [ -70.665464852352329, 41.363227305109241 ], [ -70.667460860073049, 41.368755304583843 ], [ -70.668527866972823, 41.373628305193861 ], [ -70.673718867843959, 41.375028298266507 ], [ -70.677039870612788, 41.377484294605303 ], [ -70.67868486877822, 41.376469291734587 ], [ -70.681561863888192, 41.373490286093599 ], [ -70.684222860980398, 41.371845281381503 ], [ -70.689574869232374, 41.378601277045995 ], [ -70.690559871305553, 41.380262276493212 ], [ -70.697190884695061, 41.391232272944805 ], [ -70.705780895517819, 41.401100266584834 ], [ -70.712351346770717, 41.409417340495075 ], [ -70.711492912710185, 41.415460267305932 ] ] ] } },
{ "type": "Feature", "properties": { "STATEFP": "25", "COUNTYFP": "027", "COUSUBFP": "17300", "NAME": "Douglas", "NAMELSAD": "Douglas town", "GEOID": "2502717300" }, "geometry": { "type": "Polygon", "coordinates": [ [ [ -71.830064825064923, 42.092777987478101 ], [ -71.811328842619417, 42.098870998260431 ], [ -71.809217840489055, 42.095362997944179 ], [ -71.797177851307879, 42.099172004086441 ], [ -71.792427855497763, 42.100706006293272 ], [ -71.77680686439578, 42.100382012379903 ], [ -71.774629865636911, 42.100334013235141 ], [ -71.768087854788547, 42.081771016319863 ], [ -71.760229861154656, 42.083258020556848 ], [ -71.737445860051338, 42.087586060296658 ], [ -71.696666830662778, 42.095327165434227 ], [ -71.696339813948029, 42.074797188896937 ], [ -71.696280810936528, 42.071101193145601 ], [ -71.679242798170549, 42.074176241118934 ], [ -71.679964796093785, 42.070882243486409 ], [ -71.68180278460531, 42.05492425935654 ], [ -71.682451776008662, 42.043742272138815 ], [ -71.681160756120775, 42.021095307478937 ], [ -71.680876564407143, 42.011705052664773 ], [ -71.755110008588503, 42.00999596280213 ], [ -71.766010799775898, 42.009745020764726 ], [ -71.799242765988438, 42.008064980739199 ], [ -71.800650779015243, 42.02356898306347 ], [ -71.804567338978401, 42.023603699111312 ], [ -71.817205798194095, 42.057886979257226 ], [ -71.830064825064923, 42.092777987478101 ] ] ] } },
{ "type": "Feature", "properties": { "STATEFP": "25", "COUNTYFP": "025", "COUSUBFP": "56585", "NAME": "Revere", "NAMELSAD": "Revere city", "GEOID": "2502556585" }, "geometry": { "type": "Polygon", "coordinates": [ [ [ -71.032566260501241, 42.415532484259863 ], [ -71.03172925448996, 42.417391483158681 ], [ -71.031086249957198, 42.418781482317087 ], [ -71.029319239116305, 42.421876480044546 ], [ -71.0282272314995, 42.424201478631964 ], [ -71.024088205825265, 42.431581473384291 ], [ -71.023036199296229, 42.433459472063298 ], [ -71.023002199084559, 42.433520472020675 ], [ -71.021348188750864, 42.436504469953668 ], [ -71.021005186623256, 42.437116469526842 ], [ -71.020377182700187, 42.438249468746456 ], [ -71.024996180843303, 42.443714474074866 ], [ -71.025836180504442, 42.444708475036713 ], [ -71.018757152676656, 42.450117466520581 ], [ -71.014610154171024, 42.445288461732872 ], [ -71.01324015463149, 42.443707460139336 ], [ -71.011924155129506, 42.442163458603638 ], [ -71.009671152586463, 42.441046455942555 ], [ -71.012269161326159, 42.439723459052814 ], [ -71.010105159912726, 42.438187456496685 ], [ -71.011416167724775, 42.435990458093428 ], [ -71.01077716946304, 42.434567457349679 ], [ -71.006974162596237, 42.433837452802386 ], [ -71.005920162008337, 42.433043451545423 ], [ -71.002150154560326, 42.432607447024573 ], [ -70.999857152801511, 42.431295444186297 ], [ -70.99734715552826, 42.431065439658461 ], [ -70.997234155661673, 42.4310504394548 ], [ -70.992023153210297, 42.434134429937089 ], [ -70.99012015313501, 42.434876426441193 ], [ -70.98370816616135, 42.43166241500748 ], [ -70.982294168270457, 42.431295412483671 ], [ -70.979454167145079, 42.43281440720812 ], [ -70.975194160961365, 42.436895399003888 ], [ -70.971594149754864, 42.442695391622109 ], [ -70.968594147914402, 42.444395385788383 ], [ -70.966138963857844, 42.443491422194953 ], [ -70.966309450195325, 42.443046814704992 ], [ -70.966538154354552, 42.442450382259409 ], [ -70.95993416271584, 42.441217370222716 ], [ -70.959698164308037, 42.440666369891623 ], [ -70.968638798339612, 42.435530558154326 ], [ -70.975510173548813, 42.431583400204296 ], [ -70.976643058196188, 42.430434776610873 ], [ -70.982994184875352, 42.423995414340354 ], [ -70.983704431007993, 42.422892270430715 ], [ -70.98681519605347, 42.418060675321961 ], [ -70.987694197404863, 42.416695423089514 ], [ -70.990559910675529, 42.407214237765459 ], [ -70.990595216564316, 42.40709742855497 ], [ -70.989195228461412, 42.40259742642202 ], [ -70.987723188958995, 42.402398750081765 ], [ -70.985068234354344, 42.402040419578057 ], [ -70.983426249838061, 42.396245417302517 ], [ -70.983011226910264, 42.395596333651341 ], [ -70.982957618388497, 42.39551249149995 ], [ -70.980509056408764, 42.391683012499421 ], [ -70.981479264923792, 42.39083841459253 ], [ -70.986053265762493, 42.388115422146285 ], [ -70.987289262807735, 42.38873342408484 ], [ -70.987974252501175, 42.392816424947434 ], [ -70.989771249387076, 42.393239427840115 ], [ -70.99445424365571, 42.393315435439817 ], [ -70.995047242386619, 42.393565436396713 ], [ -70.996767233948603, 42.396412439147426 ], [ -71.000683230824308, 42.396816445296331 ], [ -71.00560024817905, 42.393960451450482 ], [ -71.008945252930289, 42.395191455620825 ], [ -71.010001254631476, 42.395489456936318 ], [ -71.011930258366803, 42.395751459341639 ], [ -71.011272255032452, 42.396588458507523 ], [ -71.013395257984911, 42.397397461141907 ], [ -71.012434254261549, 42.39810445993237 ], [ -71.009629243398436, 42.400166456412222 ], [ -71.009377241315747, 42.400849456090555 ], [ -71.009396240617775, 42.401182456110028 ], [ -71.010861242770559, 42.401688457921637 ], [ -71.010892242604172, 42.40179445795858 ], [ -71.013007244958771, 42.402863460564397 ], [ -71.017826255698196, 42.402882466536283 ], [ -71.018126255267987, 42.403377466896224 ], [ -71.02082826101261, 42.403512470239356 ], [ -71.021634259074617, 42.40519347118957 ], [ -71.023928263834492, 42.405360474020256 ], [ -71.026468267817634, 42.406123477133136 ], [ -71.026888267808658, 42.40654947763673 ], [ -71.029013264169208, 42.41031848011562 ], [ -71.03135526452229, 42.412511482904314 ], [ -71.033181264831725, 42.414205485069886 ], [ -71.032566260501241, 42.415532484259863 ] ] ] } },
{ "type": "Feature", "properties": { "STATEFP": "25", "COUNTYFP": "027", "COUSUBFP": "05490", "NAME": "Berlin", "NAMELSAD": "Berlin town", "GEOID": "2502705490" }, "geometry": { "type": "Polygon", "coordinates": [ [ [ -71.676522581810346, 42.396118867761601 ], [ -71.668070519308898, 42.39456586756625 ], [ -71.666604528170112, 42.399232863118577 ], [ -71.660634558390981, 42.418231844811729 ], [ -71.630419308205958, 42.409536846436559 ], [ -71.608066131399468, 42.39942885171223 ], [ -71.604252103095064, 42.397702852677682 ], [ -71.602538090571727, 42.396941853103186 ], [ -71.580186937117148, 42.386975859033448 ], [ -71.587940982350702, 42.382189865200992 ], [ -71.607760084125928, 42.370021880423366 ], [ -71.603066054252849, 42.367266882432133 ], [ -71.610008076094175, 42.357402893066293 ], [ -71.624703134847422, 42.350464901631064 ], [ -71.628427160200914, 42.353642899070998 ], [ -71.633943199677205, 42.358397895295759 ], [ -71.676366444203396, 42.364883895252461 ], [ -71.677795453064419, 42.365153895219294 ], [ -71.670552503018968, 42.38666487505175 ], [ -71.6787675656457, 42.389162874286797 ], [ -71.676522581810346, 42.396118867761601 ] ] ] } },
{ "type": "Feature", "properties": { "STATEFP": "25", "COUNTYFP": "003", "COUSUBFP": "53960", "NAME": "Pittsfield", "NAMELSAD": "Pittsfield city", "GEOID": "2500353960" }, "geometry": { "type": "Polygon", "coordinates": [ [ [ -73.338909548152486, 42.418564918098461 ], [ -73.319543474219984, 42.493435761161322 ], [ -73.315113462487929, 42.492945760580433 ], [ -73.311742457666099, 42.504607744637163 ], [ -73.281750370889483, 42.500171734234371 ], [ -73.271889344558616, 42.498706733352144 ], [ -73.239961307675273, 42.493977736562492 ], [ -73.238997309654636, 42.493845736949403 ], [ -73.214125360123276, 42.490154747082279 ], [ -73.182198422979198, 42.485414758875422 ], [ -73.182333422651823, 42.4848997597799 ], [ -73.186050414045354, 42.470887784629383 ], [ -73.186197413719285, 42.470322785641308 ], [ -73.191796402228192, 42.449563823357636 ], [ -73.192088401677267, 42.448530825263042 ], [ -73.197377392446924, 42.42984286020608 ], [ -73.201873385717519, 42.413752890994033 ], [ -73.206358380016582, 42.39813092155002 ], [ -73.221946358923816, 42.400583921594546 ], [ -73.232558344259758, 42.402215921503021 ], [ -73.245621325867091, 42.404227921168832 ], [ -73.264108355761238, 42.407069920397163 ], [ -73.295331435910185, 42.411864919255486 ], [ -73.312590480307534, 42.414527918715024 ], [ -73.331259528416496, 42.417388918263114 ], [ -73.338909548152486, 42.418564918098461 ] ] ] } },
{ "type": "Feature", "properties": { "STATEFP": "25", "COUNTYFP": "027", "COUSUBFP": "71480", "NAME": "Upton", "NAMELSAD": "Upton town", "GEOID": "2502771480" }, "geometry": { "type": "Polygon", "coordinates": [ [ [ -71.64266386142657, 42.182545133050695 ], [ -71.637276858156, 42.183239137885309 ], [ -71.64443890161354, 42.226626043497063 ], [ -71.621070890267603, 42.230870043155598 ], [ -71.59931887153472, 42.225959064197276 ], [ -71.602221865971913, 42.218101084194757 ], [ -71.589216842571815, 42.202906135965485 ], [ -71.582910831020712, 42.195559163428435 ], [ -71.578225827380791, 42.195202168977062 ], [ -71.571548822143967, 42.194653177113075 ], [ -71.57227182073855, 42.192733182587183 ], [ -71.556782809511745, 42.192450198987814 ], [ -71.555817806163446, 42.189843209061337 ], [ -71.556447803311812, 42.186614219650167 ], [ -71.555067800134665, 42.184476228664614 ], [ -71.555738798599052, 42.182503234798361 ], [ -71.55286679508086, 42.181098243136731 ], [ -71.551666791610174, 42.178571253576443 ], [ -71.552695791213949, 42.177456256258957 ], [ -71.553781792814576, 42.178243252118556 ], [ -71.555944793378202, 42.177252252892117 ], [ -71.557472795736217, 42.178469246750723 ], [ -71.560961798786096, 42.178969240727362 ], [ -71.562017799195189, 42.178614240631582 ], [ -71.561874794725071, 42.174305255418645 ], [ -71.563269793390162, 42.171970261454078 ], [ -71.561282789712919, 42.16979227154124 ], [ -71.561056787319288, 42.167598279324153 ], [ -71.5628397888931, 42.167839275973058 ], [ -71.564463787335868, 42.165096282847749 ], [ -71.563444782059847, 42.16063229935817 ], [ -71.56229978044891, 42.15989730361062 ], [ -71.562291780372973, 42.159828303856514 ], [ -71.562318780209182, 42.159646304430247 ], [ -71.562322780182839, 42.159617304522108 ], [ -71.560954777824037, 42.158315311090313 ], [ -71.571402779313061, 42.151845315454501 ], [ -71.57146077643749, 42.148919324799756 ], [ -71.571591770001234, 42.142367345702937 ], [ -71.57000576557077, 42.13918435899366 ], [ -71.573414764890046, 42.135790363332461 ], [ -71.592748766646935, 42.121648365853382 ], [ -71.597635771800356, 42.12285335172092 ], [ -71.598982772733464, 42.122678349259886 ], [ -71.602269778219409, 42.125628334093562 ], [ -71.605782780345521, 42.124857328619733 ], [ -71.628126821283317, 42.149912223868199 ], [ -71.642168846107836, 42.165662167786373 ], [ -71.646299855543219, 42.172871147692305 ], [ -71.642709854001026, 42.17412014996448 ], [ -71.641411853447295, 42.174572150747565 ], [ -71.641290853627297, 42.174875150287875 ], [ -71.64921886542264, 42.1817011269952 ], [ -71.64266386142657, 42.182545133050695 ] ] ] } },
{ "type": "Feature", "properties": { "STATEFP": "25", "COUNTYFP": "013", "COUSUBFP": "58650", "NAME": "Russell", "NAMELSAD": "Russell town", "GEOID": "2501358650" }, "geometry": { "type": "Polygon", "coordinates": [ [ [ -72.880687601461219, 42.182423712673504 ], [ -72.873839634827903, 42.209430717429974 ], [ -72.872179643736686, 42.216438718656249 ], [ -72.868469656339968, 42.223656715971245 ], [ -72.864867660737559, 42.222140708132869 ], [ -72.860108668450309, 42.222166699002557 ], [ -72.857565670608778, 42.220246693034468 ], [ -72.859650664353339, 42.217331695361686 ], [ -72.857808664470326, 42.214574690300871 ], [ -72.857517663011933, 42.212691688690178 ], [ -72.854170663018749, 42.207717679642585 ], [ -72.854544660428004, 42.205764679263595 ], [ -72.856601655116052, 42.203581681867057 ], [ -72.847574666717549, 42.201949664301509 ], [ -72.846922667056901, 42.201382662802473 ], [ -72.84615366720638, 42.200491660922566 ], [ -72.810909669102898, 42.163816581969471 ], [ -72.812874656100604, 42.155847582178659 ], [ -72.813766653692184, 42.154800583252715 ], [ -72.814225652467087, 42.154268583805319 ], [ -72.828935614779937, 42.136985600423905 ], [ -72.830759614416181, 42.138198603896534 ], [ -72.831866613333574, 42.138229605684295 ], [ -72.836117607815993, 42.137189611994039 ], [ -72.836116604481262, 42.13433761061966 ], [ -72.839532599817488, 42.133199615479079 ], [ -72.840830597410843, 42.13219561703238 ], [ -72.843423595219235, 42.132481621272554 ], [ -72.844250593179979, 42.131368622009127 ], [ -72.843699590632681, 42.12860861973256 ], [ -72.842745589881559, 42.127137617493965 ], [ -72.843401588181962, 42.126163618021344 ], [ -72.846329585841744, 42.126499622752412 ], [ -72.849438581242367, 42.124901626744034 ], [ -72.850928579974308, 42.124992629104398 ], [ -72.851867576910067, 42.122906629432158 ], [ -72.853896566849798, 42.115005628226143 ], [ -72.895662538172644, 42.123916697753494 ], [ -72.880687601461219, 42.182423712673504 ] ] ] } },
{ "type": "Feature", "properties": { "STATEFP": "25", "COUNTYFP": "027", "COUSUBFP": "45105", "NAME": "New Braintree", "NAMELSAD": "New Braintree town", "GEOID": "2502745105" }, "geometry": { "type": "Polygon", "coordinates": [ [ [ -72.213973360590003, 42.294256953244378 ], [ -72.204990384620146, 42.306236945479213 ], [ -72.207183377042583, 42.311521937091662 ], [ -72.203669387584526, 42.310791940691111 ], [ -72.200394397143825, 42.311398942402533 ], [ -72.197239406629819, 42.310631945799408 ], [ -72.19403141640349, 42.309209950121137 ], [ -72.19345341835519, 42.308009952150783 ], [ -72.194226416453333, 42.306120954042051 ], [ -72.193050420132934, 42.305110956297504 ], [ -72.190678427244805, 42.304598958844544 ], [ -72.1872944372207, 42.30471096136111 ], [ -72.18378544718351, 42.30674696135209 ], [ -72.185584441656431, 42.307800958522748 ], [ -72.18478244381852, 42.308846957723645 ], [ -72.185221442220609, 42.310351955344636 ], [ -72.183032448213339, 42.312765953720728 ], [ -72.180856454524061, 42.313397954491798 ], [ -72.179336458778707, 42.314620953944171 ], [ -72.178891459817407, 42.316029952327462 ], [ -72.17717246483366, 42.316385953104167 ], [ -72.176850465221534, 42.31926294933826 ], [ -72.172109478577482, 42.32274394786613 ], [ -72.172677476619612, 42.324159945466569 ], [ -72.172308477366201, 42.325938943216855 ], [ -72.17057048215095, 42.327814941768793 ], [ -72.168232488747705, 42.329528940933479 ], [ -72.167339491067878, 42.331221939118585 ], [ -72.163691501609918, 42.332642939525101 ], [ -72.162393505219811, 42.333891938579029 ], [ -72.16389550046388, 42.335467935301999 ], [ -72.163193502293666, 42.336786933851407 ], [ -72.161714506615411, 42.337130934314366 ], [ -72.15960851258852, 42.338575933567057 ], [ -72.159621512123039, 42.340822930267457 ], [ -72.158318515531633, 42.34324292753621 ], [ -72.154396527056392, 42.34387592904325 ], [ -72.152521532323036, 42.345478927812401 ], [ -72.149151542363398, 42.345303930148191 ], [ -72.146626549806612, 42.3456009312509 ], [ -72.144503556367837, 42.344209934681587 ], [ -72.141155566292056, 42.344300936617365 ], [ -72.140217568984312, 42.344808936412768 ], [ -72.13984956982712, 42.346176934521495 ], [ -72.140421567803102, 42.347954931422386 ], [ -72.138955572058933, 42.348497931465225 ], [ -72.137178577428159, 42.348001933308609 ], [ -72.136282579718866, 42.350046930651899 ], [ -72.136986577069209, 42.35311792543957 ], [ -72.135703580609345, 42.35462792382166 ], [ -72.135113581991774, 42.356681920939259 ], [ -72.133476586548056, 42.358410919143381 ], [ -72.130422595565292, 42.358782920262207 ], [ -72.126627606681851, 42.35974992082906 ], [ -72.123860614540263, 42.361860918950008 ], [ -72.124405612704308, 42.363070916699691 ], [ -72.123667614748911, 42.363929915708994 ], [ -72.112467649381102, 42.356422934215139 ], [ -72.041168868385313, 42.308697068634181 ], [ -72.050747840190368, 42.307886062812734 ], [ -72.117463643975398, 42.302245020425993 ], [ -72.129572610354316, 42.290253029854391 ], [ -72.134811596549881, 42.281146039703913 ], [ -72.145690565237913, 42.277160036119575 ], [ -72.144948564827317, 42.291221015319756 ], [ -72.161540516433462, 42.288354005474851 ], [ -72.161738515177731, 42.291876000178029 ], [ -72.164741506418792, 42.291356998397632 ], [ -72.170543489272404, 42.29152299326261 ], [ -72.170446489071438, 42.294033989781923 ], [ -72.169044492469837, 42.297850985511751 ], [ -72.210798369912325, 42.29447895560952 ], [ -72.213973360590003, 42.294256953244378 ] ] ] } },
{ "type": "Feature", "properties": { "STATEFP": "25", "COUNTYFP": "015", "COUSUBFP": "01370", "NAME": "Amherst Town", "NAMELSAD": "Amherst Town city", "GEOID": "2501501370" }, "geometry": { "type": "Polygon", "coordinates": [ [ [ -72.545822086721216, 42.41013876157534 ], [ -72.54419909711163, 42.427149771567791 ], [ -72.540492097995724, 42.427628773959597 ], [ -72.530968100235413, 42.428852780071189 ], [ -72.48989111241427, 42.433815798966378 ], [ -72.483976103365535, 42.408714789531096 ], [ -72.483696102937529, 42.407480789113528 ], [ -72.477301092590352, 42.376785779951327 ], [ -72.472452084993819, 42.352303774267234 ], [ -72.47228708474205, 42.351457774095771 ], [ -72.468712079126533, 42.332269770579785 ], [ -72.465192074006112, 42.313405767944417 ], [ -72.464195072623127, 42.308052767343291 ], [ -72.478860059937105, 42.307040757366892 ], [ -72.483100055585851, 42.305318753956335 ], [ -72.487764051366099, 42.304707750580135 ], [ -72.493586045240193, 42.302267745631511 ], [ -72.498034042912096, 42.305118743788327 ], [ -72.499117042587841, 42.306262743562037 ], [ -72.500745041003057, 42.305165741881865 ], [ -72.504151039895675, 42.305470739286797 ], [ -72.506665039445991, 42.306387737692127 ], [ -72.510191037704161, 42.305568734487643 ], [ -72.521421031659656, 42.302181723831303 ], [ -72.52467303097707, 42.303154721683001 ], [ -72.527961028784318, 42.30145771818416 ], [ -72.531212028789255, 42.303623716646946 ], [ -72.535151027675766, 42.30425171379585 ], [ -72.537986035843929, 42.320110719727872 ], [ -72.540902034556296, 42.319637717220118 ], [ -72.538301047409675, 42.340157729876516 ], [ -72.537042053515265, 42.35000373588737 ], [ -72.53578505964829, 42.359971741913775 ], [ -72.536463062442792, 42.365121744090494 ], [ -72.53545806288713, 42.365422744940531 ], [ -72.534576067827558, 42.373588749727809 ], [ -72.532253080947001, 42.395490762409452 ], [ -72.531586084521493, 42.401498765873995 ], [ -72.537844082880952, 42.400902761654187 ], [ -72.546776080537924, 42.400086755625971 ], [ -72.545822086721216, 42.41013876157534 ] ] ] } },
{ "type": "Feature", "properties": { "STATEFP": "25", "COUNTYFP": "001", "COUSUBFP": "03690", "NAME": "Barnstable Town", "NAMELSAD": "Barnstable Town city", "GEOID": "2500103690" }, "geometry": { "type": "MultiPolygon", "coordinates": [ [ [ [ -70.393246523063524, 41.7298351221785 ], [ -70.383592146092681, 41.739764072654879 ], [ -70.37534178220416, 41.738779278669128 ], [ -70.363416687135555, 41.738126545007034 ], [ -70.320695047386806, 41.735788126590592 ], [ -70.295562099347279, 41.734412444993886 ], [ -70.28834112341751, 41.731981461290999 ], [ -70.28309213798137, 41.728951473859347 ], [ -70.275249162384242, 41.725807491361458 ], [ -70.273880164463293, 41.724310494976912 ], [ -70.274405160546308, 41.723498494467364 ], [ -70.278906140631562, 41.722574486345579 ], [ -70.281775128926768, 41.72242048090208 ], [ -70.285525120197278, 41.725247471661255 ], [ -70.288169118163239, 41.729208463638372 ], [ -70.290250110435721, 41.729502459304896 ], [ -70.292125101365897, 41.728774456137231 ], [ -70.292050099120743, 41.727570457186793 ], [ -70.293194089858446, 41.725345456619017 ], [ -70.296269077433678, 41.725261450680577 ], [ -70.303263054084766, 41.727486435196141 ], [ -70.31924099282638, 41.728887402466484 ], [ -70.332496944891858, 41.731806373293033 ], [ -70.34079590962611, 41.730776357838117 ], [ -70.346043890774482, 41.732125345902176 ], [ -70.348896878191397, 41.731486340924199 ], [ -70.363299822432865, 41.732976310382703 ], [ -70.373139782642056, 41.732976290667246 ], [ -70.382836745813719, 41.734679268926399 ], [ -70.385261734946269, 41.733934265063453 ], [ -70.384120735426961, 41.730954271428068 ], [ -70.388968713454616, 41.729145264310546 ], [ -70.393246523063524, 41.7298351221785 ] ] ], [ [ [ -70.467580328397446, 41.63427229153929 ], [ -70.466304334653799, 41.637082287863464 ], [ -70.458476360713007, 41.637471297787826 ], [ -70.45436137570195, 41.639194300231345 ], [ -70.452557381285629, 41.638748303525205 ], [ -70.453238381525367, 41.641690297208079 ], [ -70.451712387279144, 41.642482297890304 ], [ -70.446559411463838, 41.650293291145417 ], [ -70.447897408747778, 41.652347285521891 ], [ -70.451059401907656, 41.656912272610413 ], [ -70.458464381929303, 41.663787248731019 ], [ -70.458737381177869, 41.6640412478366 ], [ -70.441157459340019, 41.681695244060869 ], [ -70.436083482814524, 41.686797243733871 ], [ -70.423926540708322, 41.699014244374609 ], [ -70.412191598804483, 41.71080224689041 ], [ -70.396722678720337, 41.726346253034286 ], [ -70.39603962692658, 41.727031471335302 ], [ -70.395243683002477, 41.725101257725612 ], [ -70.385546715449976, 41.72063028279328 ], [ -70.382123730156778, 41.721482288215633 ], [ -70.362586792452163, 41.711901337559517 ], [ -70.360875794231887, 41.708814344481944 ], [ -70.362871780738217, 41.705088345365539 ], [ -70.357309797916869, 41.7025323585016 ], [ -70.342050853949104, 41.701361387228424 ], [ -70.341315357744705, 41.701500105495839 ], [ -70.328503910028729, 41.703916408961327 ], [ -70.327077918602427, 41.705620409864501 ], [ -70.329216916426077, 41.708920402678018 ], [ -70.327362927875413, 41.711263403784535 ], [ -70.31980495411851, 41.709666419320065 ], [ -70.306542006594043, 41.710304443280755 ], [ -70.300716217400478, 41.708544748211764 ], [ -70.300553026039282, 41.708495455827205 ], [ -70.294278055116123, 41.710837465581157 ], [ -70.284010092761974, 41.709879485295154 ], [ -70.278020116131103, 41.709985496299481 ], [ -70.268551159473375, 41.712927512072611 ], [ -70.267102164983953, 41.712875514811216 ], [ -70.264274173244829, 41.711706520753594 ], [ -70.264181172627389, 41.711287521162049 ], [ -70.266331158236653, 41.708670518674914 ], [ -70.265349158572192, 41.7071875213271 ], [ -70.263129166773155, 41.707048525468238 ], [ -70.2628049616021, 41.70756992637056 ], [ -70.261678171895042, 41.706857528227246 ], [ -70.260679171542435, 41.705084531008218 ], [ -70.260311163882264, 41.701249533731541 ], [ -70.260186160470198, 41.699606534834359 ], [ -70.259641145056889, 41.692232539722298 ], [ -70.261270127346748, 41.687291539582795 ], [ -70.265779078753312, 41.673514539817191 ], [ -70.270126032987136, 41.660300540791127 ], [ -70.270846025459093, 41.658096541036123 ], [ -70.271213021639312, 41.656976541167104 ], [ -70.273698995945665, 41.649394542196589 ], [ -70.274570987202864, 41.646823542561705 ], [ -70.272800988197346, 41.644633546442257 ], [ -70.266988991424626, 41.637611558720636 ], [ -70.261556993019212, 41.630691569895646 ], [ -70.262856983276222, 41.628331569487571 ], [ -70.267520971366054, 41.629678562629174 ], [ -70.270788204248277, 41.627950890704113 ], [ -70.274522956063123, 41.632927551400293 ], [ -70.281320938760359, 41.635125540853799 ], [ -70.290620908466977, 41.635196528270967 ], [ -70.296009889122558, 41.634380521640132 ], [ -70.300248871334588, 41.632460517492923 ], [ -70.300653863979051, 41.629510519333309 ], [ -70.311687824226055, 41.627408506732742 ], [ -70.316626804592389, 41.625448502124257 ], [ -70.321588798250147, 41.630508490970023 ], [ -70.322372632289984, 41.630891192542641 ], [ -70.329924778657499, 41.634578475915689 ], [ -70.333985387895069, 41.635456118194512 ], [ -70.338067755119937, 41.636338463113248 ], [ -70.338574221471674, 41.636276829200312 ], [ -70.35053608688645, 41.634821142166793 ], [ -70.351634707860853, 41.634687446619225 ], [ -70.360352673646346, 41.631069439264692 ], [ -70.364892652227951, 41.62672143865062 ], [ -70.364764095311116, 41.624072202954956 ], [ -70.36474464799835, 41.623671442612135 ], [ -70.369854620039632, 41.615888446007922 ], [ -70.379151584543791, 41.611361440714845 ], [ -70.400581512124248, 41.606382422608412 ], [ -70.401148106966076, 41.606451020345574 ], [ -70.408535489039053, 41.607345411951584 ], [ -70.424737654377026, 41.605017497261116 ], [ -70.426812430436797, 41.604719395070717 ], [ -70.431652416769793, 41.605722387846527 ], [ -70.43274908739005, 41.605645341149668 ], [ -70.437246399370139, 41.605329382089494 ], [ -70.441572144868658, 41.600275683260143 ], [ -70.442618377211161, 41.599053386961323 ], [ -70.444379813672981, 41.594280144921186 ], [ -70.445289362650698, 41.591815396866345 ], [ -70.446551357531831, 41.590237398349089 ], [ -70.450177345904237, 41.589043396715368 ], [ -70.450361592891198, 41.587588444312352 ], [ -70.450923342216299, 41.587288399124709 ], [ -70.453008335368963, 41.586336398724839 ], [ -70.458592321107915, 41.588668388677746 ], [ -70.462521313480138, 41.593582375311009 ], [ -70.464823308926341, 41.596536367216288 ], [ -70.464982308607844, 41.596740366653876 ], [ -70.461050327839445, 41.606363352827891 ], [ -70.457340342723384, 41.610762348940973 ], [ -70.452641361624316, 41.615958345017965 ], [ -70.45041736924891, 41.616741346310732 ], [ -70.449010377609952, 41.621244339921446 ], [ -70.450086377250699, 41.624742332245475 ], [ -70.451011375710706, 41.626378328094603 ], [ -70.450997376327209, 41.62704032691132 ], [ -70.451085376138778, 41.627149326599671 ], [ -70.451250375699445, 41.627254326195455 ], [ -70.451266375679936, 41.627291326107532 ], [ -70.451247375802126, 41.627362326003173 ], [ -70.451174376080601, 41.627413326005119 ], [ -70.451072376519633, 41.627542325903121 ], [ -70.45106337677467, 41.627804325439222 ], [ -70.452675376289164, 41.633330313256295 ], [ -70.453056376385163, 41.634909309860355 ], [ -70.455991366304985, 41.634330306980218 ], [ -70.456458365317403, 41.634986305139037 ], [ -70.457748360659906, 41.634448304402824 ], [ -70.459728353646739, 41.633766303021616 ], [ -70.460386351363169, 41.633593302465883 ], [ -70.460990349302961, 41.633478301874689 ], [ -70.464568336981941, 41.63261329874183 ], [ -70.465682333710205, 41.633085296356633 ], [ -70.46644633170888, 41.633742294077386 ], [ -70.467580328397446, 41.63427229153929 ] ] ] ] } },
{ "type": "Feature", "properties": { "STATEFP": "25", "COUNTYFP": "001", "COUSUBFP": "12995", "NAME": "Chatham", "NAMELSAD": "Chatham town", "GEOID": "2500112995" }, "geometry": { "type": "Polygon", "coordinates": [ [ [ -70.038177242751772, 41.669978817340969 ], [ -70.03717124698457, 41.672149817706689 ], [ -70.034102255888953, 41.676449819712474 ], [ -70.032844257684673, 41.677124820948748 ], [ -70.031818261484418, 41.679070821430813 ], [ -70.027288298367353, 41.699871818993003 ], [ -70.024182300744073, 41.700477822478007 ], [ -70.018447301918684, 41.699645829642577 ], [ -70.01568930425961, 41.700334832682771 ], [ -70.014036305012368, 41.700348834653333 ], [ -70.013309304671182, 41.699937835674305 ], [ -70.008614311443495, 41.702879840202684 ], [ -70.006004313693978, 41.703586843065594 ], [ -70.005034316054235, 41.704814843776205 ], [ -69.995092327826654, 41.711641852288125 ], [ -69.99420732795619, 41.711846853108852 ], [ -69.993270328632448, 41.712410853847935 ], [ -69.99303733084345, 41.713864853541295 ], [ -69.988519347103392, 41.724994853891701 ], [ -69.950676337728041, 41.724599891781324 ], [ -69.936349332398422, 41.723239906673093 ], [ -69.92850535698706, 41.722510964129086 ], [ -69.928394308849377, 41.708449921332743 ], [ -69.930419284989796, 41.691944926721852 ], [ -69.933747265967611, 41.678631929220614 ], [ -69.943729247043379, 41.664783924712758 ], [ -69.943967233327058, 41.655550928468664 ], [ -69.947532227719279, 41.651465926362384 ], [ -69.951508763223899, 41.642212284666414 ], [ -69.952256211855257, 41.640472925881596 ], [ -69.954024202388311, 41.634033926649046 ], [ -69.956802196309837, 41.629795925337554 ], [ -69.957776182190329, 41.620364928185296 ], [ -69.967193170273106, 41.611956920976795 ], [ -69.976054170553056, 41.61167191100575 ], [ -69.983184165921443, 41.608295904190847 ], [ -69.988413144845779, 41.594432903469482 ], [ -69.988376133281164, 41.58696790634135 ], [ -69.989364124783265, 41.581455907268257 ], [ -69.988216083308544, 41.554704918761352 ], [ -69.991978072113113, 41.547488916913501 ], [ -69.997683064029133, 41.542330911856858 ], [ -70.003862057337798, 41.540551905303268 ], [ -70.008378054216891, 41.541440899873535 ], [ -70.011230055355583, 41.543931895730715 ], [ -70.012656058518985, 41.546777893065553 ], [ -70.013607064467564, 41.551046890409019 ], [ -70.012698068858626, 41.553228890633456 ], [ -70.008616080359801, 41.557982893517618 ], [ -70.00291209218318, 41.562073898507485 ], [ -69.998851100858758, 41.565904901800891 ], [ -69.993880116940218, 41.576299903875707 ], [ -69.991307136143888, 41.588721902256246 ], [ -69.992216158874882, 41.603319895733378 ], [ -69.989828164653687, 41.607152897030957 ], [ -69.985212173534691, 41.613124900024701 ], [ -69.98556118367479, 41.619668897125116 ], [ -69.977479199996225, 41.630786901879638 ], [ -69.975917212206312, 41.638863900433833 ], [ -69.97307421810693, 41.642941901950159 ], [ -69.970490221629163, 41.645458903780579 ], [ -69.975720234971234, 41.653738894779195 ], [ -69.983242141598467, 41.657244092317889 ], [ -69.985323243197726, 41.658213882639579 ], [ -69.996360258764355, 41.667184867407322 ], [ -69.998550828808817, 41.668088690086513 ], [ -70.007012262396216, 41.671579853615974 ], [ -70.007154704509801, 41.671587608629842 ], [ -70.012479571492236, 41.671877511777367 ], [ -70.014212259119105, 41.671971844949702 ], [ -70.015790309846892, 41.671531114665314 ], [ -70.021454182871594, 41.669949264135944 ], [ -70.029120170396652, 41.6678082474739 ], [ -70.029347243870745, 41.66774482862639 ], [ -70.032113797227922, 41.667659864480811 ], [ -70.037266131245801, 41.667501630172801 ], [ -70.037396536513924, 41.667497625271814 ], [ -70.038177242751772, 41.669978817340969 ] ] ] } },
{ "type": "Feature", "properties": { "STATEFP": "25", "COUNTYFP": "001", "COUSUBFP": "29020", "NAME": "Harwich", "NAMELSAD": "Harwich town", "GEOID": "2500129020" }, "geometry": { "type": "Polygon", "coordinates": [ [ [ -70.133848263883365, 41.706137689021048 ], [ -70.096372298452508, 41.716001729919505 ], [ -70.094051315466771, 41.724502729283479 ], [ -70.086964320672692, 41.725934737251436 ], [ -70.084918321598721, 41.726045739674014 ], [ -70.08159532080596, 41.724987744101639 ], [ -70.075538317159229, 41.721821752653931 ], [ -70.070216321545828, 41.723167758532604 ], [ -70.065221323509888, 41.723256764514694 ], [ -70.057023324057198, 41.721890774919856 ], [ -70.050611325982288, 41.721649782733117 ], [ -70.043249332339784, 41.723780790782371 ], [ -70.043357334598682, 41.725118790140911 ], [ -70.040825335463452, 41.725099793200179 ], [ -70.038632338883446, 41.726653795252659 ], [ -70.036371339452387, 41.726523798028758 ], [ -70.032031336461841, 41.723836804277063 ], [ -70.030291338083984, 41.724433806148546 ], [ -70.02820033880505, 41.724418808674059 ], [ -70.026576341400784, 41.725634810174746 ], [ -70.027021342805668, 41.726575809284924 ], [ -70.024441345662623, 41.727760811952635 ], [ -70.006573352782127, 41.72836183328905 ], [ -69.991780353977745, 41.728932849165567 ], [ -69.9916353535193, 41.728659849411741 ], [ -69.988519347103392, 41.724994853891701 ], [ -69.99303733084345, 41.713864853541295 ], [ -69.993270328632448, 41.712410853847935 ], [ -69.99420732795619, 41.711846853108852 ], [ -69.995092327826654, 41.711641852288125 ], [ -70.005034316054235, 41.704814843776205 ], [ -70.006004313693978, 41.703586843065594 ], [ -70.008614311443495, 41.702879840202684 ], [ -70.013309304671182, 41.699937835674305 ], [ -70.014036305012368, 41.700348834653333 ], [ -70.01568930425961, 41.700334832682771 ], [ -70.018447301918684, 41.699645829642577 ], [ -70.024182300744073, 41.700477822478007 ], [ -70.027288298367353, 41.699871818993003 ], [ -70.031818261484418, 41.679070821430813 ], [ -70.032844257684673, 41.677124820948748 ], [ -70.034102255888953, 41.676449819712474 ], [ -70.03717124698457, 41.672149817706689 ], [ -70.038177242751772, 41.669978817340969 ], [ -70.037396536513924, 41.667497625271814 ], [ -70.040516237068786, 41.667401815556182 ], [ -70.055524224195182, 41.664843798810331 ], [ -70.062115219751419, 41.664446791182868 ], [ -70.064509754442824, 41.663052644243301 ], [ -70.065703213960873, 41.662357787764414 ], [ -70.075975210974761, 41.663954775014709 ], [ -70.086579286946161, 41.663042575021578 ], [ -70.089239201271297, 41.66281375981572 ], [ -70.116507171183059, 41.655503730654374 ], [ -70.117566001518313, 41.655283021955555 ], [ -70.119295179628025, 41.660600725266931 ], [ -70.120509186426915, 41.664373722274661 ], [ -70.127740227982571, 41.687040704293366 ], [ -70.128745233881176, 41.690206701777107 ], [ -70.132111253608102, 41.700715693370228 ], [ -70.133848263883365, 41.706137689021048 ] ] ] } },
{ "type": "Feature", "properties": { "STATEFP": "25", "COUNTYFP": "001", "COUSUBFP": "70605", "NAME": "Truro", "NAMELSAD": "Truro town", "GEOID": "2500170605" }, "geometry": { "type": "Polygon", "coordinates": [ [ [ -70.154257118737945, 42.077158940194565 ], [ -70.115969722404927, 42.06763867935031 ], [ -70.082625694157784, 42.054657716407881 ], [ -70.059110966640475, 42.040706837327484 ], [ -70.05853267915046, 42.040363749391943 ], [ -70.036672351866258, 42.020602162397267 ], [ -70.033502672040157, 42.01773679326746 ], [ -70.011899651540929, 41.989720825510659 ], [ -70.010512063048779, 41.987564003956557 ], [ -70.005718948709799, 41.980113745619242 ], [ -69.997126833178669, 41.966758443018321 ], [ -70.0280716416529, 41.963997818367986 ], [ -70.038801652564487, 41.962868813954252 ], [ -70.077294071732325, 41.957845765345084 ], [ -70.077422731706392, 41.985497804725526 ], [ -70.07893032415187, 41.991795763603001 ], [ -70.08377674811814, 42.012041787018617 ], [ -70.089579740238378, 42.024896763628959 ], [ -70.091363505397368, 42.02724942052123 ], [ -70.095596738610936, 42.03283274809251 ], [ -70.10806174205473, 42.043601724869688 ], [ -70.123044752035014, 42.051668704600957 ], [ -70.139744967070158, 42.057519701026187 ], [ -70.141909001596247, 42.058277880343823 ], [ -70.142430769292091, 42.058460684022805 ], [ -70.147437828923145, 42.060463014131628 ], [ -70.147360768881811, 42.063871671813899 ], [ -70.147104767984956, 42.064302671128509 ], [ -70.1465467660352, 42.065238669643286 ], [ -70.154257118737945, 42.077158940194565 ] ] ] } },
{ "type": "Feature", "properties": { "STATEFP": "25", "COUNTYFP": "001", "COUSUBFP": "82525", "NAME": "Yarmouth", "NAMELSAD": "Yarmouth town", "GEOID": "2500182525" }, "geometry": { "type": "Polygon", "coordinates": [ [ [ -70.273698995945665, 41.649394542196589 ], [ -70.271213021639312, 41.656976541167104 ], [ -70.270846025459093, 41.658096541036123 ], [ -70.270126032987136, 41.660300540791127 ], [ -70.265779078753312, 41.673514539817191 ], [ -70.261270127346748, 41.687291539582795 ], [ -70.259641145056889, 41.692232539722298 ], [ -70.260186160470198, 41.699606534834359 ], [ -70.260311163882264, 41.701249533731541 ], [ -70.260679171542435, 41.705084531008218 ], [ -70.261678171895042, 41.706857528227246 ], [ -70.2628049616021, 41.70756992637056 ], [ -70.261914176033812, 41.709002526623358 ], [ -70.258139193068246, 41.710044533036857 ], [ -70.257013197195988, 41.709951535167505 ], [ -70.256184198998241, 41.709367536997227 ], [ -70.256137196547385, 41.708269537641542 ], [ -70.255712197333537, 41.707915538601412 ], [ -70.254979200470672, 41.708047539880852 ], [ -70.253423206440544, 41.708040542741735 ], [ -70.252839207282008, 41.707460544095873 ], [ -70.251196213301199, 41.707339547164075 ], [ -70.250239217950565, 41.707737548730606 ], [ -70.250348219275622, 41.708451548195796 ], [ -70.25065722005759, 41.709259547246894 ], [ -70.248369229169029, 41.711682549284397 ], [ -70.244325232222224, 41.712271553863246 ], [ -70.242669230181193, 41.711154556368577 ], [ -70.241021229361749, 41.710539558630366 ], [ -70.240187229965329, 41.710649559579799 ], [ -70.239932231336397, 41.711175559642356 ], [ -70.240589234615101, 41.712644558174283 ], [ -70.241088239215628, 41.714632556654863 ], [ -70.239299243729732, 41.716216558071359 ], [ -70.239507248286017, 41.718141556931315 ], [ -70.238176253417848, 41.720066557642852 ], [ -70.235305260209827, 41.722457559996144 ], [ -70.239319266378004, 41.725625553697547 ], [ -70.239319267362049, 41.726034220175322 ], [ -70.236987265798803, 41.7250415567784 ], [ -70.23362426738781, 41.725207560755635 ], [ -70.231981275139475, 41.728217561353659 ], [ -70.230670277693747, 41.729102562529569 ], [ -70.229387277487334, 41.728831564202345 ], [ -70.226704272985941, 41.726539568488228 ], [ -70.223466270586741, 41.725038573077306 ], [ -70.221884273665552, 41.726111574495775 ], [ -70.220544273081913, 41.725661576316114 ], [ -70.220632269680692, 41.724222576864264 ], [ -70.219593265847749, 41.722424578932987 ], [ -70.218195266552414, 41.722508580578463 ], [ -70.217047272532412, 41.724896580878799 ], [ -70.215110273763813, 41.725130583107585 ], [ -70.213294270055158, 41.723251586145231 ], [ -70.212843272854272, 41.72439058617428 ], [ -70.209333271222405, 41.723137590968022 ], [ -70.20858827331746, 41.723931591508347 ], [ -70.20600327204545, 41.722971595053735 ], [ -70.203756273363155, 41.723192597661296 ], [ -70.20237627653556, 41.724366598798632 ], [ -70.200317275638199, 41.723647601600803 ], [ -70.197037272152897, 41.721582606471429 ], [ -70.198084265847683, 41.718965606376614 ], [ -70.198442264705648, 41.718520606144281 ], [ -70.191031259875771, 41.715111616566034 ], [ -70.185952256680324, 41.712780623694144 ], [ -70.184664257416486, 41.712881625195742 ], [ -70.182791256367537, 41.712069627800666 ], [ -70.178824251340927, 41.709055633880062 ], [ -70.182368242232116, 41.705588631153518 ], [ -70.178422238820204, 41.703271636891905 ], [ -70.1724932298185, 41.697950646300143 ], [ -70.170231229111621, 41.697153649347534 ], [ -70.169874221723887, 41.693663651288091 ], [ -70.169814220497329, 41.693083651611296 ], [ -70.1675812135217, 41.689362655884729 ], [ -70.164454211807779, 41.687862660255767 ], [ -70.161300213612591, 41.687990663954402 ], [ -70.160363209058346, 41.685638666081019 ], [ -70.159372208696951, 41.685238667431392 ], [ -70.159353207651819, 41.684742667667074 ], [ -70.162326200756951, 41.68220666522511 ], [ -70.162200195587218, 41.679756666430144 ], [ -70.165276191293813, 41.678493663325099 ], [ -70.166835188160533, 41.6774136619429 ], [ -70.171539174707959, 41.672344658567447 ], [ -70.174036168861477, 41.670279656511021 ], [ -70.177799166390969, 41.670092652141292 ], [ -70.179402163688763, 41.669262650608516 ], [ -70.181869154656212, 41.665783649217779 ], [ -70.184504146425425, 41.662737647445425 ], [ -70.186733142602847, 41.661593645319769 ], [ -70.189713132143879, 41.657681643534289 ], [ -70.194938122964686, 41.654978638580786 ], [ -70.196196119417337, 41.653741637650548 ], [ -70.197361108611375, 41.649272638269622 ], [ -70.195950107084656, 41.648206640400574 ], [ -70.193309638028737, 41.648271941817143 ], [ -70.19519410689756, 41.647913641418228 ], [ -70.198001096630591, 41.644152639798499 ], [ -70.203286431703177, 41.643192985637533 ], [ -70.207083087037361, 41.642503629892495 ], [ -70.219774064731226, 41.636469617764988 ], [ -70.220417190562429, 41.636272691276709 ], [ -70.235445096323659, 41.631671114733365 ], [ -70.245868027908131, 41.628479590972766 ], [ -70.256210986383223, 41.620698582019195 ], [ -70.255420981293696, 41.617541584595195 ], [ -70.259601952358778, 41.610863583001397 ], [ -70.265424930852745, 41.609333576975551 ], [ -70.267587927854052, 41.610912573512273 ], [ -70.269687937100116, 41.617775566914965 ], [ -70.269130957131551, 41.625742562860545 ], [ -70.270788204248277, 41.627950890704113 ], [ -70.267520971366054, 41.629678562629174 ], [ -70.262856983276222, 41.628331569487571 ], [ -70.261556993019212, 41.630691569895646 ], [ -70.266988991424626, 41.637611558720636 ], [ -70.272800988197346, 41.644633546442257 ], [ -70.274570987202864, 41.646823542561705 ], [ -70.273698995945665, 41.649394542196589 ] ] ] } },
{ "type": "Feature", "properties": { "STATEFP": "25", "COUNTYFP": "011", "COUSUBFP": "45490", "NAME": "New Salem", "NAMELSAD": "New Salem town", "GEOID": "2501145490" }, "geometry": { "type": "Polygon", "coordinates": [ [ [ -72.384775166332957, 42.464634779402132 ], [ -72.368592172305355, 42.464484774612288 ], [ -72.368469167980052, 42.502490761126211 ], [ -72.358182174785213, 42.501345755949053 ], [ -72.356790005510859, 42.548701730930858 ], [ -72.271352029286859, 42.54722661938478 ], [ -72.269111080472968, 42.533424643982642 ], [ -72.244868174174769, 42.513438669411883 ], [ -72.291288199439521, 42.479524739085406 ], [ -72.283259206845926, 42.441188769599414 ], [ -72.287340205359854, 42.438457772564483 ], [ -72.287278205524558, 42.437245773589865 ], [ -72.290726203958783, 42.437339773966023 ], [ -72.288674205076433, 42.435574775185152 ], [ -72.290888204222796, 42.434044776725806 ], [ -72.292091204071284, 42.429965780220662 ], [ -72.293556203373242, 42.43002178030288 ], [ -72.297096201987713, 42.426592783332495 ], [ -72.300329200577721, 42.424561785118527 ], [ -72.302457199574405, 42.424018785646737 ], [ -72.30128520017783, 42.423618785894092 ], [ -72.300992200443076, 42.421944787167646 ], [ -72.302279199915674, 42.420315788457124 ], [ -72.305610198243045, 42.42035678852082 ], [ -72.306681197770374, 42.419200789400399 ], [ -72.306481198024784, 42.416467791406781 ], [ -72.308616197018466, 42.414690792700966 ], [ -72.309302196846346, 42.410856795451267 ], [ -72.310273196340489, 42.41067379555291 ], [ -72.310357196418607, 42.407928797504766 ], [ -72.313572194733979, 42.406639798244434 ], [ -72.312569195397131, 42.403502800491083 ], [ -72.314040194732243, 42.399182803359892 ], [ -72.31508819415123, 42.39885580347741 ], [ -72.31363119506014, 42.396403805324184 ], [ -72.315819193861302, 42.394539806330911 ], [ -72.313391195327569, 42.392758807880092 ], [ -72.314508194712133, 42.39165480848142 ], [ -72.312658195824071, 42.390931809258028 ], [ -72.312572195960925, 42.388669810850942 ], [ -72.31004319752428, 42.387389812182775 ], [ -72.311646196596186, 42.386608812455172 ], [ -72.310852197105646, 42.385865813123182 ], [ -72.312924195973281, 42.382686814958696 ], [ -72.314350195133301, 42.381655815379709 ], [ -72.313117195998714, 42.378750817655714 ], [ -72.313641195712279, 42.377583818344775 ], [ -72.312066196746912, 42.376430819520763 ], [ -72.313159196160356, 42.373586821234476 ], [ -72.312087196839116, 42.373764821385691 ], [ -72.311431197323131, 42.372205822653676 ], [ -72.3145671953299, 42.371404822369271 ], [ -72.315655194682691, 42.369478823383446 ], [ -72.313108196376746, 42.368556824744324 ], [ -72.31050519826934, 42.364293828526115 ], [ -72.312965196708475, 42.362113829270157 ], [ -72.311546197798791, 42.358849832035375 ], [ -72.313799196295705, 42.35779083198382 ], [ -72.313121196837557, 42.355696833679438 ], [ -72.313653196516569, 42.354335834425825 ], [ -72.312219197586643, 42.352523836233445 ], [ -72.312611197377095, 42.350795837288516 ], [ -72.314277196280202, 42.348337838318407 ], [ -72.31425319645146, 42.343687841528286 ], [ -72.314924195995332, 42.342644841946267 ], [ -72.315055195999037, 42.339410844097415 ], [ -72.317631194085493, 42.339625842752106 ], [ -72.323165190030167, 42.333522844044843 ], [ -72.322724190384633, 42.331038845847189 ], [ -72.324865188745704, 42.330819844875215 ], [ -72.326054187830337, 42.328477845700711 ], [ -72.324673188902167, 42.32676584750638 ], [ -72.326214187699122, 42.325157847657238 ], [ -72.326762187276415, 42.326813846340876 ], [ -72.328219186129772, 42.325247846492815 ], [ -72.327400186760684, 42.323476848022196 ], [ -72.327223186884368, 42.320466849954663 ], [ -72.328333185983453, 42.318557850457552 ], [ -72.32911818536563, 42.319686849316902 ], [ -72.332302182815084, 42.31940884760801 ], [ -72.334715180835332, 42.317617847195486 ], [ -72.335246180335858, 42.315141848263011 ], [ -72.337705178315474, 42.314538847079326 ], [ -72.342091174732744, 42.314330844473687 ], [ -72.343597173373865, 42.311886844783395 ], [ -72.345889171372946, 42.309968844277122 ], [ -72.348656169027294, 42.309175842866885 ], [ -72.350159167862287, 42.310311841355464 ], [ -72.351459166762595, 42.309992840664556 ], [ -72.349889167921447, 42.308042842596436 ], [ -72.352278165921291, 42.307937841071443 ], [ -72.350659167230731, 42.307389842393476 ], [ -72.349556168055528, 42.306030843765882 ], [ -72.35037316723205, 42.304167844088475 ], [ -72.351689166127045, 42.304261843147714 ], [ -72.351891166124631, 42.306411842025369 ], [ -72.354210164118001, 42.305683840798572 ], [ -72.356018162380735, 42.303282840621193 ], [ -72.360370159156886, 42.307790835798428 ], [ -72.360478159161005, 42.308699835358574 ], [ -72.358731160626206, 42.308821836450953 ], [ -72.359032160468857, 42.309756835866828 ], [ -72.357328161940643, 42.310389836701965 ], [ -72.35615716327095, 42.314373835735417 ], [ -72.354556164720094, 42.316048835987637 ], [ -72.355227164365942, 42.318197834638347 ], [ -72.353002166403229, 42.321251834587081 ], [ -72.354302165577792, 42.323682832758685 ], [ -72.351178168129252, 42.324883833961337 ], [ -72.353594166469264, 42.327691831362756 ], [ -72.35112816852407, 42.329562831824333 ], [ -72.352532167568938, 42.331134830370964 ], [ -72.352524167679491, 42.33243782978338 ], [ -72.351199168839344, 42.334416829543301 ], [ -72.352884167871125, 42.338173827007878 ], [ -72.354061167156601, 42.340084825600002 ], [ -72.355396166222732, 42.340677824723791 ], [ -72.355030166670872, 42.342714823997888 ], [ -72.356564165597135, 42.343233823090358 ], [ -72.359376163779729, 42.345565820882911 ], [ -72.358028164980126, 42.347911820474657 ], [ -72.358406164906327, 42.349928819474556 ], [ -72.356448166363762, 42.350666819944664 ], [ -72.357947165536544, 42.353093818326847 ], [ -72.357193166177964, 42.354299818102298 ], [ -72.358969165073248, 42.355638816880145 ], [ -72.3589861651663, 42.356694816436082 ], [ -72.357241166652287, 42.359695815789493 ], [ -72.359258165701078, 42.363913813356938 ], [ -72.357321167099016, 42.36500881350522 ], [ -72.356365167871957, 42.366506813156477 ], [ -72.35803316679791, 42.366796812532783 ], [ -72.360765165201983, 42.368774810917202 ], [ -72.3608171654232, 42.371212809918781 ], [ -72.362765164254739, 42.372040809064679 ], [ -72.363989163648171, 42.373636808125021 ], [ -72.363723164136175, 42.37644280711136 ], [ -72.364190164113481, 42.37881580609092 ], [ -72.366141162826054, 42.378238805864846 ], [ -72.366659162820895, 42.380854804784335 ], [ -72.365807163454065, 42.381745804633638 ], [ -72.363724164744724, 42.381819805037601 ], [ -72.365837163579044, 42.382945804180167 ], [ -72.366830163266116, 42.38535280309879 ], [ -72.363814165240299, 42.38667180315057 ], [ -72.364270165133775, 42.388129802512246 ], [ -72.365964164198786, 42.388761801991606 ], [ -72.365497164698354, 42.39063280136731 ], [ -72.366699164049976, 42.391123801002657 ], [ -72.367718163819305, 42.394067799786143 ], [ -72.367125164226252, 42.394582799676698 ], [ -72.368825163482896, 42.39644079879865 ], [ -72.367911164143536, 42.397536798511709 ], [ -72.369364163673936, 42.400282797386119 ], [ -72.367995164740904, 42.402659796660622 ], [ -72.366576165629567, 42.403505796462284 ], [ -72.369969164355822, 42.40803179463682 ], [ -72.371411163659644, 42.408614794371807 ], [ -72.369917164740357, 42.410740793697194 ], [ -72.373535163200998, 42.41339179272429 ], [ -72.371967164374297, 42.415969791882219 ], [ -72.375377163069714, 42.419008790932558 ], [ -72.375022163514672, 42.420818790352442 ], [ -72.376639163288104, 42.424658789225575 ], [ -72.374802164531971, 42.427029788371208 ], [ -72.375093164829593, 42.430008787449722 ], [ -72.376242164414805, 42.430862787286344 ], [ -72.375640165517481, 42.436379785505054 ], [ -72.380569163706497, 42.438991785390321 ], [ -72.379112164668484, 42.44095578461021 ], [ -72.379849164832166, 42.443987783853828 ], [ -72.378035165992713, 42.446416782815888 ], [ -72.379388165616959, 42.447657782710394 ], [ -72.37918116589708, 42.448871782316544 ], [ -72.382593165184346, 42.453067781874879 ], [ -72.381869165791656, 42.454950781192231 ], [ -72.382336166164066, 42.458268780402491 ], [ -72.380833167044571, 42.460072779504273 ], [ -72.382786166580416, 42.461753779582011 ], [ -72.382221167091188, 42.463519778941624 ], [ -72.384775166332957, 42.464634779402132 ] ] ] } },
{ "type": "Feature", "properties": { "STATEFP": "25", "COUNTYFP": "021", "COUSUBFP": "56000", "NAME": "Randolph Town", "NAMELSAD": "Randolph Town city", "GEOID": "2502156000" }, "geometry": { "type": "Polygon", "coordinates": [ [ [ -71.096431830797556, 42.2021728188776 ], [ -71.088307815772993, 42.202357805746594 ], [ -71.086864810814177, 42.204171794668184 ], [ -71.082727803050702, 42.204289787876405 ], [ -71.082419802058638, 42.204610785839485 ], [ -71.080463798025391, 42.204929781339303 ], [ -71.073886786933727, 42.204182775123897 ], [ -71.069410778151905, 42.204563766539728 ], [ -71.065118768931626, 42.205447755780696 ], [ -71.060388758854799, 42.206313744462918 ], [ -71.053056746219895, 42.205691736499013 ], [ -71.049490738021476, 42.206668726401446 ], [ -71.048595744340673, 42.20178974877183 ], [ -71.04727175380394, 42.194591781748315 ], [ -71.041493745392756, 42.193590777852918 ], [ -71.029591728400774, 42.191529769776025 ], [ -71.019281719433124, 42.186919776344993 ], [ -71.019323722866602, 42.185155784913526 ], [ -71.019369724155325, 42.184519788050061 ], [ -71.019065724647746, 42.183997790102062 ], [ -71.020141732333798, 42.180886806748717 ], [ -71.019926732815236, 42.180449808526383 ], [ -71.02193975492267, 42.170437859916795 ], [ -71.021994757703339, 42.169004866915628 ], [ -71.026911785759395, 42.157783928739903 ], [ -71.02787579142047, 42.155430941617688 ], [ -71.029667802774611, 42.15053696808635 ], [ -71.03171081561068, 42.144907998530272 ], [ -71.035093836317074, 42.135634048781455 ], [ -71.040070839691765, 42.137170049260241 ], [ -71.053927834353019, 42.151195003041089 ], [ -71.056511833746313, 42.153814994342618 ], [ -71.063521832740207, 42.160914970692048 ], [ -71.06662583259039, 42.164056960186606 ], [ -71.072597832797868, 42.170108939868086 ], [ -71.088928836901061, 42.186551884340901 ], [ -71.091086837808149, 42.188728876929602 ], [ -71.102957844341958, 42.200707835920937 ], [ -71.096431830797556, 42.2021728188776 ] ] ] } },
{ "type": "Feature", "properties": { "STATEFP": "25", "COUNTYFP": "009", "COUSUBFP": "59105", "NAME": "Salem", "NAMELSAD": "Salem city", "GEOID": "2500959105" }, "geometry": { "type": "MultiPolygon", "coordinates": [ [ [ [ -70.788782873574277, 42.534004998732371 ], [ -70.788659863432287, 42.535773998727038 ], [ -70.788238857451034, 42.536834997991932 ], [ -70.787030855163579, 42.537293995511597 ], [ -70.785589857410372, 42.536976992427789 ], [ -70.784527861308618, 42.536353990097609 ], [ -70.78300586678904, 42.535479986759334 ], [ -70.782648871939401, 42.534603985876871 ], [ -70.782251877177046, 42.533714984907654 ], [ -70.783035879565219, 42.533259986495082 ], [ -70.783536881783405, 42.532848987492059 ], [ -70.784274883614017, 42.532492988997745 ], [ -70.784909883137374, 42.532542990345696 ], [ -70.785308886403811, 42.531954991102225 ], [ -70.785616890629555, 42.531204991643257 ], [ -70.786490892550091, 42.530825993434227 ], [ -70.787222891934206, 42.530894994990462 ], [ -70.787707893613501, 42.530577995969182 ], [ -70.788668891392831, 42.530913998047609 ], [ -70.7894028853284, 42.531929999743554 ], [ -70.788782873574277, 42.534004998732371 ] ] ], [ [ [ -70.802227771757586, 42.551047029396024 ], [ -70.801633769477931, 42.551473028206914 ], [ -70.79937977146345, 42.551237023445069 ], [ -70.798511780213872, 42.54975602142067 ], [ -70.797567780737793, 42.54971101943255 ], [ -70.796272772976181, 42.551125016909545 ], [ -70.795029775899025, 42.550677014238588 ], [ -70.794610755417239, 42.548929397155817 ], [ -70.794396791252112, 42.548037012540895 ], [ -70.796668799683033, 42.546458017095297 ], [ -70.800064791567777, 42.547703024402082 ], [ -70.802090793956765, 42.547187028589043 ], [ -70.803339787225539, 42.548298031362073 ], [ -70.802227771757586, 42.551047029396024 ] ] ], [ [ [ -70.817432979512105, 42.514026056709547 ], [ -70.816395976522003, 42.514605054579476 ], [ -70.815090980111464, 42.51405005173865 ], [ -70.813634987990298, 42.512755048482312 ], [ -70.812061992866148, 42.511991045042585 ], [ -70.811942509330436, 42.511023539483524 ], [ -70.811927999127718, 42.510906044619055 ], [ -70.812146002382875, 42.510326045008412 ], [ -70.812665003421344, 42.510116046085216 ], [ -70.814070001346863, 42.510400049108796 ], [ -70.815742989655973, 42.512348052910106 ], [ -70.816897983706681, 42.513323055485792 ], [ -70.817432979512105, 42.514026056709547 ] ] ], [ [ [ -70.835581111214822, 42.483832106384 ], [ -70.834885107804737, 42.484882104124644 ], [ -70.83428610645953, 42.485336102530582 ], [ -70.833705106949964, 42.485271101383468 ], [ -70.833000111134169, 42.484186100794787 ], [ -70.833450112899598, 42.48363310216083 ], [ -70.83396011298197, 42.483544103279556 ], [ -70.834050114200053, 42.483190103745152 ], [ -70.833570115565664, 42.482869103014949 ], [ -70.83349633654035, 42.482254259602705 ], [ -70.83346511873188, 42.481994103495751 ], [ -70.834621118302707, 42.481961105888516 ], [ -70.835355116916162, 42.482254107160642 ], [ -70.835549114410114, 42.482935107022996 ], [ -70.835581111214822, 42.483832106384 ] ] ], [ [ [ -70.949917030130848, 42.494775338850722 ], [ -70.934047974599935, 42.508369304122198 ], [ -70.928085947723218, 42.51348829168753 ], [ -70.926248939505072, 42.515052287863881 ], [ -70.923100925354035, 42.517742281321034 ], [ -70.920875915304748, 42.519650276703871 ], [ -70.919784910377473, 42.520585274441984 ], [ -70.918897898351645, 42.522769272682581 ], [ -70.917729899492514, 42.522630270201155 ], [ -70.917165891621124, 42.524058269087064 ], [ -70.918229885686657, 42.525054271394907 ], [ -70.916481876077569, 42.526854267797852 ], [ -70.91553986527903, 42.528821265918424 ], [ -70.912706870443685, 42.528056259884799 ], [ -70.913071856364994, 42.530534260802987 ], [ -70.912825845964463, 42.532392260393429 ], [ -70.913255844805022, 42.53257526131209 ], [ -70.913489794597183, 42.541470262329369 ], [ -70.909290800886779, 42.540570253434403 ], [ -70.907921802614908, 42.540334250536866 ], [ -70.909928783629596, 42.543597254963267 ], [ -70.908398773011271, 42.545557251866711 ], [ -70.909207768888578, 42.546247253610119 ], [ -70.902757778741403, 42.544827239959062 ], [ -70.898428790833549, 42.542906230723148 ], [ -70.894393804496076, 42.540695222074092 ], [ -70.890293813605311, 42.539295213336452 ], [ -70.888099815919105, 42.538999208692026 ], [ -70.888139830126534, 42.536487208585221 ], [ -70.887526830906552, 42.536381207284592 ], [ -70.887191822167551, 42.537942206697949 ], [ -70.880607517791105, 42.537395878032555 ], [ -70.882562840834467, 42.534886196698139 ], [ -70.881222100082084, 42.533876122744509 ], [ -70.878921857459133, 42.53214318879121 ], [ -70.875512218389687, 42.533753545001787 ], [ -70.871867736877718, 42.535474816176624 ], [ -70.871629840081553, 42.535587173694964 ], [ -70.867588837295415, 42.536287165234981 ], [ -70.864206854536292, 42.533428157839502 ], [ -70.866319891972083, 42.526728161690166 ], [ -70.877571906864233, 42.523501185221264 ], [ -70.881748320093891, 42.518980524526938 ], [ -70.884134864057785, 42.516397265897467 ], [ -70.885177951164195, 42.515268200683018 ], [ -70.885718950853772, 42.512236330591094 ], [ -70.886044565660541, 42.510411520305802 ], [ -70.886365988490198, 42.508610202690605 ], [ -70.881850006814034, 42.50563119284358 ], [ -70.878728657619178, 42.505324304304445 ], [ -70.879544018225857, 42.503749187778787 ], [ -70.882245023259657, 42.502706193450514 ], [ -70.886761041983831, 42.49844620370812 ], [ -70.885726044664224, 42.497705201912368 ], [ -70.886004048985626, 42.496298203268701 ], [ -70.886604052282223, 42.495178205144889 ], [ -70.890803055779188, 42.493554214853312 ], [ -70.890897056689113, 42.493249215209936 ], [ -70.890211068328142, 42.489586215690004 ], [ -70.89424407784324, 42.485950225930289 ], [ -70.895856078445505, 42.485521229474486 ], [ -70.899033079613602, 42.48467123644236 ], [ -70.899372079224165, 42.48474923710323 ], [ -70.900247078240028, 42.484944238813206 ], [ -70.901779076307974, 42.485357241777464 ], [ -70.906594077374208, 42.484277252194602 ], [ -70.913547069368391, 42.4859382658193 ], [ -70.934111046826871, 42.49083330676671 ], [ -70.935460045372196, 42.491166309482814 ], [ -70.949321030872028, 42.49457733764207 ], [ -70.949917030130848, 42.494775338850722 ] ] ] ] } },
{ "type": "Feature", "properties": { "STATEFP": "25", "COUNTYFP": "009", "COUSUBFP": "68645", "NAME": "Swampscott", "NAMELSAD": "Swampscott town", "GEOID": "2500968645" }, "geometry": { "type": "Polygon", "coordinates": [ [ [ -70.934111046826871, 42.49083330676671 ], [ -70.913547069368391, 42.4859382658193 ], [ -70.906594077374208, 42.484277252194602 ], [ -70.901779076307974, 42.485357241777464 ], [ -70.900247078240028, 42.484944238813206 ], [ -70.899372079224165, 42.48474923710323 ], [ -70.899033079613602, 42.48467123644236 ], [ -70.885564098533706, 42.480585210928901 ], [ -70.879699167357259, 42.478786273212307 ], [ -70.886273176082327, 42.470474321531235 ], [ -70.886493130662146, 42.470196218458668 ], [ -70.88799213949801, 42.467095223102575 ], [ -70.88729214679752, 42.464895222903984 ], [ -70.894292154817435, 42.460895238683477 ], [ -70.901453140175008, 42.464225251054501 ], [ -70.90727514066019, 42.462854263087046 ], [ -70.90739320871424, 42.463438253645791 ], [ -70.908092128178779, 42.466895262910526 ], [ -70.921919419000417, 42.466696350673402 ], [ -70.921993120488409, 42.466695290441898 ], [ -70.922284118301675, 42.467402290753874 ], [ -70.92297411406318, 42.468750291622328 ], [ -70.923788108997911, 42.470370292647459 ], [ -70.924896102131896, 42.472577294062404 ], [ -70.926462092515422, 42.47568929610464 ], [ -70.926596091691394, 42.475957296280946 ], [ -70.931147064314615, 42.484963302504333 ], [ -70.934111046826871, 42.49083330676671 ] ] ] } },
{ "type": "Feature", "properties": { "STATEFP": "25", "COUNTYFP": "009", "COUSUBFP": "74595", "NAME": "Wenham", "NAMELSAD": "Wenham town", "GEOID": "2500974595" }, "geometry": { "type": "Polygon", "coordinates": [ [ [ -70.933858462275197, 42.599580307822372 ], [ -70.929451410469667, 42.608979299170088 ], [ -70.931089390631882, 42.612443302705422 ], [ -70.930810388676178, 42.612802302148445 ], [ -70.927465365726604, 42.617015295476833 ], [ -70.925713332869208, 42.622924292177125 ], [ -70.924285328350678, 42.623781289294215 ], [ -70.920149332638331, 42.623175280785979 ], [ -70.918706329520489, 42.623783277862053 ], [ -70.918924335201666, 42.622766278252698 ], [ -70.887919393759745, 42.613586213997408 ], [ -70.884204400772617, 42.612493206272944 ], [ -70.880327408112692, 42.611350198205578 ], [ -70.874657418768095, 42.609695186397843 ], [ -70.837590484383085, 42.599660108978277 ], [ -70.814542525569934, 42.593414060583484 ], [ -70.810084579373054, 42.58421705016854 ], [ -70.813295601949434, 42.580138056316919 ], [ -70.819018605387328, 42.579285068109144 ], [ -70.819941611129707, 42.578241069900621 ], [ -70.820310613439943, 42.577821070616864 ], [ -70.824133596728814, 42.58057207889928 ], [ -70.827691581206977, 42.583130086594458 ], [ -70.835410536168837, 42.590680103470305 ], [ -70.860892529312423, 42.590798156271759 ], [ -70.881802523734763, 42.590887199595869 ], [ -70.885953522626025, 42.590905208196176 ], [ -70.90464351722386, 42.591059246922818 ], [ -70.922341510384484, 42.591512283606598 ], [ -70.927496505116352, 42.592227294318391 ], [ -70.929546491309694, 42.594595298676609 ], [ -70.933858462275197, 42.599580307822372 ] ] ] } },
{ "type": "Feature", "properties": { "STATEFP": "25", "COUNTYFP": "009", "COUSUBFP": "21850", "NAME": "Essex", "NAMELSAD": "Essex town", "GEOID": "2500921850" }, "geometry": { "type": "Polygon", "coordinates": [ [ [ -70.818628344425562, 42.624880072921506 ], [ -70.811850343354294, 42.625316059093137 ], [ -70.812378284117102, 42.635632061490682 ], [ -70.813075255896138, 42.640532063536156 ], [ -70.816928250748205, 42.641299071483182 ], [ -70.814450220785204, 42.646613067105363 ], [ -70.815943216737708, 42.647270070223811 ], [ -70.810221203890521, 42.649700058903491 ], [ -70.809918196825905, 42.650942058448472 ], [ -70.807698188354436, 42.652491054142899 ], [ -70.807390175717174, 42.654704053807606 ], [ -70.80381317540072, 42.654873046575517 ], [ -70.803304165121432, 42.656680045784945 ], [ -70.800592162763579, 42.657176040355552 ], [ -70.799721167607288, 42.656360038479377 ], [ -70.796329170066372, 42.65603903155931 ], [ -70.79539617521867, 42.655172029547273 ], [ -70.793972170591772, 42.656022026778757 ], [ -70.795936159379437, 42.65791103102238 ], [ -70.79419715640374, 42.658483027579294 ], [ -70.7955541518904, 42.659226030431277 ], [ -70.79431014893926, 42.659778027989312 ], [ -70.792501154401805, 42.658884024200511 ], [ -70.79089915064479, 42.659587021055955 ], [ -70.791240143596184, 42.660802021918897 ], [ -70.793548143808621, 42.660694026575094 ], [ -70.79402012942225, 42.663182027878932 ], [ -70.79290312861697, 42.663356025644447 ], [ -70.792734137420865, 42.661830025087617 ], [ -70.790085137403935, 42.661914019739918 ], [ -70.78863613037457, 42.663180016990218 ], [ -70.790751127502958, 42.66361502132942 ], [ -70.790851121613059, 42.664636021676841 ], [ -70.78935911512913, 42.665808018828812 ], [ -70.789455103572067, 42.667814019309979 ], [ -70.786830104261128, 42.667772014003447 ], [ -70.785041101105989, 42.668373010478859 ], [ -70.784150091094531, 42.670138008939141 ], [ -70.780983085272993, 42.67124100271355 ], [ -70.777394075278238, 42.673078995753158 ], [ -70.768913073368267, 42.673652978748727 ], [ -70.762690061850378, 42.67582396655817 ], [ -70.761496062507206, 42.67574396414075 ], [ -70.759506067502628, 42.6749359600011 ], [ -70.751535092783911, 42.670793943244689 ], [ -70.732455215643526, 42.653959952813381 ], [ -70.738266261647397, 42.644515946548459 ], [ -70.739570272022974, 42.642395945076629 ], [ -70.750474336013028, 42.62881293398123 ], [ -70.757430384683261, 42.620147946782126 ], [ -70.746610500109867, 42.601228932100703 ], [ -70.74564951087936, 42.599574932922962 ], [ -70.749194507397348, 42.599404928914545 ], [ -70.773449507562674, 42.59824697627328 ], [ -70.800830517820728, 42.595337032462666 ], [ -70.800888479482936, 42.602011033486278 ], [ -70.80945544690222, 42.607346051859523 ], [ -70.816111379793512, 42.618798067005137 ], [ -70.818586362378682, 42.621746072448857 ], [ -70.818628344425562, 42.624880072921506 ] ] ] } },
{ "type": "Feature", "properties": { "STATEFP": "25", "COUNTYFP": "009", "COUSUBFP": "29405", "NAME": "Haverhill", "NAMELSAD": "Haverhill city", "GEOID": "2500929405" }, "geometry": { "type": "Polygon", "coordinates": [ [ [ -71.174402209707935, 42.801588550025777 ], [ -71.174369302445001, 42.801617036530025 ], [ -71.167702165217278, 42.80738851250895 ], [ -71.166270989804602, 42.808274467250051 ], [ -71.165602153197369, 42.808688503850782 ], [ -71.149702073963525, 42.815488457335569 ], [ -71.147904881943447, 42.816104928943744 ], [ -71.132501995669784, 42.821388419281924 ], [ -71.115752477301555, 42.817685503197794 ], [ -71.102786660634123, 42.814819070892923 ], [ -71.099742863191722, 42.814146159773905 ], [ -71.091178514839413, 42.812252785880389 ], [ -71.065418113383899, 42.806557769264437 ], [ -71.064199786657881, 42.806288425837238 ], [ -71.053599699032588, 42.833088346281379 ], [ -71.053589118994395, 42.833107424860231 ], [ -71.02331461583934, 42.820408362462508 ], [ -71.020014606155101, 42.819026363131158 ], [ -70.999609544941094, 42.810544362257076 ], [ -70.998600548305291, 42.807530365098771 ], [ -70.999832550945484, 42.805039369935599 ], [ -71.0034335681638, 42.801100378948853 ], [ -71.005523577549852, 42.799795383004707 ], [ -71.012310607294665, 42.796541395449324 ], [ -71.014980619646622, 42.79488340127449 ], [ -71.018706638377864, 42.791604411482027 ], [ -71.019593643890957, 42.790081415342563 ], [ -71.020379654864129, 42.784295426939849 ], [ -71.021902667397526, 42.779632437797112 ], [ -71.024604684596397, 42.775230450410888 ], [ -71.030063716009025, 42.769216471677474 ], [ -71.034212741662202, 42.763876490536596 ], [ -71.037631763545733, 42.759288507283252 ], [ -71.039617774342133, 42.757922514382521 ], [ -71.040015776397709, 42.757720515656011 ], [ -71.041821785092139, 42.757203520548515 ], [ -71.042565788598097, 42.757040522459157 ], [ -71.041819789414163, 42.754581526671956 ], [ -71.044094801687166, 42.753213534751936 ], [ -71.044522813979896, 42.749033543195495 ], [ -71.048339845720179, 42.746144551040629 ], [ -71.052847897428109, 42.73988655951127 ], [ -71.058114948974804, 42.734208569512383 ], [ -71.058881961062156, 42.732462570706069 ], [ -71.072110016783753, 42.732667599136299 ], [ -71.074059016242515, 42.73448560391568 ], [ -71.081909039433256, 42.736684621619403 ], [ -71.084172050184691, 42.736484626439548 ], [ -71.088063068638093, 42.736143634719035 ], [ -71.092466083612692, 42.736999644584117 ], [ -71.097833115186788, 42.735219655426711 ], [ -71.108631161479295, 42.735280678742413 ], [ -71.112282163245922, 42.738348688147951 ], [ -71.115578165078304, 42.74110369671692 ], [ -71.115587161264173, 42.741954697173739 ], [ -71.116440154673924, 42.744237700220289 ], [ -71.119180152908129, 42.747307707865161 ], [ -71.119659152712217, 42.74782270919777 ], [ -71.122177153876507, 42.750090715565854 ], [ -71.125580163587045, 42.752043714696093 ], [ -71.127587165107954, 42.754669707607093 ], [ -71.129777165282803, 42.758003697520252 ], [ -71.130649161139615, 42.760796686910986 ], [ -71.153381212850817, 42.775454658786678 ], [ -71.182277975493037, 42.794252026238254 ], [ -71.174402209707935, 42.801588550025777 ] ] ] } },
{ "type": "Feature", "properties": { "STATEFP": "25", "COUNTYFP": "009", "COUSUBFP": "37995", "NAME": "Manchester-by-the-Sea", "NAMELSAD": "Manchester-by-the-Sea town", "GEOID": "2500937995" }, "geometry": { "type": "MultiPolygon", "coordinates": [ [ [ [ -70.72314771846159, 42.56815595653152 ], [ -70.721222710573798, 42.569931959035664 ], [ -70.720639712814233, 42.569657959754302 ], [ -70.720475717431185, 42.568880959928002 ], [ -70.720531720077574, 42.568404959837977 ], [ -70.721150723017416, 42.567762959030475 ], [ -70.721037726567118, 42.56716295914697 ], [ -70.720897729201795, 42.566728959305379 ], [ -70.721206730263702, 42.566479958903102 ], [ -70.721515730647852, 42.566349958505576 ], [ -70.721655731985351, 42.566086958315928 ], [ -70.722920728164937, 42.566500956731986 ], [ -70.72373572427361, 42.567017955727763 ], [ -70.72314771846159, 42.56815595653152 ] ] ], [ [ [ -70.783054763227753, 42.553459989515147 ], [ -70.781605760433052, 42.554014986559046 ], [ -70.780694762845954, 42.553639984593119 ], [ -70.780990769867074, 42.55240698503016 ], [ -70.782302772807569, 42.551832987697367 ], [ -70.78323876962078, 42.552340989736059 ], [ -70.783054763227753, 42.553459989515147 ] ] ], [ [ [ -70.814542525569934, 42.593414060583484 ], [ -70.800830517820728, 42.595337032462666 ], [ -70.773449507562674, 42.59824697627328 ], [ -70.749194507397348, 42.599404928914545 ], [ -70.74564951087936, 42.599574932922962 ], [ -70.74045457260145, 42.589994937526498 ], [ -70.733843591574569, 42.588104945037742 ], [ -70.723515625782724, 42.584323956945674 ], [ -70.717110649568482, 42.581504964489419 ], [ -70.716263664361975, 42.579080965452441 ], [ -70.715165683410149, 42.575957966727884 ], [ -70.716092694062809, 42.573889965546243 ], [ -70.715328702896471, 42.57229452016999 ], [ -70.729687691678279, 42.571508948563533 ], [ -70.730933673163278, 42.574485947269928 ], [ -70.735506661827728, 42.575519941744702 ], [ -70.73704365229402, 42.576861940009692 ], [ -70.740139660457075, 42.574805935965514 ], [ -70.757282672103983, 42.570453938276607 ], [ -70.758607578603474, 42.568648255066975 ], [ -70.763722721124466, 42.561676950296544 ], [ -70.772131730808425, 42.559604967562016 ], [ -70.777475730790783, 42.559355978708254 ], [ -70.787694522401409, 42.562986540866774 ], [ -70.788441705389417, 42.56325200222026 ], [ -70.793326099427659, 42.56427106030754 ], [ -70.793495446210116, 42.564306392061269 ], [ -70.793157683005333, 42.56692501259483 ], [ -70.794264669421437, 42.56923701522949 ], [ -70.794416669490715, 42.569218015543939 ], [ -70.806934602323039, 42.580353043121647 ], [ -70.810084579373054, 42.58421705016854 ], [ -70.814542525569934, 42.593414060583484 ] ] ] ] } },
{ "type": "Feature", "properties": { "STATEFP": "25", "COUNTYFP": "009", "COUSUBFP": "38400", "NAME": "Marblehead", "NAMELSAD": "Marblehead town", "GEOID": "2500938400" }, "geometry": { "type": "Polygon", "coordinates": [ [ [ -70.895856078445505, 42.485521229474486 ], [ -70.89424407784324, 42.485950225930289 ], [ -70.890211068328142, 42.489586215690004 ], [ -70.890897056689113, 42.493249215209936 ], [ -70.890803055779188, 42.493554214853312 ], [ -70.886604052282223, 42.495178205144889 ], [ -70.886004048985626, 42.496298203268701 ], [ -70.885726044664224, 42.497705201912368 ], [ -70.886761041983831, 42.49844620370812 ], [ -70.882245023259657, 42.502706193450514 ], [ -70.879544018225857, 42.503749187778787 ], [ -70.878728657619178, 42.505324304304445 ], [ -70.874720013090226, 42.504930177600507 ], [ -70.873645916347698, 42.506369894167413 ], [ -70.872127271167273, 42.508405482337139 ], [ -70.869490974983293, 42.511939167084861 ], [ -70.866757256136495, 42.515267906088759 ], [ -70.864023938881843, 42.518596156081841 ], [ -70.859750929720946, 42.520440147196005 ], [ -70.857124924551641, 42.52149114173249 ], [ -70.848706940154159, 42.519207123662135 ], [ -70.845622950988144, 42.517474116941294 ], [ -70.842090940566607, 42.519494109665239 ], [ -70.842197598669472, 42.515737620889617 ], [ -70.842395001549747, 42.508785109162041 ], [ -70.847079401949586, 42.504446384869823 ], [ -70.850038695696668, 42.5017054663764 ], [ -70.851665047481987, 42.500199128016604 ], [ -70.852798313219509, 42.496856588843485 ], [ -70.853091061792654, 42.495993133850369 ], [ -70.853329071843788, 42.493014136441111 ], [ -70.847387071102787, 42.493890123324412 ], [ -70.844772062961596, 42.496519115872282 ], [ -70.840732054573323, 42.499323105187095 ], [ -70.833810020958865, 42.505867090568906 ], [ -70.831091034817234, 42.503595084518267 ], [ -70.83378805669139, 42.499378090351975 ], [ -70.835991087424659, 42.490495102005887 ], [ -70.841591095302704, 42.487595115893114 ], [ -70.847391079365366, 42.491495125079098 ], [ -70.857791079284837, 42.49029514765855 ], [ -70.860919215207332, 42.488652604043828 ], [ -70.870039424175175, 42.483863700035485 ], [ -70.879692107087095, 42.478795199975529 ], [ -70.879699167357259, 42.478786273212307 ], [ -70.885564098533706, 42.480585210928901 ], [ -70.899033079613602, 42.48467123644236 ], [ -70.895856078445505, 42.485521229474486 ] ] ] } },
{ "type": "Feature", "properties": { "STATEFP": "25", "COUNTYFP": "009", "COUSUBFP": "40675", "NAME": "Methuen", "NAMELSAD": "Methuen city", "GEOID": "2500940675" }, "geometry": { "type": "Polygon", "coordinates": [ [ [ -71.255198511546652, 42.73663829658345 ], [ -71.245538986860879, 42.742567339738407 ], [ -71.245503727239509, 42.742588981922538 ], [ -71.233403664164342, 42.745488958440504 ], [ -71.223903618044702, 42.746688938714016 ], [ -71.216506053316749, 42.745088697133092 ], [ -71.213638283849789, 42.744468341111151 ], [ -71.208301561662594, 42.743313901147964 ], [ -71.208226561407798, 42.743293900965014 ], [ -71.208136561090981, 42.743272900748273 ], [ -71.197750648296278, 42.741031555587178 ], [ -71.19373911715563, 42.740165842022961 ], [ -71.181802468013984, 42.737589838423659 ], [ -71.182888320677165, 42.750996080346773 ], [ -71.184079832647669, 42.765706668238515 ], [ -71.186103292653598, 42.790688624370418 ], [ -71.184653208148987, 42.792039423055293 ], [ -71.182277975493037, 42.794252026238254 ], [ -71.153381212850817, 42.775454658786678 ], [ -71.130649161139615, 42.760796686910986 ], [ -71.129777165282803, 42.758003697520252 ], [ -71.127587165107954, 42.754669707607093 ], [ -71.125580163587045, 42.752043714696093 ], [ -71.122177153876507, 42.750090715565854 ], [ -71.119659152712217, 42.74782270919777 ], [ -71.119180152908129, 42.747307707865161 ], [ -71.116440154673924, 42.744237700220289 ], [ -71.115587161264173, 42.741954697173739 ], [ -71.115578165078304, 42.74110369671692 ], [ -71.11644717799409, 42.739085697569259 ], [ -71.118605198462504, 42.736622700961803 ], [ -71.124460245896785, 42.731653710876166 ], [ -71.125342255273551, 42.730392712061764 ], [ -71.126384266659343, 42.728827713407441 ], [ -71.131716312706772, 42.723501721636723 ], [ -71.134197331861344, 42.721504725666776 ], [ -71.137315344881685, 42.721515732207507 ], [ -71.14191736363739, 42.721639741929799 ], [ -71.147811387982344, 42.721725754341158 ], [ -71.148560393041436, 42.721272755612375 ], [ -71.149129393064726, 42.721830757174025 ], [ -71.152194405545458, 42.721919763661603 ], [ -71.156023421178148, 42.72202277176406 ], [ -71.158403430898602, 42.72208677680208 ], [ -71.160238438404704, 42.722133780685674 ], [ -71.164721456686848, 42.72226379018786 ], [ -71.165692460632371, 42.722295792249511 ], [ -71.16897147418743, 42.722347799171487 ], [ -71.170877478359273, 42.723296803893525 ], [ -71.172416491419582, 42.721659805876449 ], [ -71.172380491345081, 42.721640805786429 ], [ -71.173140496298544, 42.721200807040937 ], [ -71.176033515208104, 42.719498811767934 ], [ -71.178828533388625, 42.717855816294303 ], [ -71.182453556870399, 42.715718822099078 ], [ -71.183141561309213, 42.71531382319349 ], [ -71.183589564182341, 42.715053823907837 ], [ -71.190923611145095, 42.710739835405874 ], [ -71.190257632048159, 42.704624828871303 ], [ -71.189268651697162, 42.69851982173747 ], [ -71.188861658805052, 42.696267819035853 ], [ -71.191958665389549, 42.697748826442002 ], [ -71.19536567617682, 42.698474833852295 ], [ -71.203417706023487, 42.69907585044507 ], [ -71.209941726369451, 42.700619864906947 ], [ -71.214947744084668, 42.70126087554511 ], [ -71.218172759302661, 42.700629881401326 ], [ -71.2198207688716, 42.699805883896907 ], [ -71.221173778983598, 42.69849588531401 ], [ -71.224806811488151, 42.693429887494069 ], [ -71.225401837486075, 42.686770881995805 ], [ -71.226073848389149, 42.684431880950129 ], [ -71.227720867222033, 42.680899880555458 ], [ -71.229366883021768, 42.678199880955326 ], [ -71.231517900267775, 42.675609882383888 ], [ -71.235606931133034, 42.671161885460954 ], [ -71.236963939193288, 42.670297887091088 ], [ -71.23773094380752, 42.669789887987093 ], [ -71.238031945790624, 42.669539888284199 ], [ -71.238178946754871, 42.669418888430201 ], [ -71.238433943087387, 42.670762890329797 ], [ -71.244271887141963, 42.693745926198766 ], [ -71.245936871595731, 42.700308936656192 ], [ -71.247912853326937, 42.708118949216249 ], [ -71.2512358123128, 42.72122196078724 ], [ -71.255146741699079, 42.736553952840971 ], [ -71.255198511546652, 42.73663829658345 ] ] ] } },
{ "type": "Feature", "properties": { "STATEFP": "25", "COUNTYFP": "009", "COUSUBFP": "52490", "NAME": "Peabody", "NAMELSAD": "Peabody city", "GEOID": "2500952490" }, "geometry": { "type": "Polygon", "coordinates": [ [ [ -71.034846733837583, 42.565499493307662 ], [ -71.029809721526263, 42.565156486199228 ], [ -71.029374697705691, 42.56942548614726 ], [ -71.029209694335037, 42.569973485984164 ], [ -71.024444684081402, 42.569355479140683 ], [ -71.023250675155879, 42.570390477552913 ], [ -71.02092867766045, 42.568692474088543 ], [ -71.015321665884656, 42.567934466095089 ], [ -71.008391667478307, 42.564070456158575 ], [ -71.004021649074133, 42.565194450078721 ], [ -71.002812655835399, 42.563359448362121 ], [ -70.999319654477645, 42.562226443022531 ], [ -70.979832694757846, 42.55594240218867 ], [ -70.963114721598174, 42.551964367059803 ], [ -70.954662735253578, 42.549946349265326 ], [ -70.945535750012141, 42.547771330023821 ], [ -70.94095676066128, 42.546104320337101 ], [ -70.936648756311442, 42.547097311324549 ], [ -70.928733770481315, 42.544976294589922 ], [ -70.927826766129286, 42.545796292722969 ], [ -70.921432782316288, 42.54324427914522 ], [ -70.919412785402344, 42.542799274870902 ], [ -70.919409785470776, 42.542787274863926 ], [ -70.913489794597183, 42.541470262329369 ], [ -70.913255844805022, 42.53257526131209 ], [ -70.912825845964463, 42.532392260393429 ], [ -70.913071856364994, 42.530534260802987 ], [ -70.912706870443685, 42.528056259884799 ], [ -70.91553986527903, 42.528821265918424 ], [ -70.916481876077569, 42.526854267797852 ], [ -70.918229885686657, 42.525054271394907 ], [ -70.917165891621124, 42.524058269087064 ], [ -70.917729899492514, 42.522630270201155 ], [ -70.918897898351645, 42.522769272682581 ], [ -70.919784910377473, 42.520585274441984 ], [ -70.920875915304748, 42.519650276703871 ], [ -70.923100925354035, 42.517742281321034 ], [ -70.926248939505072, 42.515052287863881 ], [ -70.928085947723218, 42.51348829168753 ], [ -70.934047974599935, 42.508369304122198 ], [ -70.949917030130848, 42.494775338850722 ], [ -70.950858029248806, 42.494979340786799 ], [ -70.957140022961866, 42.496527353720744 ], [ -70.959531018783707, 42.497833358529356 ], [ -70.964594009654846, 42.500348368920029 ], [ -70.978323966066412, 42.507359398310776 ], [ -70.986910938734667, 42.511773416626028 ], [ -70.987144937959016, 42.51189941712444 ], [ -70.996527902997229, 42.517654437079173 ], [ -70.999376892498432, 42.51938444312357 ], [ -71.005287885098497, 42.522991450860339 ], [ -71.016989845651423, 42.535544466006243 ], [ -71.019694836854597, 42.538455469693929 ], [ -71.031557800031024, 42.551202486690492 ], [ -71.031901793286565, 42.552656487357154 ], [ -71.034846733837583, 42.565499493307662 ] ] ] } },
{ "type": "Feature", "properties": { "STATEFP": "25", "COUNTYFP": "017", "COUSUBFP": "00380", "NAME": "Acton", "NAMELSAD": "Acton town", "GEOID": "2501700380" }, "geometry": { "type": "Polygon", "coordinates": [ [ [ -71.492005195926012, 42.473296746902072 ], [ -71.481996171526291, 42.487853730620046 ], [ -71.473813152120883, 42.499763717993105 ], [ -71.473528150851791, 42.500176716904711 ], [ -71.44393915203149, 42.509058682066055 ], [ -71.434718092330343, 42.522485633950389 ], [ -71.428535069397483, 42.528803615007661 ], [ -71.423794094465393, 42.526188627787015 ], [ -71.399515105173052, 42.53401462287551 ], [ -71.397941149604691, 42.526276645917889 ], [ -71.391563264495474, 42.506819701502053 ], [ -71.384957289051371, 42.504465708586949 ], [ -71.393882318946979, 42.491214726294061 ], [ -71.408132350216164, 42.470035744131216 ], [ -71.408455350953844, 42.469551744561244 ], [ -71.414950365749803, 42.459897753353722 ], [ -71.417369371345671, 42.456301756731499 ], [ -71.417622371933305, 42.455925757087904 ], [ -71.430389402275722, 42.436936775878586 ], [ -71.435216389156096, 42.438830775008363 ], [ -71.452606341427341, 42.445677771364366 ], [ -71.453841338023082, 42.446160771079754 ], [ -71.464349308848668, 42.450299768473663 ], [ -71.488070242109089, 42.459657761549863 ], [ -71.498546212310089, 42.463774758057028 ], [ -71.492005195926012, 42.473296746902072 ] ] ] } },
{ "type": "Feature", "properties": { "STATEFP": "25", "COUNTYFP": "017", "COUSUBFP": "04615", "NAME": "Bedford", "NAMELSAD": "Bedford town", "GEOID": "2501704615" }, "geometry": { "type": "Polygon", "coordinates": [ [ [ -71.320806471303257, 42.482183730727712 ], [ -71.318488474186722, 42.482672730373054 ], [ -71.317214474264745, 42.483560729843497 ], [ -71.316987473154015, 42.484180729498398 ], [ -71.319303463918928, 42.48628872840569 ], [ -71.318585453306909, 42.491156725712194 ], [ -71.318305436634134, 42.498193721847386 ], [ -71.317538423369655, 42.502424719245766 ], [ -71.317708413037721, 42.504795717631353 ], [ -71.316606405432054, 42.507090716310678 ], [ -71.314090401874552, 42.509085715675617 ], [ -71.307871395005648, 42.513685715379673 ], [ -71.306233394681158, 42.514563715676978 ], [ -71.306904381384442, 42.517491714264182 ], [ -71.306699369147438, 42.520592713170586 ], [ -71.304127377075474, 42.519953714821462 ], [ -71.303508377891475, 42.520068715125113 ], [ -71.283478398198881, 42.525673727407245 ], [ -71.281051400879818, 42.526347729296255 ], [ -71.278107405865981, 42.526712731536158 ], [ -71.265803440701688, 42.524372738827424 ], [ -71.264098445355572, 42.524080739741834 ], [ -71.258233458027235, 42.524016743527383 ], [ -71.254572470628915, 42.52259274450941 ], [ -71.252490470009405, 42.524077747344293 ], [ -71.250142469484359, 42.525729750711889 ], [ -71.249490470161135, 42.52524374964721 ], [ -71.242576471275271, 42.519939735470942 ], [ -71.24144146598799, 42.520691734916198 ], [ -71.240056465995082, 42.519715732208638 ], [ -71.236924486858868, 42.511490719793294 ], [ -71.233544488738431, 42.508692712960865 ], [ -71.231897493078819, 42.506366708669937 ], [ -71.232084494685438, 42.506028708534366 ], [ -71.237348535444156, 42.496456709274455 ], [ -71.240906557914272, 42.490012715293588 ], [ -71.244177568519788, 42.488538719446254 ], [ -71.251986585930538, 42.485014727222911 ], [ -71.25669359256247, 42.478455729659935 ], [ -71.261515589192285, 42.476245730707241 ], [ -71.262424590688084, 42.4749027312549 ], [ -71.263310592159044, 42.473590731797358 ], [ -71.264787594615171, 42.471407732716642 ], [ -71.265314595560284, 42.470600733060294 ], [ -71.267654599450822, 42.467161734563362 ], [ -71.272695608090302, 42.45970373799652 ], [ -71.277889596912814, 42.460709738141432 ], [ -71.280121594636171, 42.460058738655476 ], [ -71.280354594267976, 42.460046738685769 ], [ -71.280584594000871, 42.459993738733289 ], [ -71.281840592694849, 42.459639739022123 ], [ -71.282940587231153, 42.461170738475559 ], [ -71.287468571570315, 42.464538737432576 ], [ -71.289676563903001, 42.466181736888238 ], [ -71.29872053230568, 42.472908734417302 ], [ -71.300818526887639, 42.4736517341913 ], [ -71.301868525989633, 42.473265734450486 ], [ -71.303804519809617, 42.474439733987786 ], [ -71.306552515063444, 42.474426734164545 ], [ -71.309465505220729, 42.47640373331587 ], [ -71.313768503113394, 42.474181734742473 ], [ -71.316947491497118, 42.47668173358057 ], [ -71.318562484149581, 42.478537732648704 ], [ -71.318636483815098, 42.478621732606115 ], [ -71.321268474576357, 42.480514731676777 ], [ -71.320806471303257, 42.482183730727712 ] ] ] } },
{ "type": "Feature", "properties": { "STATEFP": "25", "COUNTYFP": "017", "COUSUBFP": "09840", "NAME": "Burlington", "NAMELSAD": "Burlington town", "GEOID": "2501709840" }, "geometry": { "type": "Polygon", "coordinates": [ [ [ -71.237348535444156, 42.496456709274455 ], [ -71.232084494685438, 42.506028708534366 ], [ -71.231897493078819, 42.506366708669937 ], [ -71.227912457595792, 42.513846711706194 ], [ -71.22191840306499, 42.525142715818582 ], [ -71.220017400132818, 42.524665713027495 ], [ -71.217956397340586, 42.524046709911943 ], [ -71.215720378931394, 42.527609710604565 ], [ -71.212286350658232, 42.533006711459656 ], [ -71.21163434523713, 42.53403571160743 ], [ -71.205032289606805, 42.544472712783936 ], [ -71.204994289447598, 42.544488712748787 ], [ -71.204858289580827, 42.544357712451507 ], [ -71.199802294538856, 42.53954570156386 ], [ -71.197738293525859, 42.538413697912908 ], [ -71.195119297319792, 42.535663692170978 ], [ -71.192915296232357, 42.534489688366165 ], [ -71.177693307861219, 42.521883659163912 ], [ -71.170139314911538, 42.515624645302971 ], [ -71.17003331501715, 42.515536645111332 ], [ -71.169540335290492, 42.510241640539668 ], [ -71.16967134667928, 42.507502638625731 ], [ -71.169395346825098, 42.507310638165301 ], [ -71.169923350378923, 42.506730638331106 ], [ -71.168985358635496, 42.504165635334395 ], [ -71.168464378998465, 42.49793863208496 ], [ -71.168490380099541, 42.49747463221712 ], [ -71.168914396619513, 42.490546634234356 ], [ -71.170186402973997, 42.488978636015801 ], [ -71.16892440442156, 42.487086635017107 ], [ -71.174838421246704, 42.485454642065662 ], [ -71.181501440193529, 42.483621650036071 ], [ -71.182944446779914, 42.482121652032831 ], [ -71.184641451431347, 42.481732654053239 ], [ -71.186437457059696, 42.481007656270521 ], [ -71.18548045727357, 42.479966655438069 ], [ -71.18739646289491, 42.479363657766783 ], [ -71.188279464112455, 42.479695658689437 ], [ -71.204317531023349, 42.465844680674877 ], [ -71.21022353317062, 42.47072668614863 ], [ -71.212243547539885, 42.466349689697402 ], [ -71.213376547952521, 42.46728569074299 ], [ -71.223204551540988, 42.475394699698228 ], [ -71.223402551611585, 42.475558699876302 ], [ -71.240906557914272, 42.490012715293588 ], [ -71.237348535444156, 42.496456709274455 ] ] ] } },
{ "type": "Feature", "properties": { "STATEFP": "25", "COUNTYFP": "017", "COUSUBFP": "11525", "NAME": "Carlisle", "NAMELSAD": "Carlisle town", "GEOID": "2501711525" }, "geometry": { "type": "Polygon", "coordinates": [ [ [ -71.399515105173052, 42.53401462287551 ], [ -71.395115107766657, 42.535410623118857 ], [ -71.384740114542225, 42.538698624984576 ], [ -71.388359048143087, 42.549948592659916 ], [ -71.368336057902923, 42.558036603181996 ], [ -71.367749058679053, 42.558186603793146 ], [ -71.352624079454088, 42.562056621134097 ], [ -71.346299088665546, 42.563660629321966 ], [ -71.33254313789098, 42.560755655793933 ], [ -71.333090139304005, 42.560114655599044 ], [ -71.324706178777049, 42.55601767258247 ], [ -71.319618200001955, 42.554069681615218 ], [ -71.314385232066542, 42.549553691835314 ], [ -71.318313251080056, 42.542781691300704 ], [ -71.314542274572133, 42.539302697689017 ], [ -71.308749309980925, 42.533959706153851 ], [ -71.307185316525391, 42.533220707879735 ], [ -71.307538328917232, 42.529998708873457 ], [ -71.304610338255799, 42.529284711484145 ], [ -71.304997348803397, 42.526476712131021 ], [ -71.306745360497388, 42.522688712336262 ], [ -71.306699369147438, 42.520592713170586 ], [ -71.306904381384442, 42.517491714264182 ], [ -71.306233394681158, 42.514563715676978 ], [ -71.307871395005648, 42.513685715379673 ], [ -71.314090401874552, 42.509085715675617 ], [ -71.316606405432054, 42.507090716310678 ], [ -71.317708413037721, 42.504795717631353 ], [ -71.317538423369655, 42.502424719245766 ], [ -71.353624354734634, 42.502919715412744 ], [ -71.369926320726861, 42.503722712183098 ], [ -71.384957289051371, 42.504465708586949 ], [ -71.391563264495474, 42.506819701502053 ], [ -71.397941149604691, 42.526276645917889 ], [ -71.399515105173052, 42.53401462287551 ] ] ] } },
{ "type": "Feature", "properties": { "STATEFP": "25", "COUNTYFP": "017", "COUSUBFP": "13135", "NAME": "Chelmsford", "NAMELSAD": "Chelmsford town", "GEOID": "2501713135" }, "geometry": { "type": "Polygon", "coordinates": [ [ [ -71.417641400464348, 42.65377320973716 ], [ -71.412308444787655, 42.649409245310551 ], [ -71.411977453890074, 42.647973251161595 ], [ -71.409763457794924, 42.648784257330995 ], [ -71.404027481434582, 42.648405281076059 ], [ -71.402781494864783, 42.646770290751064 ], [ -71.398889519071474, 42.644948311028003 ], [ -71.398319518307531, 42.645493311692086 ], [ -71.399013511580662, 42.646275306809883 ], [ -71.401099488673793, 42.649114290558565 ], [ -71.402032474560386, 42.651099281115229 ], [ -71.402109471582733, 42.651602279347486 ], [ -71.400630474969574, 42.652023284086532 ], [ -71.398994478855272, 42.652466289430862 ], [ -71.396967501505202, 42.649636305450059 ], [ -71.394340517519822, 42.64847331900738 ], [ -71.389207534094879, 42.649003337855724 ], [ -71.38521954608477, 42.649598352148764 ], [ -71.380919565318408, 42.649007370587228 ], [ -71.379750573644301, 42.64823037700134 ], [ -71.377114611274294, 42.642696399767502 ], [ -71.374251638124846, 42.639418417702579 ], [ -71.369494664468618, 42.637582439038979 ], [ -71.364737681612496, 42.637597456369178 ], [ -71.364344687391522, 42.636697459517997 ], [ -71.363846695167837, 42.635460463663939 ], [ -71.363102706446227, 42.633676469677425 ], [ -71.359942754570355, 42.625971494666899 ], [ -71.351798797736137, 42.622776526920482 ], [ -71.328833915734947, 42.613773610471966 ], [ -71.328379918584844, 42.613464612139069 ], [ -71.327935921402428, 42.613154613769673 ], [ -71.325653928891981, 42.613162620619498 ], [ -71.325276937860664, 42.611376623314278 ], [ -71.323806959075682, 42.60756763084575 ], [ -71.319896974521896, 42.606899642507592 ], [ -71.318881970812058, 42.608543644229563 ], [ -71.319308948076312, 42.613571639392845 ], [ -71.316850955696978, 42.613689646728659 ], [ -71.307365985172893, 42.614145675179479 ], [ -71.303229998061141, 42.614344687657052 ], [ -71.296375019465202, 42.614675708432856 ], [ -71.296872022158908, 42.613576707057206 ], [ -71.297028023881239, 42.613010706659956 ], [ -71.295549051142075, 42.607319711612703 ], [ -71.294264062134573, 42.605569715374891 ], [ -71.294566062678541, 42.605184714552678 ], [ -71.298264067947116, 42.600883704915148 ], [ -71.310764089223085, 42.586257678593178 ], [ -71.319629107306639, 42.575867665783832 ], [ -71.33254313789098, 42.560755655793933 ], [ -71.346299088665546, 42.563660629321966 ], [ -71.352624079454088, 42.562056621134097 ], [ -71.367749058679053, 42.558186603793146 ], [ -71.368336057902923, 42.558036603181996 ], [ -71.388359048143087, 42.549948592659916 ], [ -71.390666000454459, 42.558045568527298 ], [ -71.397667852451889, 42.582667489117632 ], [ -71.397811849948624, 42.583062487699557 ], [ -71.400227800346599, 42.591078459499556 ], [ -71.401977748517382, 42.59980442997464 ], [ -71.405400680850306, 42.610392389257512 ], [ -71.407089642707319, 42.616431365991772 ], [ -71.410898556421103, 42.629918311961923 ], [ -71.414393476134492, 42.642279260047587 ], [ -71.417641400464348, 42.65377320973716 ] ] ] } },
{ "type": "Feature", "properties": { "STATEFP": "25", "COUNTYFP": "017", "COUSUBFP": "35425", "NAME": "Lincoln", "NAMELSAD": "Lincoln town", "GEOID": "2501735425" }, "geometry": { "type": "Polygon", "coordinates": [ [ [ -71.365212569629449, 42.413352780500738 ], [ -71.363928564823794, 42.416021778314743 ], [ -71.364573553409045, 42.420078775647113 ], [ -71.362562554121084, 42.421055774497503 ], [ -71.35915256056559, 42.420665773968167 ], [ -71.357084566004474, 42.419825774049251 ], [ -71.354507564487591, 42.422045771962672 ], [ -71.352560555265981, 42.426922768303029 ], [ -71.335379556025302, 42.437775758072561 ], [ -71.333575555334733, 42.439248756868359 ], [ -71.32013055150999, 42.449865748630344 ], [ -71.313618549890833, 42.455022744961298 ], [ -71.312667552604182, 42.45456574508583 ], [ -71.311323556837309, 42.453753745344557 ], [ -71.310778558360369, 42.453503745405889 ], [ -71.309594561313489, 42.453106745459984 ], [ -71.30480457020758, 42.452759745011448 ], [ -71.303191552529526, 42.461253740548734 ], [ -71.302282552265382, 42.462009740077924 ], [ -71.298845556554198, 42.462668739407633 ], [ -71.289302568386915, 42.464556737596098 ], [ -71.289676563903001, 42.466181736888238 ], [ -71.287468571570315, 42.464538737432576 ], [ -71.282940587231153, 42.461170738475559 ], [ -71.281840592694849, 42.459639739022123 ], [ -71.280584594000871, 42.459993738733289 ], [ -71.280354594267976, 42.460046738685769 ], [ -71.280121594636171, 42.460058738655476 ], [ -71.277889596912814, 42.460709738141432 ], [ -71.272695608090302, 42.45970373799652 ], [ -71.271244628139172, 42.452114740859166 ], [ -71.270955632108041, 42.450610741417918 ], [ -71.270520638110497, 42.448332742259296 ], [ -71.269018658734737, 42.440493745105258 ], [ -71.266669682193495, 42.431996747962202 ], [ -71.266150687831555, 42.429915748653904 ], [ -71.267230698713888, 42.424437750985057 ], [ -71.2717657091885, 42.416774755055677 ], [ -71.273865719504485, 42.41090075796135 ], [ -71.274421721011464, 42.409876758527034 ], [ -71.281416704637607, 42.412179759415409 ], [ -71.286031716407976, 42.404096764222487 ], [ -71.281205727202121, 42.402690763440468 ], [ -71.282825731645218, 42.399727765202677 ], [ -71.283233732765268, 42.398982765650807 ], [ -71.293379709396376, 42.402240767204148 ], [ -71.299520702194741, 42.401273769477648 ], [ -71.30994169004525, 42.399632773422766 ], [ -71.311018692713091, 42.39784477468725 ], [ -71.312223695759627, 42.3958237761275 ], [ -71.313524692658973, 42.396279776292495 ], [ -71.315244696831371, 42.393479778339149 ], [ -71.317749696205368, 42.392168779861358 ], [ -71.321524689198171, 42.392682780802836 ], [ -71.334569660796973, 42.396113782965976 ], [ -71.332599655573929, 42.399440780371066 ], [ -71.341222633782337, 42.402838780862609 ], [ -71.366340569473465, 42.412719781236248 ], [ -71.365212569629449, 42.413352780500738 ] ] ] } },
{ "type": "Feature", "properties": { "STATEFP": "25", "COUNTYFP": "017", "COUSUBFP": "38715", "NAME": "Marlborough", "NAMELSAD": "Marlborough city", "GEOID": "2501738715" }, "geometry": { "type": "Polygon", "coordinates": [ [ [ -71.624703134847422, 42.350464901631064 ], [ -71.610008076094175, 42.357402893066293 ], [ -71.603066054252849, 42.367266882432133 ], [ -71.594291007232826, 42.368194880223093 ], [ -71.570143874369265, 42.370723874050547 ], [ -71.568610865763588, 42.370887873649274 ], [ -71.562051828712228, 42.371580871933396 ], [ -71.554078783172429, 42.372415869838058 ], [ -71.529399638728606, 42.374997863235464 ], [ -71.528309632215326, 42.375118862932091 ], [ -71.521420590893015, 42.375836861057493 ], [ -71.515118552717155, 42.37650085932237 ], [ -71.475505488883243, 42.380631843361058 ], [ -71.475533489135273, 42.380528843479638 ], [ -71.482433548717623, 42.356185872147528 ], [ -71.483298556261516, 42.353129875821985 ], [ -71.483351557114219, 42.352806876193974 ], [ -71.486797617408442, 42.330188902376982 ], [ -71.50821663756183, 42.327927912598199 ], [ -71.511238647004319, 42.328804911893634 ], [ -71.516527664066174, 42.330335910682926 ], [ -71.531883727300212, 42.328586914024079 ], [ -71.537316749139848, 42.3279689151871 ], [ -71.551126803406632, 42.326394918103766 ], [ -71.569085871533815, 42.320372925911457 ], [ -71.570308875851424, 42.319660926743403 ], [ -71.578250902131657, 42.315016932106609 ], [ -71.585210922658803, 42.310951936715853 ], [ -71.592502951814694, 42.317900930251419 ], [ -71.597363971897252, 42.321015927528741 ], [ -71.601885995659444, 42.326970922018027 ], [ -71.605267013068612, 42.330159919188198 ], [ -71.603592008557186, 42.331675917539229 ], [ -71.603961015087194, 42.335340913969247 ], [ -71.604100017641699, 42.336768912578805 ], [ -71.611530052624317, 42.33899291118032 ], [ -71.618261088611447, 42.342588908430415 ], [ -71.620659104769913, 42.345248906143524 ], [ -71.625826138509396, 42.34972390247453 ], [ -71.624703134847422, 42.350464901631064 ] ] ] } },
{ "type": "Feature", "properties": { "STATEFP": "25", "COUNTYFP": "017", "COUSUBFP": "40115", "NAME": "Melrose", "NAMELSAD": "Melrose city", "GEOID": "2501740115" }, "geometry": { "type": "Polygon", "coordinates": [ [ [ -71.082116307773887, 42.443939541760948 ], [ -71.080595283818596, 42.45314053897954 ], [ -71.079797271232749, 42.45797653753413 ], [ -71.079245262530137, 42.461320536540377 ], [ -71.078910253609877, 42.464978535770037 ], [ -71.078443239983045, 42.470611534646288 ], [ -71.078152231720296, 42.474019533960103 ], [ -71.0693052173458, 42.471636524044705 ], [ -71.067463212717399, 42.471872521908068 ], [ -71.063021201547912, 42.472445516759912 ], [ -71.061356197365399, 42.472658514832105 ], [ -71.061323194138453, 42.474071514679864 ], [ -71.06132319386171, 42.47419551466983 ], [ -71.056658181218509, 42.475207509251916 ], [ -71.053365172288764, 42.475924505434755 ], [ -71.047778173970443, 42.469592499448773 ], [ -71.046949174220046, 42.468652498552636 ], [ -71.04159117583103, 42.462575492711231 ], [ -71.039968176317473, 42.460734490924843 ], [ -71.027572179993157, 42.446677477020636 ], [ -71.025836180504442, 42.444708475036713 ], [ -71.033680199796123, 42.443903484360547 ], [ -71.036828207538775, 42.443580488107123 ], [ -71.044176225612887, 42.442826496862764 ], [ -71.050272240612017, 42.442199504137754 ], [ -71.055430253300727, 42.441670510301108 ], [ -71.067657283396045, 42.440410524940596 ], [ -71.070553290499376, 42.440123528412897 ], [ -71.071619293155123, 42.439999529693317 ], [ -71.07401329904026, 42.439756532566662 ], [ -71.08291932096445, 42.438839543270802 ], [ -71.082116307773887, 42.443939541760948 ] ] ] } },
{ "type": "Feature", "properties": { "STATEFP": "25", "COUNTYFP": "017", "COUSUBFP": "43895", "NAME": "Natick", "NAMELSAD": "Natick town", "GEOID": "2501743895" }, "geometry": { "type": "Polygon", "coordinates": [ [ [ -71.402528830121838, 42.293329888386339 ], [ -71.39318382757952, 42.298772878090837 ], [ -71.387522826172486, 42.302068872013564 ], [ -71.383149817168018, 42.307673865086279 ], [ -71.382320815492605, 42.308729863795719 ], [ -71.379763810351648, 42.311987859849758 ], [ -71.377687806116782, 42.314668856658841 ], [ -71.373395824223067, 42.309854857687867 ], [ -71.370613826810015, 42.310261855756792 ], [ -71.368493823027421, 42.312810852701197 ], [ -71.36409382088803, 42.315905847997008 ], [ -71.363085822374885, 42.315845847464075 ], [ -71.359910823252591, 42.317148844765065 ], [ -71.355199829446477, 42.31716984208493 ], [ -71.345888847424746, 42.314928838244249 ], [ -71.342161841886238, 42.319107833495259 ], [ -71.339030837300839, 42.322616829583907 ], [ -71.338523836486971, 42.323215828938274 ], [ -71.337524833050637, 42.32513382722145 ], [ -71.333751820110464, 42.332398820835522 ], [ -71.330826825177041, 42.331965819578137 ], [ -71.328779828669411, 42.331682818681685 ], [ -71.328414835963187, 42.328927820093526 ], [ -71.327444856534598, 42.321113824098973 ], [ -71.327327874844826, 42.313745828291403 ], [ -71.329750873518392, 42.31299083013117 ], [ -71.326396899070787, 42.304401833125354 ], [ -71.326351899407072, 42.304288833162978 ], [ -71.323662919752891, 42.297414835421378 ], [ -71.321658930929615, 42.293893836130941 ], [ -71.321541931586978, 42.293685836172337 ], [ -71.308461003604421, 42.270708839672544 ], [ -71.305833032356404, 42.260080843202893 ], [ -71.302923059269247, 42.248273854659544 ], [ -71.332497025488152, 42.249074873694695 ], [ -71.332435024869042, 42.247728880244125 ], [ -71.342460013366392, 42.250454876658026 ], [ -71.341778006441032, 42.253536874202837 ], [ -71.344933002022984, 42.253839876439315 ], [ -71.351776989088165, 42.255815880404512 ], [ -71.353938983404348, 42.2570648812248 ], [ -71.354267979735155, 42.258360880613644 ], [ -71.356412974180827, 42.259557881428485 ], [ -71.35671096929002, 42.261344880451361 ], [ -71.357124967271304, 42.26194688035438 ], [ -71.3569079635935, 42.263494879152034 ], [ -71.36124395508395, 42.264814881445282 ], [ -71.376833924426876, 42.269488889440616 ], [ -71.381728916217227, 42.270382892286072 ], [ -71.386899907591555, 42.27129989528256 ], [ -71.390365901792492, 42.271915897272969 ], [ -71.393728896141056, 42.272518899186956 ], [ -71.395861892533802, 42.272907900388951 ], [ -71.396546883594155, 42.275973898422158 ], [ -71.397218874749413, 42.279005896460227 ], [ -71.399391867837977, 42.280606896660849 ], [ -71.399590866136464, 42.281155896352438 ], [ -71.402125835083936, 42.291655889495971 ], [ -71.402528830121838, 42.293329888386339 ] ] ] } },
{ "type": "Feature", "properties": { "STATEFP": "25", "COUNTYFP": "017", "COUSUBFP": "52805", "NAME": "Pepperell", "NAMELSAD": "Pepperell town", "GEOID": "2501752805" }, "geometry": { "type": "Polygon", "coordinates": [ [ [ -71.657930271588057, 42.649943358839046 ], [ -71.653496979246697, 42.675141274779264 ], [ -71.650720798918769, 42.690919220169469 ], [ -71.651825574857511, 42.705228898413665 ], [ -71.636213568288994, 42.704887123678539 ], [ -71.631813542705729, 42.704787106880396 ], [ -71.630621854904817, 42.704758861960791 ], [ -71.619789073248711, 42.704502107649645 ], [ -71.567308443820323, 42.703258233915214 ], [ -71.542688639458916, 42.702674706506841 ], [ -71.542536751068866, 42.702671106518856 ], [ -71.544391060262541, 42.698869794812637 ], [ -71.54779110269665, 42.696114820506338 ], [ -71.549358125430274, 42.694457834030423 ], [ -71.553109161544484, 42.692871855179007 ], [ -71.554300181900842, 42.691254866906753 ], [ -71.556444209145369, 42.6895508824148 ], [ -71.556752217341526, 42.688771887035273 ], [ -71.5563812518036, 42.684154906494328 ], [ -71.555694260319868, 42.682521911444631 ], [ -71.556052279438958, 42.68041892218401 ], [ -71.555528292055214, 42.678397929502061 ], [ -71.557395321112921, 42.676323945213554 ], [ -71.550066278513754, 42.675472924260916 ], [ -71.538857212802824, 42.674168892646534 ], [ -71.532407207566479, 42.66897689654138 ], [ -71.537135281404815, 42.663493938519707 ], [ -71.552420415424393, 42.660123002420988 ], [ -71.555510448290079, 42.658754018229409 ], [ -71.555107438972314, 42.659564013317464 ], [ -71.578886652239532, 42.654413108314607 ], [ -71.579409664322881, 42.653441113881307 ], [ -71.579099679604781, 42.651384121407396 ], [ -71.579928703582141, 42.64928813244822 ], [ -71.57984971477191, 42.647910137863448 ], [ -71.582960770314486, 42.644137162146208 ], [ -71.583822760438892, 42.646028156972896 ], [ -71.586476776811239, 42.646418163033687 ], [ -71.587149794510282, 42.644962170750468 ], [ -71.586150793947482, 42.644168171069538 ], [ -71.587326844222815, 42.639414193267918 ], [ -71.588838875552014, 42.637150206355585 ], [ -71.591749895670986, 42.637397213297227 ], [ -71.592425908194983, 42.636566218358958 ], [ -71.591261906658872, 42.63572721848238 ], [ -71.59308693751781, 42.633829230732779 ], [ -71.592751942714713, 42.632949233251374 ], [ -71.589215915578265, 42.632914224047468 ], [ -71.587918923699803, 42.630832228861173 ], [ -71.5929519768424, 42.629271248013978 ], [ -71.593703993723281, 42.628034254723822 ], [ -71.59312700269021, 42.626509259145962 ], [ -71.597975046558517, 42.625897273727013 ], [ -71.600654065859445, 42.62611227967335 ], [ -71.603562054729366, 42.62986327318481 ], [ -71.606030063933162, 42.630968275547097 ], [ -71.607251080367149, 42.630218281447277 ], [ -71.608245114221305, 42.627391294216615 ], [ -71.614180150715768, 42.628497305450729 ], [ -71.61552515401462, 42.629272306204406 ], [ -71.630784216278471, 42.635162326615315 ], [ -71.640740251980702, 42.639265340824075 ], [ -71.642610251501964, 42.640729341565255 ], [ -71.646949249631263, 42.644151343577633 ], [ -71.6489882641131, 42.644229349134804 ], [ -71.652466274483828, 42.645754354677372 ], [ -71.656412262718533, 42.649722354992861 ], [ -71.657930271588057, 42.649943358839046 ] ] ] } },
{ "type": "Feature", "properties": { "STATEFP": "25", "COUNTYFP": "017", "COUSUBFP": "61590", "NAME": "Shirley", "NAMELSAD": "Shirley town", "GEOID": "2501761590" }, "geometry": { "type": "Polygon", "coordinates": [ [ [ -71.677692620383397, 42.539410682086952 ], [ -71.67190321858719, 42.571402596215059 ], [ -71.668029955663982, 42.59271853539996 ], [ -71.664601726123138, 42.611597479149758 ], [ -71.66047344590902, 42.63508740639233 ], [ -71.659039445878648, 42.634031405426292 ], [ -71.658242434377755, 42.634543401904438 ], [ -71.657686443229693, 42.633280403889138 ], [ -71.653085435630103, 42.630554399412411 ], [ -71.65176142770126, 42.630318396642089 ], [ -71.650361429998995, 42.62902339672889 ], [ -71.649761450259859, 42.626579402233503 ], [ -71.647796452468498, 42.624833402354753 ], [ -71.646564427941158, 42.626285395005162 ], [ -71.646038450455265, 42.623651401443418 ], [ -71.644210450081019, 42.622241401111566 ], [ -71.643730472666505, 42.619617407775344 ], [ -71.644670495548382, 42.618103414541565 ], [ -71.643303496820806, 42.61687441496472 ], [ -71.644019506615408, 42.616481417829171 ], [ -71.642322511560138, 42.614610419468747 ], [ -71.638025487540929, 42.613481412970479 ], [ -71.63571347912152, 42.612408410999961 ], [ -71.633844462623586, 42.612517406384136 ], [ -71.635375492702408, 42.610750415423389 ], [ -71.634804502549926, 42.609271418784466 ], [ -71.63226949819348, 42.607561418580097 ], [ -71.630077484281983, 42.607106415222702 ], [ -71.630346519521481, 42.603724426706492 ], [ -71.628927521422526, 42.602293428322071 ], [ -71.627606504493514, 42.602882423609763 ], [ -71.628311535850074, 42.600267433619941 ], [ -71.626190535721435, 42.5984034353582 ], [ -71.626038557556285, 42.596005442951281 ], [ -71.626647574738399, 42.594772448220468 ], [ -71.626036581084591, 42.593565450989296 ], [ -71.623308564362475, 42.592832448097553 ], [ -71.62413858963923, 42.590954455963995 ], [ -71.620367588723923, 42.587575460219327 ], [ -71.618880575490138, 42.587583457434512 ], [ -71.61882959430578, 42.585550464294805 ], [ -71.618253582585055, 42.586247460855525 ], [ -71.615268557964484, 42.586046456089072 ], [ -71.613832550894401, 42.585438455596986 ], [ -71.614802569583276, 42.584366461101972 ], [ -71.613297569494193, 42.582938463417243 ], [ -71.613480584016571, 42.581560468583909 ], [ -71.610827550585412, 42.582591460270983 ], [ -71.610850564265434, 42.581140465476444 ], [ -71.609192548654377, 42.581214462321526 ], [ -71.609943568708232, 42.579779468761679 ], [ -71.609600581020089, 42.578114474134679 ], [ -71.612924621390633, 42.577021483603971 ], [ -71.614672655398792, 42.575091493266989 ], [ -71.61596466873263, 42.574930495941693 ], [ -71.614125678272515, 42.572114502798492 ], [ -71.612481665671069, 42.571840501158583 ], [ -71.611257686560009, 42.568378511521523 ], [ -71.606626662398739, 42.566315511971268 ], [ -71.608610688905159, 42.565455518012875 ], [ -71.609027706503767, 42.563974523944488 ], [ -71.611400749645995, 42.561737535314101 ], [ -71.612509786416226, 42.558920546819209 ], [ -71.610834809090321, 42.554758559361822 ], [ -71.611476823823622, 42.553839563447838 ], [ -71.615548864980823, 42.553644569292871 ], [ -71.619927918152953, 42.552501578722818 ], [ -71.621097934903389, 42.551933582101 ], [ -71.625126991664089, 42.55009859315696 ], [ -71.628476044674656, 42.548000604014966 ], [ -71.632018113486197, 42.544517619268447 ], [ -71.634012169029219, 42.54087563297557 ], [ -71.635886196359465, 42.540000637666132 ], [ -71.63643325759449, 42.534366655781447 ], [ -71.636651272082787, 42.533126659842878 ], [ -71.639207319660926, 42.530956668823386 ], [ -71.638939338576819, 42.528782675268261 ], [ -71.63587035414055, 42.524023687581817 ], [ -71.665329613370673, 42.52839669828623 ], [ -71.675742703435091, 42.529950703119532 ], [ -71.678970731227153, 42.530429704738403 ], [ -71.677692620383397, 42.539410682086952 ] ] ] } },
{ "type": "Feature", "properties": { "STATEFP": "25", "COUNTYFP": "017", "COUSUBFP": "68260", "NAME": "Sudbury", "NAMELSAD": "Sudbury town", "GEOID": "2501768260" }, "geometry": { "type": "MultiPolygon", "coordinates": [ [ [ [ -71.389940656797108, 42.365333824251472 ], [ -71.388967659334028, 42.364905824182884 ], [ -71.38407166421888, 42.365755821515641 ], [ -71.383397672960783, 42.362782823491116 ], [ -71.386047673069456, 42.361277825756098 ], [ -71.389487658560981, 42.364912824392157 ], [ -71.390031656935633, 42.365230824369128 ], [ -71.389940656797108, 42.365333824251472 ] ] ], [ [ [ -71.482433548717623, 42.356185872147528 ], [ -71.475533489135273, 42.380528843479638 ], [ -71.475505488883243, 42.380631843361058 ], [ -71.475498488828094, 42.380654843334312 ], [ -71.472678466379378, 42.390024832534095 ], [ -71.471344453769447, 42.395174826738348 ], [ -71.471073451155959, 42.396240825545789 ], [ -71.469443435637814, 42.402592818473586 ], [ -71.442626465163627, 42.40694680651503 ], [ -71.436592433888393, 42.421743791105975 ], [ -71.435811429877916, 42.423657789154504 ], [ -71.434492423203537, 42.426860785907621 ], [ -71.430389402275722, 42.436936775878586 ], [ -71.422776422565704, 42.434061777032888 ], [ -71.414579444301239, 42.430959778124446 ], [ -71.405434468369776, 42.427507779142694 ], [ -71.396264492408136, 42.424019779981776 ], [ -71.374590548389207, 42.415840781102673 ], [ -71.366340569473465, 42.412719781236248 ], [ -71.367427569249656, 42.412139781928175 ], [ -71.367337572620386, 42.410882782792072 ], [ -71.370454570589033, 42.409769784416753 ], [ -71.37462956903849, 42.407837786949528 ], [ -71.374741570651807, 42.407146787484614 ], [ -71.373922575512836, 42.40576178826435 ], [ -71.370370582813493, 42.405076787753011 ], [ -71.368088589345277, 42.403917787925565 ], [ -71.370076593631723, 42.4010547905443 ], [ -71.367228600241361, 42.400195790304416 ], [ -71.370005600273714, 42.398518792335302 ], [ -71.369448602845694, 42.397852792640016 ], [ -71.363930615536589, 42.396209792086225 ], [ -71.361779619348326, 42.396008791552163 ], [ -71.362304623997204, 42.3938747931888 ], [ -71.361942629145886, 42.392075794311928 ], [ -71.364026625189481, 42.392381794778181 ], [ -71.3653136261795, 42.391230796001409 ], [ -71.364526629647997, 42.39034379636108 ], [ -71.365716630262483, 42.389399797416992 ], [ -71.369005624086498, 42.389862798187515 ], [ -71.370086625862683, 42.388536799495242 ], [ -71.372153620594744, 42.389365799594131 ], [ -71.372818625169188, 42.3872048013802 ], [ -71.375472617344386, 42.388678801207334 ], [ -71.377344616859332, 42.38777380250562 ], [ -71.377256619766186, 42.386704803264429 ], [ -71.378537620177369, 42.385802804373064 ], [ -71.37882962329553, 42.384433805490993 ], [ -71.381364622128714, 42.383419807140534 ], [ -71.384037627106878, 42.379979810698366 ], [ -71.382973633307259, 42.378211811647226 ], [ -71.383484636725612, 42.376611813048825 ], [ -71.387474633974065, 42.375405815475887 ], [ -71.38781463380694, 42.375277815703598 ], [ -71.386699641284011, 42.373052816989166 ], [ -71.388781642344441, 42.371480819012334 ], [ -71.387419648350189, 42.369952819655751 ], [ -71.390116649904456, 42.367858822356943 ], [ -71.390031656935633, 42.365230824369128 ], [ -71.391798663305863, 42.361836827759085 ], [ -71.391671665745307, 42.360979828377261 ], [ -71.390809682093533, 42.35523683249702 ], [ -71.389891686937133, 42.353891833136302 ], [ -71.388961698420658, 42.350021835719872 ], [ -71.387939703499242, 42.348635836319154 ], [ -71.387718713793404, 42.344828839152754 ], [ -71.391369707686792, 42.3452088405976 ], [ -71.393878707441374, 42.343970842771263 ], [ -71.397982703713254, 42.343214845349102 ], [ -71.39671771121867, 42.341044846475171 ], [ -71.402494701048511, 42.341851848641561 ], [ -71.415469678064909, 42.343683853381528 ], [ -71.424714661675935, 42.344965856686699 ], [ -71.437293639266727, 42.346713861058404 ], [ -71.483298556261516, 42.353129875821985 ], [ -71.482433548717623, 42.356185872147528 ] ] ] ] } },
{ "type": "Feature", "properties": { "STATEFP": "25", "COUNTYFP": "017", "COUSUBFP": "71025", "NAME": "Tyngsborough", "NAMELSAD": "Tyngsborough town", "GEOID": "2501771025" }, "geometry": { "type": "Polygon", "coordinates": [ [ [ -71.497477174335259, 42.641665949889656 ], [ -71.49648312443729, 42.649800909771535 ], [ -71.496295125365123, 42.649767910695893 ], [ -71.492459144219779, 42.649100929451734 ], [ -71.489028156542261, 42.649195942520976 ], [ -71.482510169401962, 42.651028959097488 ], [ -71.479483131526919, 42.658792932846119 ], [ -71.477152168551925, 42.654377964204642 ], [ -71.475901188320449, 42.652006980817802 ], [ -71.474783205921554, 42.64988799553268 ], [ -71.457187221032299, 42.658368028532266 ], [ -71.458682206779173, 42.659754016167746 ], [ -71.454929219346823, 42.660104030554812 ], [ -71.455437210675569, 42.661210023634737 ], [ -71.449753229342136, 42.661826045357692 ], [ -71.446955232411241, 42.66316705188045 ], [ -71.447834208483755, 42.666609033942187 ], [ -71.448617198654802, 42.667734025841412 ], [ -71.452342171643352, 42.669742000799438 ], [ -71.446417191648621, 42.670409024732116 ], [ -71.447284146087355, 42.677494991815799 ], [ -71.447961124804451, 42.680603975852456 ], [ -71.450281087070493, 42.685294945183372 ], [ -71.452087068255324, 42.687152928480202 ], [ -71.456120055876141, 42.686350911959167 ], [ -71.457026025916022, 42.690655888761668 ], [ -71.459234016690701, 42.690604877838055 ], [ -71.459576016055138, 42.690466876721274 ], [ -71.461032000591587, 42.691967862689374 ], [ -71.4563349974716, 42.695847869761074 ], [ -71.457686725950367, 42.70066040945445 ], [ -71.451713334564857, 42.700518884094663 ], [ -71.449173168465833, 42.700458700862441 ], [ -71.432353092374257, 42.700060188711234 ], [ -71.432334775838029, 42.700059754743755 ], [ -71.388194113351346, 42.699013943878178 ], [ -71.386942312726447, 42.698984285323647 ], [ -71.369724405726046, 42.698576346176615 ], [ -71.374366369947225, 42.693263300465269 ], [ -71.374013390829745, 42.689369310683311 ], [ -71.378761402424857, 42.683004301417562 ], [ -71.376725435731743, 42.678064322310881 ], [ -71.373364508916509, 42.666122363756088 ], [ -71.371578525815764, 42.664144375763613 ], [ -71.369625508088518, 42.669333373650574 ], [ -71.366433533906942, 42.666677393178155 ], [ -71.36888154824301, 42.66175239233813 ], [ -71.378203516889542, 42.660686354798152 ], [ -71.381361534113196, 42.654839355113005 ], [ -71.382471541511251, 42.652542356031418 ], [ -71.380530557424805, 42.65085936780509 ], [ -71.380919565318408, 42.649007370587228 ], [ -71.38521954608477, 42.649598352148764 ], [ -71.389207534094879, 42.649003337855724 ], [ -71.394340517519822, 42.64847331900738 ], [ -71.396967501505202, 42.649636305450059 ], [ -71.398994478855272, 42.652466289430862 ], [ -71.400630474969574, 42.652023284086532 ], [ -71.402109471582733, 42.651602279347486 ], [ -71.402032474560386, 42.651099281115229 ], [ -71.401099488673793, 42.649114290558565 ], [ -71.399013511580662, 42.646275306809883 ], [ -71.398319518307531, 42.645493311692086 ], [ -71.398889519071474, 42.644948311028003 ], [ -71.402781494864783, 42.646770290751064 ], [ -71.404027481434582, 42.648405281076059 ], [ -71.409763457794924, 42.648784257330995 ], [ -71.411977453890074, 42.647973251161595 ], [ -71.412308444787655, 42.649409245310551 ], [ -71.417641400464348, 42.65377320973716 ], [ -71.422109395323062, 42.651634198858766 ], [ -71.465164358784932, 42.631007119937713 ], [ -71.493527347610495, 42.617403093629271 ], [ -71.498592189244548, 42.638790961358637 ], [ -71.497477174335259, 42.641665949889656 ] ] ] } },
{ "type": "Feature", "properties": { "STATEFP": "25", "COUNTYFP": "017", "COUSUBFP": "72215", "NAME": "Wakefield", "NAMELSAD": "Wakefield town", "GEOID": "2501772215" }, "geometry": { "type": "Polygon", "coordinates": [ [ [ -71.099645191401706, 42.506430558009164 ], [ -71.094289176098698, 42.507086552179878 ], [ -71.097463168538738, 42.510245557174898 ], [ -71.095841153601313, 42.512623556311745 ], [ -71.093057133366301, 42.515528554263682 ], [ -71.083725064516472, 42.525260546872111 ], [ -71.081085057032055, 42.525472543718777 ], [ -71.080103050195618, 42.526387542842244 ], [ -71.079745047682763, 42.526724542521919 ], [ -71.075150015314705, 42.531034538310116 ], [ -71.067267025625839, 42.524982526654561 ], [ -71.066354024253272, 42.524809525487733 ], [ -71.065855022944888, 42.524827524883527 ], [ -71.061963016084576, 42.524298519983937 ], [ -71.060673008284212, 42.525226518661526 ], [ -71.058380010763287, 42.523620515439958 ], [ -71.057513005870106, 42.524172514526697 ], [ -71.0409829547404, 42.526261494764633 ], [ -71.038598960885182, 42.523959491442575 ], [ -71.040912978160435, 42.521717493852421 ], [ -71.040988988056753, 42.519846493603353 ], [ -71.040107999513054, 42.517236492081501 ], [ -71.038302000307709, 42.5162614897705 ], [ -71.039483012086009, 42.5145354908652 ], [ -71.036556016192876, 42.512434487082537 ], [ -71.036633019871317, 42.511765487063414 ], [ -71.036946027630137, 42.510420487206709 ], [ -71.034900042107594, 42.506757484270445 ], [ -71.035839052451777, 42.505191485092546 ], [ -71.038721071871748, 42.502719487935842 ], [ -71.042229081705059, 42.502342491805287 ], [ -71.043774091080977, 42.501198493315471 ], [ -71.042087097380204, 42.498270491303821 ], [ -71.040325096938403, 42.496711489425003 ], [ -71.039908097711816, 42.49594848900005 ], [ -71.041859107970353, 42.493291491325067 ], [ -71.045209125610441, 42.488719495349791 ], [ -71.04694913116569, 42.487963497355885 ], [ -71.050252141703055, 42.486532501173279 ], [ -71.052629148051935, 42.486056503889721 ], [ -71.054214171997018, 42.476902506335087 ], [ -71.053365172288764, 42.475924505434755 ], [ -71.056658181218509, 42.475207509251916 ], [ -71.06132319386171, 42.47419551466983 ], [ -71.061323194138453, 42.474071514679864 ], [ -71.061356197365399, 42.472658514832105 ], [ -71.063021201547912, 42.472445516759912 ], [ -71.067463212717399, 42.471872521908068 ], [ -71.0693052173458, 42.471636524044705 ], [ -71.078152231720296, 42.474019533960103 ], [ -71.077707223197748, 42.477390533104618 ], [ -71.076599220505983, 42.477491531830225 ], [ -71.075814205173728, 42.483572530326136 ], [ -71.075240193989259, 42.488007529235439 ], [ -71.085365207130209, 42.492202540173011 ], [ -71.085546207219664, 42.49234254036017 ], [ -71.086382205427626, 42.493975541111311 ], [ -71.090073194551437, 42.501179544997918 ], [ -71.100727213389618, 42.502241557367 ], [ -71.099645191401706, 42.506430558009164 ] ] ] } },
{ "type": "Feature", "properties": { "STATEFP": "25", "COUNTYFP": "017", "COUSUBFP": "73405", "NAME": "Watertown", "NAMELSAD": "Watertown city", "GEOID": "2501773405" }, "geometry": { "type": "Polygon", "coordinates": [ [ [ -71.217061783376451, 42.366568723854044 ], [ -71.211485760173559, 42.371311715352341 ], [ -71.208515747791793, 42.373849710849271 ], [ -71.205355734675408, 42.376525706086582 ], [ -71.202899724469063, 42.378611702398715 ], [ -71.198354705575085, 42.382476695608503 ], [ -71.194177688211383, 42.386030689408472 ], [ -71.192801688444476, 42.3845586880472 ], [ -71.190225688918034, 42.381785685488722 ], [ -71.189241689097798, 42.380726684506392 ], [ -71.187109685139944, 42.380362681891739 ], [ -71.18646168376668, 42.380327681078015 ], [ -71.185162680714015, 42.380390679414091 ], [ -71.183000676031398, 42.380318676687907 ], [ -71.181106672091033, 42.380183674316527 ], [ -71.179532668588664, 42.380172672321308 ], [ -71.177654665356783, 42.379738670039366 ], [ -71.175485661294786, 42.379383667367286 ], [ -71.173424657728731, 42.378915664856272 ], [ -71.171371654533388, 42.378290662388409 ], [ -71.17122965424214, 42.378278662210541 ], [ -71.169996652524418, 42.377813660746767 ], [ -71.166466646044938, 42.377176656395186 ], [ -71.164483642254496, 42.376885653933535 ], [ -71.163363639932967, 42.376801652525188 ], [ -71.160942634848155, 42.376649649473777 ], [ -71.160189633495179, 42.376500648546006 ], [ -71.158345630361822, 42.376055646289529 ], [ -71.155414625811503, 42.375156642737757 ], [ -71.154373623617218, 42.37509464142218 ], [ -71.150301615863512, 42.374482636347786 ], [ -71.149864614955732, 42.374450635796158 ], [ -71.145937604482157, 42.375194630638696 ], [ -71.145695603890289, 42.375216630325703 ], [ -71.14383159957498, 42.375277627935994 ], [ -71.143925602488181, 42.374073628284648 ], [ -71.139992594804369, 42.373568623354217 ], [ -71.140599604136199, 42.370016624789173 ], [ -71.14246161504478, 42.367016627741684 ], [ -71.143900621390088, 42.365627629857016 ], [ -71.143667622095222, 42.36508062966054 ], [ -71.144492624527246, 42.36482163077352 ], [ -71.14717063742269, 42.361753634822932 ], [ -71.148332641455653, 42.361118636450428 ], [ -71.15447565767218, 42.360035644622961 ], [ -71.159746670073275, 42.359780651507222 ], [ -71.161508675845354, 42.358971653963614 ], [ -71.16388868219569, 42.358522657148235 ], [ -71.167625687097498, 42.360072661655387 ], [ -71.168653689105298, 42.360205662957874 ], [ -71.172754700275746, 42.359330668470818 ], [ -71.175272706059133, 42.359271671749795 ], [ -71.182126718269259, 42.360680680299829 ], [ -71.182374719444653, 42.360405680687187 ], [ -71.183680725924731, 42.358828682761306 ], [ -71.185229728574853, 42.359195684681339 ], [ -71.190231737124805, 42.360383690870485 ], [ -71.193092742040207, 42.361051694406378 ], [ -71.19629874754439, 42.361801698362278 ], [ -71.192215730226081, 42.365423692161784 ], [ -71.194502732430223, 42.36672269477566 ], [ -71.195206731731901, 42.367733695421229 ], [ -71.196331735507584, 42.367177697011741 ], [ -71.198355739565017, 42.367391699559455 ], [ -71.202029751347979, 42.365819704704002 ], [ -71.204486756938152, 42.365784707878625 ], [ -71.207221766788379, 42.364136711852836 ], [ -71.213283778533665, 42.364958719444125 ], [ -71.216341783387989, 42.365847723133129 ], [ -71.217061783376451, 42.366568723854044 ] ] ] } },
{ "type": "Feature", "properties": { "STATEFP": "25", "COUNTYFP": "017", "COUSUBFP": "73790", "NAME": "Wayland", "NAMELSAD": "Wayland town", "GEOID": "2501773790" }, "geometry": { "type": "Polygon", "coordinates": [ [ [ -71.397982703713254, 42.343214845349102 ], [ -71.393878707441374, 42.343970842771263 ], [ -71.391369707686792, 42.3452088405976 ], [ -71.387718713793404, 42.344828839152754 ], [ -71.387939703499242, 42.348635836319154 ], [ -71.388961698420658, 42.350021835719872 ], [ -71.389891686937133, 42.353891833136302 ], [ -71.390809682093533, 42.35523683249702 ], [ -71.391671665745307, 42.360979828377261 ], [ -71.391798663305863, 42.361836827759085 ], [ -71.390031656935633, 42.365230824369128 ], [ -71.390116649904456, 42.367858822356943 ], [ -71.387419648350189, 42.369952819655751 ], [ -71.388781642344441, 42.371480819012334 ], [ -71.386699641284011, 42.373052816989166 ], [ -71.38781463380694, 42.375277815703598 ], [ -71.387474633974065, 42.375405815475887 ], [ -71.383484636725612, 42.376611813048825 ], [ -71.382973633307259, 42.378211811647226 ], [ -71.384037627106878, 42.379979810698366 ], [ -71.381364622128714, 42.383419807140534 ], [ -71.37882962329553, 42.384433805490993 ], [ -71.378537620177369, 42.385802804373064 ], [ -71.377256619766186, 42.386704803264429 ], [ -71.377344616859332, 42.38777380250562 ], [ -71.375472617344386, 42.388678801207334 ], [ -71.372818625169188, 42.3872048013802 ], [ -71.372153620594744, 42.389365799594131 ], [ -71.370086625862683, 42.388536799495242 ], [ -71.369005624086498, 42.389862798187515 ], [ -71.365716630262483, 42.389399797416992 ], [ -71.364526629647997, 42.39034379636108 ], [ -71.3653136261795, 42.391230796001409 ], [ -71.364026625189481, 42.392381794778181 ], [ -71.361942629145886, 42.392075794311928 ], [ -71.362304623997204, 42.3938747931888 ], [ -71.361779619348326, 42.396008791552163 ], [ -71.363930615536589, 42.396209792086225 ], [ -71.369448602845694, 42.397852792640016 ], [ -71.370005600273714, 42.398518792335302 ], [ -71.367228600241361, 42.400195790304416 ], [ -71.370076593631723, 42.4010547905443 ], [ -71.368088589345277, 42.403917787925565 ], [ -71.370370582813493, 42.405076787753011 ], [ -71.373922575512836, 42.40576178826435 ], [ -71.374741570651807, 42.407146787484614 ], [ -71.37462956903849, 42.407837786949528 ], [ -71.370454570589033, 42.409769784416753 ], [ -71.367337572620386, 42.410882782792072 ], [ -71.367427569249656, 42.412139781928175 ], [ -71.366340569473465, 42.412719781236248 ], [ -71.341222633782337, 42.402838780862609 ], [ -71.332599655573929, 42.399440780371066 ], [ -71.334569660796973, 42.396113782965976 ], [ -71.335878664190318, 42.393941784690043 ], [ -71.334986684691742, 42.386236789045697 ], [ -71.332887733506197, 42.367817799292979 ], [ -71.332195749529205, 42.361755802610837 ], [ -71.328779828669411, 42.331682818681685 ], [ -71.330826825177041, 42.331965819578137 ], [ -71.333751820110464, 42.332398820835522 ], [ -71.337524833050637, 42.32513382722145 ], [ -71.338523836486971, 42.323215828938274 ], [ -71.339030837300839, 42.322616829583907 ], [ -71.342161841886238, 42.319107833495259 ], [ -71.345888847424746, 42.314928838244249 ], [ -71.355199829446477, 42.31716984208493 ], [ -71.359910823252591, 42.317148844765065 ], [ -71.363085822374885, 42.315845847464075 ], [ -71.36409382088803, 42.315905847997008 ], [ -71.368493823027421, 42.312810852701197 ], [ -71.370613826810015, 42.310261855756792 ], [ -71.373395824223067, 42.309854857687867 ], [ -71.377687806116782, 42.314668856658841 ], [ -71.381804764578263, 42.328519848600592 ], [ -71.388832734706654, 42.336268846317374 ], [ -71.393895729667577, 42.335537849450795 ], [ -71.394948719993096, 42.338652847509884 ], [ -71.396083715081772, 42.33991684706519 ], [ -71.39671771121867, 42.341044846475171 ], [ -71.397982703713254, 42.343214845349102 ] ], [ [ -71.390031656935633, 42.365230824369128 ], [ -71.389487658560981, 42.364912824392157 ], [ -71.386047673069456, 42.361277825756098 ], [ -71.383397672960783, 42.362782823491116 ], [ -71.38407166421888, 42.365755821515641 ], [ -71.388967659334028, 42.364905824182884 ], [ -71.389940656797108, 42.365333824251472 ], [ -71.390031656935633, 42.365230824369128 ] ] ] } },
{ "type": "Feature", "properties": { "STATEFP": "25", "COUNTYFP": "017", "COUSUBFP": "80230", "NAME": "Wilmington", "NAMELSAD": "Wilmington town", "GEOID": "2501780230" }, "geometry": { "type": "Polygon", "coordinates": [ [ [ -71.218672263266427, 42.561650747330425 ], [ -71.217948261553886, 42.561569746249141 ], [ -71.215742251861045, 42.562554744138851 ], [ -71.215072240962968, 42.565034745578693 ], [ -71.21442523943584, 42.564956744598454 ], [ -71.215082230121766, 42.568017748444205 ], [ -71.215128221077961, 42.570535750916733 ], [ -71.213681214607888, 42.571177749465051 ], [ -71.211127199462055, 42.573312747822676 ], [ -71.198854186134426, 42.5675197250672 ], [ -71.192646179900294, 42.564582713791793 ], [ -71.190824164439263, 42.567268713522388 ], [ -71.188558143985617, 42.570893713365017 ], [ -71.180597070971316, 42.583628712232866 ], [ -71.175195020418158, 42.592265710947956 ], [ -71.16555696922228, 42.597621700227791 ], [ -71.16487896549539, 42.598020699472677 ], [ -71.163908946792986, 42.601851700763149 ], [ -71.160666922347801, 42.605317698168335 ], [ -71.159516909029477, 42.607658698011953 ], [ -71.15861688424198, 42.612947700309874 ], [ -71.156563869170085, 42.614976698410032 ], [ -71.154418860993957, 42.615267695130299 ], [ -71.148652851164556, 42.613167684382269 ], [ -71.145941862993354, 42.608334676871657 ], [ -71.143196872648431, 42.604038669765863 ], [ -71.141202869951229, 42.603206666106161 ], [ -71.135455869709844, 42.599115654621578 ], [ -71.130542924781949, 42.583116637715953 ], [ -71.131634950925076, 42.577892636276417 ], [ -71.136742071833552, 42.553463628872315 ], [ -71.136478075885051, 42.552366627850844 ], [ -71.134922098550561, 42.546203622064148 ], [ -71.132482134500265, 42.536524613152892 ], [ -71.131295152124963, 42.531819608895795 ], [ -71.132516157521309, 42.531285610110629 ], [ -71.135454170458942, 42.53000061301001 ], [ -71.149179228888059, 42.524262626285676 ], [ -71.158080266010629, 42.520546634524742 ], [ -71.17003331501715, 42.515536645111332 ], [ -71.170139314911538, 42.515624645302971 ], [ -71.177693307861219, 42.521883659163912 ], [ -71.192915296232357, 42.534489688366165 ], [ -71.195119297319792, 42.535663692170978 ], [ -71.197738293525859, 42.538413697912908 ], [ -71.199802294538856, 42.53954570156386 ], [ -71.204858289580827, 42.544357712451507 ], [ -71.204994289447598, 42.544488712748787 ], [ -71.206407288149308, 42.545831715830197 ], [ -71.209808296409875, 42.546016720474363 ], [ -71.212372297555703, 42.547543725288939 ], [ -71.210523290782731, 42.548054723321911 ], [ -71.209830276439959, 42.551443725564404 ], [ -71.21139127464096, 42.553070729184356 ], [ -71.20887226243596, 42.55453572715129 ], [ -71.211352262681672, 42.556294732160261 ], [ -71.218017263741899, 42.561017745809814 ], [ -71.218672263266427, 42.561650747330425 ] ] ] } },
{ "type": "Feature", "properties": { "STATEFP": "25", "COUNTYFP": "017", "COUSUBFP": "81035", "NAME": "Woburn", "NAMELSAD": "Woburn city", "GEOID": "2501781035" }, "geometry": { "type": "Polygon", "coordinates": [ [ [ -71.206967541933366, 42.463623684345563 ], [ -71.204317531023349, 42.465844680674877 ], [ -71.188279464112455, 42.479695658689437 ], [ -71.18739646289491, 42.479363657766783 ], [ -71.18548045727357, 42.479966655438069 ], [ -71.186437457059696, 42.481007656270521 ], [ -71.184641451431347, 42.481732654053239 ], [ -71.182944446779914, 42.482121652032831 ], [ -71.181501440193529, 42.483621650036071 ], [ -71.174838421246704, 42.485454642065662 ], [ -71.16892440442156, 42.487086635017107 ], [ -71.170186402973997, 42.488978636015801 ], [ -71.168914396619513, 42.490546634234356 ], [ -71.168490380099541, 42.49747463221712 ], [ -71.168464378998465, 42.49793863208496 ], [ -71.168985358635496, 42.504165635334395 ], [ -71.169923350378923, 42.506730638331106 ], [ -71.169395346825098, 42.507310638165301 ], [ -71.16967134667928, 42.507502638625731 ], [ -71.169540335290492, 42.510241640539668 ], [ -71.17003331501715, 42.515536645111332 ], [ -71.158080266010629, 42.520546634524742 ], [ -71.149179228888059, 42.524262626285676 ], [ -71.135454170458942, 42.53000061301001 ], [ -71.129932203436468, 42.519383600007103 ], [ -71.124190238953446, 42.508316587023934 ], [ -71.122395253434945, 42.504152582698019 ], [ -71.119760264821963, 42.500291577666516 ], [ -71.121496273267638, 42.498537579674455 ], [ -71.116775271710111, 42.494549575034505 ], [ -71.115644280300558, 42.489592574526391 ], [ -71.113168299199472, 42.478696573368929 ], [ -71.11205630764745, 42.47381957282348 ], [ -71.123772334683366, 42.473394586315571 ], [ -71.133926365035109, 42.469941598564823 ], [ -71.13790237694289, 42.468580603388098 ], [ -71.146008401236756, 42.46580061326673 ], [ -71.150544414722816, 42.464294618810776 ], [ -71.152292419917373, 42.463715620951767 ], [ -71.153032424308364, 42.462494622056077 ], [ -71.15623744398043, 42.456916626926223 ], [ -71.16434345566212, 42.459757635777578 ], [ -71.175673490910071, 42.455312649999044 ], [ -71.189635534379974, 42.449829667708457 ], [ -71.190566535048717, 42.450454668647332 ], [ -71.193236536074622, 42.452642671230528 ], [ -71.195413538795222, 42.453589673541224 ], [ -71.19601153858531, 42.454274674065068 ], [ -71.198446537914649, 42.4569816762085 ], [ -71.202131539655639, 42.459853679745905 ], [ -71.206141541531366, 42.462985683561719 ], [ -71.206967541933366, 42.463623684345563 ] ] ] } },
{ "type": "Feature", "properties": { "STATEFP": "25", "COUNTYFP": "023", "COUSUBFP": "50145", "NAME": "Norwell", "NAMELSAD": "Norwell town", "GEOID": "2502350145" }, "geometry": { "type": "Polygon", "coordinates": [ [ [ -70.887603939649793, 42.173334751413684 ], [ -70.870248960565007, 42.182470692062275 ], [ -70.861437972834366, 42.186352665470523 ], [ -70.852165986043687, 42.190461636970078 ], [ -70.838865007700079, 42.194805604128518 ], [ -70.813417060266787, 42.195343584443279 ], [ -70.797080100650177, 42.190084604525595 ], [ -70.778859144815314, 42.184186628172171 ], [ -70.777865147209084, 42.183853629561277 ], [ -70.759807198221338, 42.169802703770522 ], [ -70.752395218595467, 42.163936735595072 ], [ -70.754320215761965, 42.162991742280312 ], [ -70.754177217824051, 42.161171753267183 ], [ -70.755392217207003, 42.159404764569473 ], [ -70.760191208090973, 42.159245767773427 ], [ -70.761810207294317, 42.156946782403729 ], [ -70.764648199943281, 42.158793772574143 ], [ -70.766185197660988, 42.158131777267869 ], [ -70.76836719762828, 42.154133802265584 ], [ -70.771591190436979, 42.155112797825382 ], [ -70.775655182550153, 42.155214799025842 ], [ -70.778772175292886, 42.156398793373569 ], [ -70.781963169180173, 42.156387794880331 ], [ -70.782445168879306, 42.155823798441332 ], [ -70.783525173296184, 42.149988833481984 ], [ -70.785311170154671, 42.149778835470933 ], [ -70.786347171510656, 42.146831853312669 ], [ -70.787779170954167, 42.144947865003971 ], [ -70.782916183646776, 42.141693882378064 ], [ -70.782999186184327, 42.139267896783089 ], [ -70.780625192871071, 42.137162908420287 ], [ -70.781402194280631, 42.134591923947873 ], [ -70.779874199520606, 42.132348936757118 ], [ -70.781847197157035, 42.131252943901757 ], [ -70.781242200022191, 42.129643953255552 ], [ -70.779243203629733, 42.129633952690305 ], [ -70.778823206355042, 42.127827963298749 ], [ -70.779503206354363, 42.126714970119522 ], [ -70.777898211167908, 42.124922980307474 ], [ -70.779300212434279, 42.121483001159142 ], [ -70.777561216220803, 42.120818004648463 ], [ -70.777817217994695, 42.11877001690619 ], [ -70.777122221393356, 42.116755028728704 ], [ -70.778399220072288, 42.115926033973722 ], [ -70.779359218719037, 42.115638035917016 ], [ -70.780941214745596, 42.116753029677845 ], [ -70.782306212366535, 42.116755030000974 ], [ -70.782877212481111, 42.11575503606668 ], [ -70.782100215207848, 42.114509043268313 ], [ -70.783008216412796, 42.112006058310534 ], [ -70.784861213212324, 42.112018058648516 ], [ -70.786717210838688, 42.111291063351629 ], [ -70.788548207704395, 42.111283063796094 ], [ -70.788060209821467, 42.110153070355629 ], [ -70.789683206431633, 42.110690067535181 ], [ -70.790529205675497, 42.110083071288756 ], [ -70.790232207816658, 42.108653079644988 ], [ -70.792314204031072, 42.108858078863491 ], [ -70.789705211256233, 42.106423092672635 ], [ -70.792675206514176, 42.106170094728107 ], [ -70.794004203105544, 42.107169089119267 ], [ -70.795048198728637, 42.109407076203752 ], [ -70.798439189424386, 42.112386059495321 ], [ -70.79992118725815, 42.112061061722308 ], [ -70.800571188936189, 42.109708075592131 ], [ -70.803851181200372, 42.1114770659876 ], [ -70.804984175721685, 42.114401049244606 ], [ -70.808731168926812, 42.114654048653172 ], [ -70.810148162309517, 42.118035029430978 ], [ -70.808209163076867, 42.120178016526232 ], [ -70.809089158589572, 42.122576002875505 ], [ -70.809125156145996, 42.124515991654846 ], [ -70.811847148628857, 42.126680979930406 ], [ -70.813842144767747, 42.126919979145384 ], [ -70.816011138836728, 42.128553970391863 ], [ -70.816534135623883, 42.130358960172863 ], [ -70.816504134300843, 42.13145195387802 ], [ -70.819773127593507, 42.132078951335416 ], [ -70.818979128095279, 42.132814946854296 ], [ -70.821213123552099, 42.133198945390497 ], [ -70.82261412214838, 42.132313950915332 ], [ -70.824167118712992, 42.132794948675397 ], [ -70.826762115271563, 42.131826955043763 ], [ -70.832352103580476, 42.133012950131814 ], [ -70.833231100710648, 42.133967945013275 ], [ -70.834719096489664, 42.13509693912642 ], [ -70.833895095593221, 42.136889928697066 ], [ -70.834879093396083, 42.137183927379127 ], [ -70.83475909145146, 42.138796918214517 ], [ -70.836808084748611, 42.140966906703056 ], [ -70.837468077447525, 42.145456881618081 ], [ -70.838530075576813, 42.145371882516415 ], [ -70.840008070803066, 42.146843874814529 ], [ -70.840283068152132, 42.148405866136017 ], [ -70.84132806335316, 42.150469854962132 ], [ -70.843904056903426, 42.151607849664501 ], [ -70.844571052457965, 42.153901837092498 ], [ -70.847244041328935, 42.158213814158742 ], [ -70.851563033624572, 42.157775818589464 ], [ -70.872941996466352, 42.155126842855722 ], [ -70.884311976910524, 42.153718855516715 ], [ -70.890291936830621, 42.171735761445987 ], [ -70.887603939649793, 42.173334751413684 ] ] ] } },
{ "type": "Feature", "properties": { "STATEFP": "25", "COUNTYFP": "023", "COUSUBFP": "54415", "NAME": "Plympton", "NAMELSAD": "Plympton town", "GEOID": "2502354415" }, "geometry": { "type": "Polygon", "coordinates": [ [ [ -70.863067023860168, 41.95680258574324 ], [ -70.848740084896704, 41.966680604143853 ], [ -70.822886204879453, 41.984503654294748 ], [ -70.819974256012998, 41.993003684043572 ], [ -70.81869927861203, 41.996724697435383 ], [ -70.809598299908089, 42.006848672675623 ], [ -70.80686829878772, 42.010568651988571 ], [ -70.807252295490301, 42.012876638487178 ], [ -70.799330304715383, 42.013613636521804 ], [ -70.79592531854972, 42.005490685095687 ], [ -70.790426253329656, 41.987115665117834 ], [ -70.787479202821757, 41.978360627897075 ], [ -70.76568815035526, 41.967066570569827 ], [ -70.758693028272361, 41.947507470793646 ], [ -70.771718013213672, 41.946147475944699 ], [ -70.798198950433544, 41.937744466355795 ], [ -70.810905922488857, 41.93371346549938 ], [ -70.829827883424656, 41.927699468680821 ], [ -70.843563950194977, 41.940756525640985 ], [ -70.845645959815315, 41.942722533495704 ], [ -70.860883015951515, 41.95498857970609 ], [ -70.863067023860168, 41.95680258574324 ] ] ] } },
{ "type": "Feature", "properties": { "STATEFP": "25", "COUNTYFP": "023", "COUSUBFP": "75260", "NAME": "West Bridgewater", "NAMELSAD": "West Bridgewater town", "GEOID": "2502375260" }, "geometry": { "type": "Polygon", "coordinates": [ [ [ -71.069596001993247, 42.049704523731407 ], [ -71.044308986269641, 42.05281346549004 ], [ -71.025709974354143, 42.054789424286135 ], [ -71.022924996689298, 42.042178480412225 ], [ -71.01759399358555, 42.042832468110774 ], [ -70.996674986755906, 42.04540142602918 ], [ -70.989428995239237, 42.046290422629539 ], [ -70.987159997908364, 42.046568421553047 ], [ -70.986474005418927, 42.043340437342579 ], [ -70.986360006643977, 42.042814439917962 ], [ -70.983884033526607, 42.031187496996324 ], [ -70.983344039353611, 42.028652509480764 ], [ -70.979586079587008, 42.010999596813164 ], [ -70.978787087767415, 42.007395614737931 ], [ -70.980968086330705, 42.006750617188885 ], [ -70.990608080113688, 42.003908627803625 ], [ -71.002718070354746, 41.998053649568988 ], [ -71.025262048949671, 41.991342692233928 ], [ -71.028552045923234, 41.990356698180072 ], [ -71.054185023500636, 41.982716742014624 ], [ -71.054719030406289, 41.985057742512055 ], [ -71.063868036865813, 42.024802635482537 ], [ -71.069596001993247, 42.049704523731407 ] ] ] } },
{ "type": "Feature", "properties": { "STATEFP": "25", "COUNTYFP": "023", "COUSUBFP": "28285", "NAME": "Hanover", "NAMELSAD": "Hanover town", "GEOID": "2502328285" }, "geometry": { "type": "Polygon", "coordinates": [ [ [ -70.900119949989104, 42.151743872935327 ], [ -70.884311976910524, 42.153718855516715 ], [ -70.872941996466352, 42.155126842855722 ], [ -70.851563033624572, 42.157775818589464 ], [ -70.847244041328935, 42.158213814158742 ], [ -70.844571052457965, 42.153901837092498 ], [ -70.843904056903426, 42.151607849664501 ], [ -70.84132806335316, 42.150469854962132 ], [ -70.840283068152132, 42.148405866136017 ], [ -70.840008070803066, 42.146843874814529 ], [ -70.838530075576813, 42.145371882516415 ], [ -70.837468077447525, 42.145456881618081 ], [ -70.836808084748611, 42.140966906703056 ], [ -70.83475909145146, 42.138796918214517 ], [ -70.834879093396083, 42.137183927379127 ], [ -70.833895095593221, 42.136889928697066 ], [ -70.834719096489664, 42.13509693912642 ], [ -70.833231100710648, 42.133967945013275 ], [ -70.832352103580476, 42.133012950131814 ], [ -70.826762115271563, 42.131826955043763 ], [ -70.824167118712992, 42.132794948675397 ], [ -70.82261412214838, 42.132313950915332 ], [ -70.821213123552099, 42.133198945390497 ], [ -70.818979128095279, 42.132814946854296 ], [ -70.819773127593507, 42.132078951335416 ], [ -70.816504134300843, 42.13145195387802 ], [ -70.816534135623883, 42.130358960172863 ], [ -70.816011138836728, 42.128553970391863 ], [ -70.813842144767747, 42.126919979145384 ], [ -70.811847148628857, 42.126680979930406 ], [ -70.809125156145996, 42.124515991654846 ], [ -70.809089158589572, 42.122576002875505 ], [ -70.808209163076867, 42.120178016526232 ], [ -70.810148162309517, 42.118035029430978 ], [ -70.808731168926812, 42.114654048653172 ], [ -70.804984175721685, 42.114401049244606 ], [ -70.803851181200372, 42.1114770659876 ], [ -70.804955179671424, 42.111173067994663 ], [ -70.808648177974831, 42.107383090743284 ], [ -70.812294176123203, 42.10388311166389 ], [ -70.80974718635224, 42.099051139166036 ], [ -70.811697184347693, 42.09805314522896 ], [ -70.818643170775957, 42.099676136942506 ], [ -70.820006168698526, 42.099526138015712 ], [ -70.823088162266785, 42.100537132716575 ], [ -70.826653156594361, 42.100326134492832 ], [ -70.831449150997884, 42.098517145521846 ], [ -70.838100142560236, 42.096602157319921 ], [ -70.84059314127299, 42.094535169297544 ], [ -70.84335013643414, 42.094762168381692 ], [ -70.847808126907495, 42.096336160170573 ], [ -70.849058125651339, 42.0957631635425 ], [ -70.850533124345262, 42.094968168174255 ], [ -70.853673118548627, 42.095414166110366 ], [ -70.855487119856221, 42.092423182947165 ], [ -70.861824114262362, 42.08917920158958 ], [ -70.865296106509433, 42.090624194000775 ], [ -70.867687106135506, 42.088269207177646 ], [ -70.869738104160859, 42.087379212248358 ], [ -70.873865096118507, 42.088302207598041 ], [ -70.874946092296128, 42.089667200268927 ], [ -70.887555074575374, 42.087957210787003 ], [ -70.889128032746768, 42.112728077852914 ], [ -70.889467023744217, 42.118030049452898 ], [ -70.890030019918754, 42.119817040002381 ], [ -70.895724980596853, 42.13796594460684 ], [ -70.900119949989104, 42.151743872935327 ] ] ] } },
{ "type": "Feature", "properties": { "STATEFP": "25", "COUNTYFP": "023", "COUSUBFP": "28495", "NAME": "Hanson", "NAMELSAD": "Hanson town", "GEOID": "2502328495" }, "geometry": { "type": "Polygon", "coordinates": [ [ [ -70.912595040073782, 42.08449323136702 ], [ -70.90241305401662, 42.08589722313171 ], [ -70.887555074575374, 42.087957210787003 ], [ -70.874946092296128, 42.089667200268927 ], [ -70.873865096118507, 42.088302207598041 ], [ -70.869738104160859, 42.087379212248358 ], [ -70.867687106135506, 42.088269207177646 ], [ -70.865296106509433, 42.090624194000775 ], [ -70.861824114262362, 42.08917920158958 ], [ -70.855487119856221, 42.092423182947165 ], [ -70.853673118548627, 42.095414166110366 ], [ -70.850533124345262, 42.094968168174255 ], [ -70.849058125651339, 42.0957631635425 ], [ -70.847808126907495, 42.096336160170573 ], [ -70.84335013643414, 42.094762168381692 ], [ -70.845462135554911, 42.092899179090793 ], [ -70.842661145683167, 42.088869201377257 ], [ -70.84389815984342, 42.077185267025008 ], [ -70.842765165614992, 42.074282283277363 ], [ -70.838220186775757, 42.06388534178005 ], [ -70.841009187346856, 42.060407361253979 ], [ -70.836826195079567, 42.059291367753673 ], [ -70.845831187594655, 42.05507339088264 ], [ -70.845468189115849, 42.054361394897157 ], [ -70.8468331901054, 42.052224406740521 ], [ -70.847145194384879, 42.04883842564373 ], [ -70.845805199676931, 42.046418439335824 ], [ -70.841072208512315, 42.044893448481425 ], [ -70.842194208840894, 42.043497456178294 ], [ -70.844767206315694, 42.042698460305921 ], [ -70.833464253167804, 42.019548592970352 ], [ -70.837572249170279, 42.018543597569391 ], [ -70.849223237988909, 42.015725610198736 ], [ -70.850809235858122, 42.015788609403003 ], [ -70.852844233131108, 42.015863608415991 ], [ -70.860165223271053, 42.016159604733666 ], [ -70.864435210668205, 42.020970577080277 ], [ -70.894518162420113, 42.026442540221417 ], [ -70.896944171004918, 42.019149578562143 ], [ -70.896619164728349, 42.023285556587702 ], [ -70.897419160982778, 42.024941547569313 ], [ -70.899730157327127, 42.025299545128568 ], [ -70.902908130357815, 42.039097471254443 ], [ -70.906700097680329, 42.055550383761968 ], [ -70.90738709169311, 42.058535367958221 ], [ -70.9081080853977, 42.061663351420236 ], [ -70.90876607924902, 42.064748335133928 ], [ -70.909800069556397, 42.069592309604154 ], [ -70.912595040073782, 42.08449323136702 ] ] ] } },
{ "type": "Feature", "properties": { "STATEFP": "25", "COUNTYFP": "023", "COUSUBFP": "33920", "NAME": "Lakeville", "NAMELSAD": "Lakeville town", "GEOID": "2502333920" }, "geometry": { "type": "Polygon", "coordinates": [ [ [ -71.036570520010585, 41.816525772495709 ], [ -71.010944560021372, 41.83585576737498 ], [ -71.007455565819427, 41.838485765821488 ], [ -70.995905584182097, 41.847022746251263 ], [ -70.990454589487243, 41.850071726858516 ], [ -70.988042593277115, 41.851806718344555 ], [ -70.985779599054254, 41.854058710272405 ], [ -70.982739601288031, 41.855409700396798 ], [ -70.978308604284521, 41.857246686383263 ], [ -70.973717613777978, 41.860879672031743 ], [ -70.977169664676367, 41.87469667911558 ], [ -70.977163666263209, 41.875149679000558 ], [ -70.987256774664132, 41.905808691121017 ], [ -70.985492779233823, 41.907195687249121 ], [ -70.981114771283373, 41.904970679913646 ], [ -70.980102766466629, 41.903608678397369 ], [ -70.978855767425102, 41.903922675922296 ], [ -70.976661758262694, 41.901382672254414 ], [ -70.967133756463042, 41.901254653461223 ], [ -70.964761749281735, 41.899394648638122 ], [ -70.963344737915847, 41.896386645452935 ], [ -70.957501727942159, 41.894070632668786 ], [ -70.923477662954227, 41.880698545619403 ], [ -70.92309466214941, 41.880547544516411 ], [ -70.919205653927065, 41.87902353317218 ], [ -70.918766652307369, 41.878693531690296 ], [ -70.91643264345737, 41.876899523648355 ], [ -70.916327624591219, 41.87257051809631 ], [ -70.914616621536823, 41.872081512938294 ], [ -70.913182611346556, 41.869937506338943 ], [ -70.916742602206781, 41.867362512891894 ], [ -70.91504159658605, 41.866311506852547 ], [ -70.914318577296626, 41.862004499364367 ], [ -70.913276576331924, 41.861946496263101 ], [ -70.914541566901164, 41.859591496964626 ], [ -70.91626256960501, 41.859930502475528 ], [ -70.917748565407223, 41.85871650542326 ], [ -70.916815558150006, 41.857200500807963 ], [ -70.917131552216873, 41.855777500051779 ], [ -70.918891539982397, 41.852626501767794 ], [ -70.918729537422593, 41.852063500606128 ], [ -70.918705536885298, 41.851943500391052 ], [ -70.893694407393312, 41.828545380699389 ], [ -70.893777398388877, 41.826591377578055 ], [ -70.898644350312324, 41.814877376591411 ], [ -70.89640025234192, 41.794320332781702 ], [ -70.921782280133215, 41.791244443806981 ], [ -70.960648327277497, 41.786648620996431 ], [ -70.98796336334108, 41.783415750586606 ], [ -71.026288396003139, 41.77888879291725 ], [ -71.014591449154693, 41.799568788791696 ], [ -71.023157477179552, 41.806176781448926 ], [ -71.036308519189802, 41.816324772640442 ], [ -71.036570520010585, 41.816525772495709 ] ] ] } },
{ "type": "Feature", "properties": { "STATEFP": "25", "COUNTYFP": "023", "COUSUBFP": "38540", "NAME": "Marion", "NAMELSAD": "Marion town", "GEOID": "2502338540" }, "geometry": { "type": "Polygon", "coordinates": [ [ [ -70.801477874499398, 41.695774850045574 ], [ -70.799072859909998, 41.710108807167053 ], [ -70.796187840898014, 41.728358751288624 ], [ -70.795002838285541, 41.728604744689441 ], [ -70.793524833440927, 41.730983731508807 ], [ -70.791735828494538, 41.732584718441849 ], [ -70.793715831007617, 41.734701723656933 ], [ -70.793211823474266, 41.743167700818354 ], [ -70.785765803847582, 41.747397649779465 ], [ -70.787495805699066, 41.749811653227809 ], [ -70.786626845689995, 41.756862677375359 ], [ -70.780048868584359, 41.762792668267195 ], [ -70.77880885682076, 41.761313655134039 ], [ -70.780264839869517, 41.758103648576189 ], [ -70.781644805072915, 41.752020629159972 ], [ -70.781637796000453, 41.750559622680058 ], [ -70.781359792332424, 41.749509619963426 ], [ -70.77997379189587, 41.746480620386428 ], [ -70.778520791106757, 41.743762619788335 ], [ -70.774849786038942, 41.740575608784106 ], [ -70.774235785557067, 41.739663608055622 ], [ -70.774279786943538, 41.738253612240285 ], [ -70.774807789807852, 41.736345620361071 ], [ -70.775004792109314, 41.734275627162937 ], [ -70.774991792156754, 41.734193627323648 ], [ -70.772661786436615, 41.735094612629688 ], [ -70.773306788687677, 41.73412661873499 ], [ -70.771737785981458, 41.733506612335276 ], [ -70.768374778524645, 41.733950593565453 ], [ -70.765379770243939, 41.7359855718815 ], [ -70.763794764143157, 41.7387405552115 ], [ -70.761856759422002, 41.739320543140032 ], [ -70.760368756716588, 41.738859536653372 ], [ -70.759563754087154, 41.739741529622322 ], [ -70.760589755062597, 41.74093053140426 ], [ -70.759518751416181, 41.742229521607811 ], [ -70.756902745471166, 41.742508506631843 ], [ -70.754311741081139, 41.741382496309505 ], [ -70.752151739195568, 41.738854493024675 ], [ -70.75039173645213, 41.737942486708683 ], [ -70.746683742562539, 41.738099491292154 ], [ -70.74323075247618, 41.735757506501095 ], [ -70.743018754000175, 41.73475251027444 ], [ -70.744487753212098, 41.732583514289701 ], [ -70.743497756787391, 41.731195520991335 ], [ -70.742563759309832, 41.730670524714718 ], [ -70.738582767077574, 41.731238531332643 ], [ -70.735046777146366, 41.728647547326894 ], [ -70.729110791613877, 41.726519566796433 ], [ -70.726782202335613, 41.723978065078185 ], [ -70.728525796379103, 41.722874579808483 ], [ -70.721301820387879, 41.712967626599102 ], [ -70.714885835493988, 41.710311648135317 ], [ -70.71202784398055, 41.707027664299609 ], [ -70.714229844369939, 41.701730676611454 ], [ -70.722723826128032, 41.703833652950529 ], [ -70.727476818334907, 41.702413648013874 ], [ -70.726050822773615, 41.700639656570864 ], [ -70.723198832557429, 41.696025677029937 ], [ -70.717450845209086, 41.693979694829522 ], [ -70.71490585177196, 41.691937706271993 ], [ -70.718354847000938, 41.690156705229157 ], [ -70.715044861230623, 41.681007740616259 ], [ -70.715592865384622, 41.675257757803386 ], [ -70.719828855469075, 41.67799274117322 ], [ -70.721534849223474, 41.681470726844765 ], [ -70.729394828643478, 41.6881396903661 ], [ -70.739598806190472, 41.691765658788007 ], [ -70.743196971065728, 41.696467334374674 ], [ -70.744352790706273, 41.697977629001649 ], [ -70.74886778275301, 41.697445621856801 ], [ -70.752419795250773, 41.695735145658738 ], [ -70.755296981847152, 41.69434963998998 ], [ -70.755346793578966, 41.694325653209937 ], [ -70.752433792943009, 41.690168654213721 ], [ -70.751720796764559, 41.685553666396338 ], [ -70.749105801140118, 41.680405678114944 ], [ -70.74340181736568, 41.674725707655895 ], [ -70.74510381686116, 41.672444712033688 ], [ -70.750769806126556, 41.675612695424356 ], [ -70.752433805731187, 41.678453692639209 ], [ -70.758375813305264, 41.680583709629857 ], [ -70.763170166315902, 41.677313832970192 ], [ -70.765893829253443, 41.677103750354988 ], [ -70.775587846361645, 41.675747792493297 ], [ -70.786074864508876, 41.674430837048988 ], [ -70.790261868809125, 41.677561845704403 ], [ -70.802936883078956, 41.687081875316025 ], [ -70.801477874499398, 41.695774850045574 ] ] ] } },
{ "type": "Feature", "properties": { "STATEFP": "25", "COUNTYFP": "021", "COUSUBFP": "04930", "NAME": "Bellingham", "NAMELSAD": "Bellingham town", "GEOID": "2502104930" }, "geometry": { "type": "Polygon", "coordinates": [ [ [ -71.501263680703858, 42.111685611732902 ], [ -71.501393686347981, 42.116677589355831 ], [ -71.495757696456963, 42.120657573041171 ], [ -71.489881710309547, 42.124734552292786 ], [ -71.478522735323494, 42.131378517384768 ], [ -71.470898748354173, 42.132406509246991 ], [ -71.444681792380905, 42.135552482724513 ], [ -71.442377796034961, 42.135622481322287 ], [ -71.441426796801494, 42.134829484527494 ], [ -71.442529794762549, 42.134479486652836 ], [ -71.441959794796986, 42.133532490746177 ], [ -71.442552792149726, 42.131635499749407 ], [ -71.444012776788725, 42.117298566328721 ], [ -71.446409760021808, 42.103301631588891 ], [ -71.446590758647417, 42.102137637000794 ], [ -71.451928732503745, 42.083843722723017 ], [ -71.453698718804148, 42.072621774596506 ], [ -71.455274716119689, 42.072753774461901 ], [ -71.455872705931327, 42.063187818307263 ], [ -71.454960707532095, 42.06312881832929 ], [ -71.454945706657497, 42.062179822659679 ], [ -71.454857703805246, 42.059008837120011 ], [ -71.454754689852905, 42.044117905114085 ], [ -71.455904678890064, 42.03489594746263 ], [ -71.45810417739186, 42.017763415121813 ], [ -71.458117303297726, 42.017763237902756 ], [ -71.4837134901139, 42.01741765168034 ], [ -71.483783724981748, 42.017416703406084 ], [ -71.491354872156094, 42.017314481758248 ], [ -71.49825887920106, 42.017221267481901 ], [ -71.498167586548689, 42.024671001162048 ], [ -71.497901594620572, 42.031513970665294 ], [ -71.498260594012876, 42.03159097038909 ], [ -71.498262597095021, 42.034383957962874 ], [ -71.498306623325476, 42.058196852025716 ], [ -71.498287630743931, 42.064878822291803 ], [ -71.498269642790447, 42.07575177391103 ], [ -71.498236657003829, 42.088563716897049 ], [ -71.498127662550658, 42.093415695270679 ], [ -71.495530674158502, 42.099962665174196 ], [ -71.496930674433713, 42.102357655030026 ], [ -71.499689671064715, 42.103490651037006 ], [ -71.501225674305488, 42.105945637214532 ], [ -71.50059967545603, 42.107457632058313 ], [ -71.50307868066956, 42.110285613569907 ], [ -71.501263680703858, 42.111685611732902 ] ] ] } },
{ "type": "Feature", "properties": { "STATEFP": "25", "COUNTYFP": "021", "COUSUBFP": "16495", "NAME": "Dedham", "NAMELSAD": "Dedham town", "GEOID": "2502116495" }, "geometry": { "type": "Polygon", "coordinates": [ [ [ -71.229174041796853, 42.264147770428316 ], [ -71.225657033886122, 42.26413276543007 ], [ -71.223759032381622, 42.262899763094431 ], [ -71.219576020849161, 42.26382275686997 ], [ -71.21812600881978, 42.267702753689662 ], [ -71.218107006629026, 42.268654753388653 ], [ -71.211174994035233, 42.267297743947822 ], [ -71.208394986525803, 42.267843739854818 ], [ -71.203280976322219, 42.267246732765628 ], [ -71.200056968141965, 42.267645728087523 ], [ -71.197043958275842, 42.26900472346216 ], [ -71.196694956994378, 42.269223722911107 ], [ -71.188212912592675, 42.280437708116828 ], [ -71.185990909080544, 42.279770705167707 ], [ -71.185307908156133, 42.279496704277292 ], [ -71.183159911375697, 42.275912702131926 ], [ -71.177461896366268, 42.276867693891667 ], [ -71.174972892692296, 42.276003690592567 ], [ -71.174565892736382, 42.275575690118629 ], [ -71.174418893605747, 42.275041690034691 ], [ -71.174847897527584, 42.273728690941788 ], [ -71.173583899878892, 42.271414689690026 ], [ -71.173342900607835, 42.270848689479024 ], [ -71.172953900968793, 42.270297689054935 ], [ -71.174609909038011, 42.268372691840725 ], [ -71.174154911051588, 42.267020691506865 ], [ -71.171541907127022, 42.266141687998982 ], [ -71.168604907198372, 42.263159684492685 ], [ -71.167393906627737, 42.262196682981319 ], [ -71.16339390472487, 42.259022677965838 ], [ -71.161574903933811, 42.257545675681122 ], [ -71.15858490254891, 42.255154671902503 ], [ -71.15595889362551, 42.25648466786221 ], [ -71.152118880989477, 42.258246662007416 ], [ -71.150386878842752, 42.257459659686489 ], [ -71.146642874209292, 42.255754654657871 ], [ -71.146306877540198, 42.253932654528086 ], [ -71.146127879310939, 42.252963654457965 ], [ -71.144069886748241, 42.242818687870972 ], [ -71.143498887594433, 42.24006470077304 ], [ -71.142681888952993, 42.235997719856989 ], [ -71.13924188349263, 42.233659726478948 ], [ -71.136665879500086, 42.231909731419876 ], [ -71.1307718706598, 42.227925742580268 ], [ -71.132605875140243, 42.22710674934828 ], [ -71.134308878386932, 42.227395750416804 ], [ -71.137098884663018, 42.226727757845758 ], [ -71.14008089298666, 42.223930776167158 ], [ -71.140740896274096, 42.22145078949633 ], [ -71.142278901113272, 42.219167803149382 ], [ -71.141386899738293, 42.21867080430394 ], [ -71.142819904869896, 42.215671821377661 ], [ -71.142413904966162, 42.214524826490958 ], [ -71.143488908229585, 42.212971835833301 ], [ -71.142595907733465, 42.211390842382947 ], [ -71.144476912182355, 42.210242850914831 ], [ -71.14592291567412, 42.20922685814346 ], [ -71.166722947009191, 42.223600817136514 ], [ -71.170715954535098, 42.224639817812978 ], [ -71.176542965656296, 42.226152818796599 ], [ -71.182045976307421, 42.227583819693379 ], [ -71.18607198419204, 42.228629820340892 ], [ -71.20568002193707, 42.243040776118718 ], [ -71.231718058559352, 42.259269775539011 ], [ -71.229174041796853, 42.264147770428316 ] ] ] } },
{ "type": "Feature", "properties": { "STATEFP": "25", "COUNTYFP": "021", "COUSUBFP": "25172", "NAME": "Franklin Town", "NAMELSAD": "Franklin Town city", "GEOID": "2502125172" }, "geometry": { "type": "Polygon", "coordinates": [ [ [ -71.454754689852905, 42.044117905114085 ], [ -71.454857703805246, 42.059008837120011 ], [ -71.454945706657497, 42.062179822659679 ], [ -71.454960707532095, 42.06312881832929 ], [ -71.455872705931327, 42.063187818307263 ], [ -71.455274716119689, 42.072753774461901 ], [ -71.453698718804148, 42.072621774596506 ], [ -71.451928732503745, 42.083843722723017 ], [ -71.446590758647417, 42.102137637000794 ], [ -71.446409760021808, 42.103301631588891 ], [ -71.444012776788725, 42.117298566328721 ], [ -71.442552792149726, 42.131635499749407 ], [ -71.441959794796986, 42.133532490746177 ], [ -71.442529794762549, 42.134479486652836 ], [ -71.441426796801494, 42.134829484527494 ], [ -71.438532801621392, 42.135168481612979 ], [ -71.435596805355033, 42.134208484675057 ], [ -71.434664807270266, 42.134730481828484 ], [ -71.433865809603788, 42.135971475716183 ], [ -71.431096815836597, 42.138192464126192 ], [ -71.429514818957628, 42.138972459756467 ], [ -71.428006820556476, 42.138114463017352 ], [ -71.422945829198525, 42.139072456150174 ], [ -71.419221834869845, 42.138968454853746 ], [ -71.420457831908081, 42.13769846136482 ], [ -71.419809832696885, 42.137436462279027 ], [ -71.418483833990862, 42.136505465995469 ], [ -71.41519384051449, 42.138246456303882 ], [ -71.415864837501644, 42.135812468 ], [ -71.413909838971833, 42.133853476249016 ], [ -71.411062843902215, 42.134453472115261 ], [ -71.408951846953542, 42.13413947260554 ], [ -71.404177857048865, 42.137560454286913 ], [ -71.402343861406123, 42.139543444075308 ], [ -71.39909086584818, 42.138769446168027 ], [ -71.397103867846354, 42.137323452051788 ], [ -71.383950886761724, 42.1351714560681 ], [ -71.382096889913186, 42.135547453408797 ], [ -71.38282188712931, 42.133160465120831 ], [ -71.382387888036831, 42.133489463352397 ], [ -71.380188891094576, 42.132925465024968 ], [ -71.380258889959848, 42.13142647220932 ], [ -71.382023886781582, 42.130844475790916 ], [ -71.382169885761556, 42.129700481309776 ], [ -71.380713887673835, 42.129135483345486 ], [ -71.379982887064813, 42.126550495351125 ], [ -71.367718894247048, 42.107263582585368 ], [ -71.365754894899766, 42.103139601655954 ], [ -71.364282895429938, 42.100053615954572 ], [ -71.359272897459931, 42.089521664944741 ], [ -71.365302878688297, 42.076222731009189 ], [ -71.378165842562126, 42.056473829296088 ], [ -71.388272812935952, 42.041000905339637 ], [ -71.415910758509625, 42.038500922849785 ], [ -71.455904678890064, 42.03489594746263 ], [ -71.454754689852905, 42.044117905114085 ] ] ] } },
{ "type": "Feature", "properties": { "STATEFP": "25", "COUNTYFP": "021", "COUSUBFP": "39765", "NAME": "Medfield", "NAMELSAD": "Medfield town", "GEOID": "2502139765" }, "geometry": { "type": "Polygon", "coordinates": [ [ [ -71.351479981788557, 42.21154607048058 ], [ -71.349983985098859, 42.213951057795569 ], [ -71.348316987764832, 42.21488905210029 ], [ -71.346810990080527, 42.215589047664501 ], [ -71.339954997880398, 42.213873051329124 ], [ -71.338506000459205, 42.21523004371101 ], [ -71.311319035171451, 42.215398024221372 ], [ -71.287879065069177, 42.215531007457344 ], [ -71.271059086510988, 42.215631995389195 ], [ -71.268089088575394, 42.209580024075699 ], [ -71.269559084074345, 42.200579070726512 ], [ -71.269570084036658, 42.20049907113949 ], [ -71.272945076426893, 42.190085126056907 ], [ -71.27567207009389, 42.181667170307698 ], [ -71.275585068828903, 42.17719819285503 ], [ -71.275402066190509, 42.167841240070075 ], [ -71.275367065683753, 42.166040249159046 ], [ -71.275026060810148, 42.14862333707255 ], [ -71.284093047197317, 42.148901340247185 ], [ -71.303752017742298, 42.149500347196359 ], [ -71.339660963501061, 42.149377365997601 ], [ -71.339216964965757, 42.150856358550435 ], [ -71.334516973435015, 42.153548342970694 ], [ -71.334234975336997, 42.156398328868768 ], [ -71.332569978481246, 42.157709321567836 ], [ -71.331467980071764, 42.157631321367134 ], [ -71.333162978425975, 42.159303314071529 ], [ -71.331054982738877, 42.161677301301069 ], [ -71.332425980950688, 42.162107299933787 ], [ -71.331095983963294, 42.164204288927351 ], [ -71.332776981219183, 42.163628292669678 ], [ -71.332569982690458, 42.165905281396412 ], [ -71.334007980977063, 42.166622278678197 ], [ -71.331623985030603, 42.167803271566925 ], [ -71.333109983173941, 42.168362269655312 ], [ -71.333336983433284, 42.169498264216493 ], [ -71.332230985588566, 42.17060225818345 ], [ -71.330372988381228, 42.170858255878443 ], [ -71.327928992803095, 42.172711245391568 ], [ -71.326161995430496, 42.172931243301882 ], [ -71.323973998011056, 42.17181824753429 ], [ -71.323129000042513, 42.173535238594681 ], [ -71.320189004138072, 42.173348237834553 ], [ -71.319889004995986, 42.1742682331219 ], [ -71.319035006004654, 42.173829234799229 ], [ -71.31933700649536, 42.175802225230754 ], [ -71.318188009152678, 42.178034213538496 ], [ -71.320645005778971, 42.178210214106798 ], [ -71.320346006819278, 42.179529207422959 ], [ -71.322679004321017, 42.181142200847219 ], [ -71.325281000871144, 42.181515200555118 ], [ -71.326563999726318, 42.18282419488019 ], [ -71.326128001011213, 42.18420818781177 ], [ -71.329610996614477, 42.185056185743854 ], [ -71.328445998825359, 42.186261179120642 ], [ -71.333142993692334, 42.188854169267408 ], [ -71.334332991889482, 42.188518171643601 ], [ -71.335302990643825, 42.188676171465303 ], [ -71.335594991468511, 42.191011160219155 ], [ -71.336466990474662, 42.191376158974805 ], [ -71.339456986082851, 42.190767163805461 ], [ -71.339375987624365, 42.193428150762223 ], [ -71.340461987066874, 42.195109143239904 ], [ -71.338367990066828, 42.195449140256841 ], [ -71.34027198886784, 42.197965129181739 ], [ -71.342831985589285, 42.198221129570285 ], [ -71.343252985939841, 42.199875121781048 ], [ -71.343822984455329, 42.198562128543465 ], [ -71.34508898309862, 42.199156126463535 ], [ -71.344170985179431, 42.200703118340435 ], [ -71.346815983283165, 42.203557106173164 ], [ -71.346541984254443, 42.204641100722135 ], [ -71.350700979458722, 42.205783097915152 ], [ -71.352156978481091, 42.207371091178302 ], [ -71.351479981788557, 42.21154607048058 ] ] ] } },
{ "type": "Feature", "properties": { "STATEFP": "25", "COUNTYFP": "021", "COUSUBFP": "39975", "NAME": "Medway", "NAMELSAD": "Medway town", "GEOID": "2502139975" }, "geometry": { "type": "Polygon", "coordinates": [ [ [ -71.478284751717851, 42.146877447472988 ], [ -71.478159759284395, 42.154017415251637 ], [ -71.478119762200407, 42.156782402776876 ], [ -71.472744770262096, 42.156873399534483 ], [ -71.464005784519429, 42.158199388905643 ], [ -71.444067829193187, 42.174889301601361 ], [ -71.430174852770321, 42.179386272753462 ], [ -71.426624857684644, 42.179312271008307 ], [ -71.423730861693343, 42.179253269580521 ], [ -71.423550861005239, 42.17813127469541 ], [ -71.402295891405714, 42.178794259138044 ], [ -71.389045894631622, 42.157289353452114 ], [ -71.385436895863052, 42.151432379408355 ], [ -71.378147898804286, 42.139594432225188 ], [ -71.3756188999469, 42.13545445081693 ], [ -71.379795893525824, 42.135586452144004 ], [ -71.380188891094576, 42.132925465024968 ], [ -71.382387888036831, 42.133489463352397 ], [ -71.38282188712931, 42.133160465120831 ], [ -71.382096889913186, 42.135547453408797 ], [ -71.383950886761724, 42.1351714560681 ], [ -71.397103867846354, 42.137323452051788 ], [ -71.39909086584818, 42.138769446168027 ], [ -71.402343861406123, 42.139543444075308 ], [ -71.404177857048865, 42.137560454286913 ], [ -71.408951846953542, 42.13413947260554 ], [ -71.411062843902215, 42.134453472115261 ], [ -71.413909838971833, 42.133853476249016 ], [ -71.415864837501644, 42.135812468 ], [ -71.41519384051449, 42.138246456303882 ], [ -71.418483833990862, 42.136505465995469 ], [ -71.419809832696885, 42.137436462279027 ], [ -71.420457831908081, 42.13769846136482 ], [ -71.419221834869845, 42.138968454853746 ], [ -71.422945829198525, 42.139072456150174 ], [ -71.428006820556476, 42.138114463017352 ], [ -71.429514818957628, 42.138972459756467 ], [ -71.431096815836597, 42.138192464126192 ], [ -71.433865809603788, 42.135971475716183 ], [ -71.434664807270266, 42.134730481828484 ], [ -71.435596805355033, 42.134208484675057 ], [ -71.438532801621392, 42.135168481612979 ], [ -71.441426796801494, 42.134829484527494 ], [ -71.442377796034961, 42.135622481322287 ], [ -71.444681792380905, 42.135552482724513 ], [ -71.470898748354173, 42.132406509246991 ], [ -71.478522735323494, 42.131378517384768 ], [ -71.478284751717851, 42.146877447472988 ] ] ] } },
{ "type": "Feature", "properties": { "STATEFP": "25", "COUNTYFP": "021", "COUSUBFP": "67945", "NAME": "Stoughton", "NAMELSAD": "Stoughton town", "GEOID": "2502167945" }, "geometry": { "type": "Polygon", "coordinates": [ [ [ -71.149810973751855, 42.137163223841974 ], [ -71.149365972502125, 42.138160218155768 ], [ -71.149166971936225, 42.138612215582619 ], [ -71.144549966923577, 42.137697212810984 ], [ -71.140779962013326, 42.138061205003801 ], [ -71.139915959511214, 42.13987119461521 ], [ -71.138685957908692, 42.13995719223503 ], [ -71.138552956166549, 42.141908182309827 ], [ -71.135339952093034, 42.141918177169806 ], [ -71.134689949733684, 42.143740167077524 ], [ -71.131392946084247, 42.143079165147057 ], [ -71.131229945907762, 42.143043165067965 ], [ -71.131100945956206, 42.142800166071311 ], [ -71.131843949936865, 42.139311184588479 ], [ -71.124436939092689, 42.141070164103013 ], [ -71.117453928648715, 42.142729144818382 ], [ -71.104070908042303, 42.145903107972025 ], [ -71.0956258946362, 42.147906084778349 ], [ -71.088305879791506, 42.151981053221142 ], [ -71.0800378623575, 42.156588017651188 ], [ -71.06662583259039, 42.164056960186606 ], [ -71.063521832740207, 42.160914970692048 ], [ -71.056511833746313, 42.153814994342618 ], [ -71.063846863793827, 42.140473070958095 ], [ -71.065038867886855, 42.138722081396665 ], [ -71.070944884544843, 42.132181122760628 ], [ -71.068326890643391, 42.125874149395592 ], [ -71.06765389221745, 42.124282156092249 ], [ -71.060335910621546, 42.106962228770783 ], [ -71.061256917217918, 42.103194248647874 ], [ -71.067006925800214, 42.100905269232442 ], [ -71.079343943396694, 42.095993313519543 ], [ -71.080483944966502, 42.095539317620521 ], [ -71.093280961826665, 42.090530363320127 ], [ -71.098373968211092, 42.088534381567385 ], [ -71.112863985342628, 42.082863433591115 ], [ -71.138608012054917, 42.072775526619367 ], [ -71.139003010744588, 42.074714517625765 ], [ -71.138463008902718, 42.076560507531077 ], [ -71.139470008184233, 42.078294500577805 ], [ -71.139461005270945, 42.081930482454553 ], [ -71.138729003333452, 42.083686472493071 ], [ -71.1393240025795, 42.08516946609614 ], [ -71.137660998503776, 42.088650446008522 ], [ -71.135810995262901, 42.090820432150444 ], [ -71.135260993367339, 42.092560422585898 ], [ -71.132680986319457, 42.098310389744974 ], [ -71.13129098299332, 42.100740375386835 ], [ -71.131611979384829, 42.105205353722425 ], [ -71.133491976184999, 42.110989328032133 ], [ -71.135822976319233, 42.113571318973932 ], [ -71.137505974886921, 42.117390302693693 ], [ -71.139102974262627, 42.120235291108138 ], [ -71.142058975547016, 42.122640283890291 ], [ -71.145729977698096, 42.125123277413238 ], [ -71.147318978309514, 42.126709272050761 ], [ -71.148364978233687, 42.128455265012846 ], [ -71.148770976308043, 42.131802248953079 ], [ -71.150180974914392, 42.136149229494855 ], [ -71.149810973751855, 42.137163223841974 ] ] ] } },
{ "type": "Feature", "properties": { "STATEFP": "25", "COUNTYFP": "021", "COUSUBFP": "82315", "NAME": "Wrentham", "NAMELSAD": "Wrentham town", "GEOID": "2502182315" }, "geometry": { "type": "Polygon", "coordinates": [ [ [ -71.455904678890064, 42.03489594746263 ], [ -71.415910758509625, 42.038500922849785 ], [ -71.388272812935952, 42.041000905339637 ], [ -71.378165842562126, 42.056473829296088 ], [ -71.365302878688297, 42.076222731009189 ], [ -71.359272897459931, 42.089521664944741 ], [ -71.324387957786016, 42.089993650648879 ], [ -71.315803972616663, 42.090119647068619 ], [ -71.303713992135201, 42.086993658467584 ], [ -71.285082022818415, 42.082393675344264 ], [ -71.287702016307719, 42.07693170363234 ], [ -71.287561015485096, 42.0738947188472 ], [ -71.28710001272637, 42.063707769902685 ], [ -71.289442006819783, 42.059102793654105 ], [ -71.289084002436326, 42.045041864147365 ], [ -71.305394969827546, 42.040432890697261 ], [ -71.314050952301002, 42.037978904660214 ], [ -71.319549941088866, 42.036421913460615 ], [ -71.34741888333329, 42.02854395728 ], [ -71.381401810691145, 42.018799009752513 ], [ -71.41441935973188, 42.01835322438982 ], [ -71.424357648741307, 42.018219042888603 ], [ -71.45810417739186, 42.017763415121813 ], [ -71.455904678890064, 42.03489594746263 ] ] ] } },
{ "type": "Feature", "properties": { "STATEFP": "25", "COUNTYFP": "013", "COUSUBFP": "00840", "NAME": "Agawam Town", "NAMELSAD": "Agawam Town city", "GEOID": "2501300840" }, "geometry": { "type": "Polygon", "coordinates": [ [ [ -72.71311855521725, 42.038907463383374 ], [ -72.712460559797606, 42.041223464138248 ], [ -72.712618564247023, 42.043940464917867 ], [ -72.710974575781478, 42.049805466890923 ], [ -72.709554580985667, 42.052074467799336 ], [ -72.708074588250028, 42.055542469114947 ], [ -72.707629594903892, 42.059244470349455 ], [ -72.707828598673046, 42.061595471045486 ], [ -72.708077603302058, 42.064483471894711 ], [ -72.706153620181965, 42.073469475152095 ], [ -72.706729620199368, 42.073791475115215 ], [ -72.705988632630849, 42.080796477527763 ], [ -72.705649635192728, 42.082143478049858 ], [ -72.702865647001076, 42.087732480658225 ], [ -72.701962653304093, 42.091037482027708 ], [ -72.700658658120659, 42.093252483178262 ], [ -72.697176673369981, 42.100651486879428 ], [ -72.695728678523238, 42.103032488226894 ], [ -72.695418681740975, 42.104823488978141 ], [ -72.694938683646896, 42.10573648947927 ], [ -72.694868683947519, 42.105883489557627 ], [ -72.688685689638859, 42.106233491933736 ], [ -72.685046693924917, 42.107018493570003 ], [ -72.683257695324741, 42.106971494207258 ], [ -72.682660694748137, 42.10631149415785 ], [ -72.682208687414004, 42.101550492378891 ], [ -72.681441686673168, 42.100694492292575 ], [ -72.680177688168612, 42.100962492837645 ], [ -72.676711690356981, 42.100511493836748 ], [ -72.675716687830132, 42.098412493269294 ], [ -72.673245684254653, 42.094862492526936 ], [ -72.670283684360655, 42.09333449278585 ], [ -72.668391682783096, 42.091312492452069 ], [ -72.666317677081423, 42.086566490869387 ], [ -72.663890676228959, 42.084672490669426 ], [ -72.661519678529558, 42.084807491405591 ], [ -72.660754682339942, 42.086811492602081 ], [ -72.661428686016308, 42.089534493730397 ], [ -72.660520691536604, 42.09255849548488 ], [ -72.659223696536785, 42.095045497120346 ], [ -72.65736370085456, 42.096797498597802 ], [ -72.654704704386035, 42.097616499890066 ], [ -72.651430707693308, 42.09795950115506 ], [ -72.64905671123411, 42.098954502475273 ], [ -72.643500716577336, 42.099379504580305 ], [ -72.639401719286511, 42.098882505683349 ], [ -72.638634719826271, 42.098810505900062 ], [ -72.636187722797743, 42.099410507070949 ], [ -72.633347727008854, 42.100622508748955 ], [ -72.630846728523807, 42.100227509368736 ], [ -72.629515725340127, 42.097332508067609 ], [ -72.631089720775634, 42.095167506247599 ], [ -72.628974716589411, 42.091132504474366 ], [ -72.626818716575855, 42.089863504354156 ], [ -72.620913718463498, 42.087653504727918 ], [ -72.613493724790899, 42.087546506838244 ], [ -72.609560729755259, 42.088609508717369 ], [ -72.605331732140328, 42.087698509340768 ], [ -72.601296733250379, 42.085993509313099 ], [ -72.598842745526753, 42.093172515200273 ], [ -72.595871749043297, 42.093858516638214 ], [ -72.593725750134411, 42.093321516921378 ], [ -72.591762750011526, 42.092021516567584 ], [ -72.588522754485496, 42.093234518495905 ], [ -72.584911751550308, 42.088842516233704 ], [ -72.584111749712122, 42.086996515038031 ], [ -72.582692743505376, 42.081557511196223 ], [ -72.582709741057954, 42.079781509802174 ], [ -72.58358273802979, 42.078142508294448 ], [ -72.587890728627869, 42.074138504127355 ], [ -72.588764726484598, 42.073163503174207 ], [ -72.58938272457344, 42.072190502289359 ], [ -72.591812718694456, 42.069560499748619 ], [ -72.600450694068144, 42.057758489350533 ], [ -72.603419684434556, 42.052962485432651 ], [ -72.606379674265384, 42.047835481393655 ], [ -72.607336669070051, 42.044856479200803 ], [ -72.607983660103088, 42.039041475117962 ], [ -72.607990619052345, 42.030797104411036 ], [ -72.616903242357637, 42.031202212078 ], [ -72.616904280544759, 42.031202259266948 ], [ -72.643133615002213, 42.032394467517719 ], [ -72.672962943443622, 42.034876620024619 ], [ -72.68607968868821, 42.035968087994064 ], [ -72.695926568831993, 42.036787464531095 ], [ -72.699402551985443, 42.03675305879225 ], [ -72.712826990589704, 42.036620181940357 ], [ -72.714557507122706, 42.036603053061988 ], [ -72.71311855521725, 42.038907463383374 ] ] ] } },
{ "type": "Feature", "properties": { "STATEFP": "25", "COUNTYFP": "013", "COUSUBFP": "06085", "NAME": "Blandford", "NAMELSAD": "Blandford town", "GEOID": "2501306085" }, "geometry": { "type": "Polygon", "coordinates": [ [ [ -73.00786644032469, 42.238408993562437 ], [ -73.004293442961981, 42.251347001513693 ], [ -73.00184944316976, 42.251016999448119 ], [ -72.912301594686198, 42.239132812394907 ], [ -72.872179643736686, 42.216438718656249 ], [ -72.873839634827903, 42.209430717429974 ], [ -72.880687601461219, 42.182423712673504 ], [ -72.895662538172644, 42.123916697753494 ], [ -72.98191246133014, 42.136693844474422 ], [ -73.034919437816797, 42.143651917228993 ], [ -73.00786644032469, 42.238408993562437 ] ] ] } },
{ "type": "Feature", "properties": { "STATEFP": "25", "COUNTYFP": "013", "COUSUBFP": "13660", "NAME": "Chicopee", "NAMELSAD": "Chicopee city", "GEOID": "2501313660" }, "geometry": { "type": "Polygon", "coordinates": [ [ [ -72.628517836295686, 42.171510553653789 ], [ -72.62825783955283, 42.173589555082657 ], [ -72.627901842441432, 42.175379556398589 ], [ -72.626132852091217, 42.181124561058802 ], [ -72.625052855579568, 42.183020562937372 ], [ -72.623744858663841, 42.184551564752532 ], [ -72.622450860742006, 42.185410566148121 ], [ -72.621248862317131, 42.185969567299679 ], [ -72.614508869665954, 42.188123573200585 ], [ -72.609858874952224, 42.189789577457738 ], [ -72.606169879484483, 42.191367581054422 ], [ -72.601257887655876, 42.195009587009473 ], [ -72.597532892977114, 42.1971915911938 ], [ -72.591713901925587, 42.201115598238424 ], [ -72.590311906313417, 42.203680601182157 ], [ -72.590475910390438, 42.206684603324824 ], [ -72.591389913244157, 42.209113604468065 ], [ -72.593447915484404, 42.211556604735726 ], [ -72.572201930464729, 42.213803622727248 ], [ -72.546355948303813, 42.216488645053566 ], [ -72.541263951738102, 42.21698664948461 ], [ -72.524289963200715, 42.218733664480176 ], [ -72.517951933999825, 42.191683641718647 ], [ -72.515343922240518, 42.180558631984091 ], [ -72.513908915825411, 42.174431626528872 ], [ -72.518736912001216, 42.173888622978602 ], [ -72.517593906239739, 42.168489618139525 ], [ -72.516502900782925, 42.163347613489059 ], [ -72.515976898099694, 42.160816611178241 ], [ -72.521498894774751, 42.161216608440576 ], [ -72.524735891373396, 42.16026060563717 ], [ -72.528735886192734, 42.158304601441841 ], [ -72.533376881790318, 42.157365597935616 ], [ -72.535800880236479, 42.157477596694903 ], [ -72.537221876519297, 42.155307593835197 ], [ -72.539481874378325, 42.154871592183838 ], [ -72.540322874384117, 42.155345592170391 ], [ -72.540814876823532, 42.157548593971036 ], [ -72.548872866846949, 42.154163586405211 ], [ -72.563378848555203, 42.148079573310497 ], [ -72.564285847394657, 42.147697572512421 ], [ -72.568037842582484, 42.146122569243104 ], [ -72.574721833937431, 42.143317563529692 ], [ -72.581957824466556, 42.140276557499952 ], [ -72.591603811689026, 42.136236549729659 ], [ -72.593360809322263, 42.13548754833613 ], [ -72.600220800079697, 42.132606543021076 ], [ -72.608278789086626, 42.129215536962917 ], [ -72.611611784506181, 42.12781753452029 ], [ -72.613237782271838, 42.12714153334538 ], [ -72.617973775688782, 42.125142529950864 ], [ -72.621480770967139, 42.123787527562833 ], [ -72.618231780831906, 42.128806532215776 ], [ -72.615793789303069, 42.133345536296275 ], [ -72.615256793151332, 42.135716538111197 ], [ -72.614967796084159, 42.13758853948589 ], [ -72.618362802467402, 42.143705541815834 ], [ -72.618500802541348, 42.143825541823908 ], [ -72.620207803548681, 42.145368541951086 ], [ -72.622418804288998, 42.146969541834686 ], [ -72.625784805779091, 42.14962954174451 ], [ -72.627035807405079, 42.151334542134897 ], [ -72.627713810786972, 42.153942543372239 ], [ -72.627851811712432, 42.15463254371997 ], [ -72.627341823033419, 42.162031548545258 ], [ -72.627504823742356, 42.162585548791853 ], [ -72.628609828389983, 42.166226550375761 ], [ -72.628517836295686, 42.171510553653789 ] ] ] } },
{ "type": "Feature", "properties": { "STATEFP": "25", "COUNTYFP": "013", "COUSUBFP": "36300", "NAME": "Longmeadow", "NAMELSAD": "Longmeadow town", "GEOID": "2501336300" }, "geometry": { "type": "Polygon", "coordinates": [ [ [ -72.607983660103088, 42.039041475117962 ], [ -72.607336669070051, 42.044856479200803 ], [ -72.606379674265384, 42.047835481393655 ], [ -72.603419684434556, 42.052962485432651 ], [ -72.600450694068144, 42.057758489350533 ], [ -72.591812718694456, 42.069560499748619 ], [ -72.58938272457344, 42.072190502289359 ], [ -72.587187725993402, 42.071768502484083 ], [ -72.580641730545608, 42.070722503191313 ], [ -72.57399973521494, 42.06967250386554 ], [ -72.555528748360445, 42.066734505448856 ], [ -72.536638762092593, 42.063735506651398 ], [ -72.535534755758121, 42.057849501227793 ], [ -72.535344754581175, 42.056764500220297 ], [ -72.531494130127001, 42.033984687915193 ], [ -72.550110871203657, 42.032269961152721 ], [ -72.55285791010823, 42.032016940457424 ], [ -72.553054266672092, 42.031998854701996 ], [ -72.560958408867663, 42.031270830256119 ], [ -72.560974944322368, 42.031269307230048 ], [ -72.563426472389665, 42.031043505080554 ], [ -72.573230682719725, 42.030140471703078 ], [ -72.574189002887522, 42.02956701537024 ], [ -72.582331666003498, 42.024694466726871 ], [ -72.589825949412869, 42.024694466297461 ], [ -72.590232657854159, 42.024694466274163 ], [ -72.60693264105835, 42.024994465524671 ], [ -72.606955698550749, 42.025128198100248 ], [ -72.607932648337766, 42.030794469453774 ], [ -72.607990619052345, 42.030797104411036 ], [ -72.607983660103088, 42.039041475117962 ] ] ] } },
{ "type": "Feature", "properties": { "STATEFP": "25", "COUNTYFP": "013", "COUSUBFP": "65825", "NAME": "Southwick", "NAMELSAD": "Southwick town", "GEOID": "2501365825" }, "geometry": { "type": "Polygon", "coordinates": [ [ [ -72.83894152691262, 42.069263583080442 ], [ -72.835730534717058, 42.074507581296174 ], [ -72.8344865396774, 42.078123581323233 ], [ -72.832405548118714, 42.08417158129145 ], [ -72.833438559551624, 42.094329587519553 ], [ -72.837211566088953, 42.102217596762969 ], [ -72.810838580135311, 42.097919556474359 ], [ -72.76311660137651, 42.090123485763115 ], [ -72.744962609220408, 42.087162468170021 ], [ -72.723205622154353, 42.083619473626719 ], [ -72.705988632630849, 42.080796477527763 ], [ -72.706729620199368, 42.073791475115215 ], [ -72.706153620181965, 42.073469475152095 ], [ -72.708077603302058, 42.064483471894711 ], [ -72.707828598673046, 42.061595471045486 ], [ -72.707629594903892, 42.059244470349455 ], [ -72.708074588250028, 42.055542469114947 ], [ -72.709554580985667, 42.052074467799336 ], [ -72.710974575781478, 42.049805466890923 ], [ -72.712618564247023, 42.043940464917867 ], [ -72.712460559797606, 42.041223464138248 ], [ -72.71311855521725, 42.038907463383374 ], [ -72.714557507122706, 42.036603053061988 ], [ -72.719252336570818, 42.036556583028769 ], [ -72.755837512014409, 42.036194465967164 ], [ -72.757537506511142, 42.033294467502053 ], [ -72.753537505423836, 42.032094462492395 ], [ -72.751737502496127, 42.030194460032433 ], [ -72.754037493508534, 42.025394461960914 ], [ -72.757466485103251, 42.020946465172131 ], [ -72.758150484846169, 42.02086446594727 ], [ -72.76055748612265, 42.021845468917284 ], [ -72.762150485301291, 42.021526470699527 ], [ -72.76230948229481, 42.019774470532788 ], [ -72.76135347972982, 42.018182469119601 ], [ -72.759737477927843, 42.016994467043354 ], [ -72.761237473618479, 42.014594468283057 ], [ -72.76323747032437, 42.012794470178584 ], [ -72.763264465151138, 42.009741469586572 ], [ -72.766138461474426, 42.007694472344646 ], [ -72.76673845358853, 42.002994471987243 ], [ -72.770644713054722, 42.002572616896053 ], [ -72.774758840437954, 42.002128313172818 ], [ -72.794899693903602, 41.999953208770691 ], [ -72.816740447671037, 41.997594527013135 ], [ -72.816735190892274, 41.997658428042165 ], [ -72.813540496367779, 42.036493536103251 ], [ -72.834969429846041, 42.0367486610782 ], [ -72.834127516449882, 42.058328571452058 ], [ -72.836555520043603, 42.062319576530641 ], [ -72.83894152691262, 42.069263583080442 ] ] ] } },
{ "type": "Feature", "properties": { "STATEFP": "25", "COUNTYFP": "013", "COUSUBFP": "67000", "NAME": "Springfield", "NAMELSAD": "Springfield city", "GEOID": "2501367000" }, "geometry": { "type": "Polygon", "coordinates": [ [ [ -72.62198176766087, 42.12180252608762 ], [ -72.621480770967139, 42.123787527562833 ], [ -72.617973775688782, 42.125142529950864 ], [ -72.613237782271838, 42.12714153334538 ], [ -72.611611784506181, 42.12781753452029 ], [ -72.608278789086626, 42.129215536962917 ], [ -72.600220800079697, 42.132606543021076 ], [ -72.593360809322263, 42.13548754833613 ], [ -72.591603811689026, 42.136236549729659 ], [ -72.581957824466556, 42.140276557499952 ], [ -72.574721833937431, 42.143317563529692 ], [ -72.568037842582484, 42.146122569243104 ], [ -72.564285847394657, 42.147697572512421 ], [ -72.563378848555203, 42.148079573310497 ], [ -72.548872866846949, 42.154163586405211 ], [ -72.540814876823532, 42.157548593971036 ], [ -72.540322874384117, 42.155345592170391 ], [ -72.539481874378325, 42.154871592183838 ], [ -72.537221876519297, 42.155307593835197 ], [ -72.535800880236479, 42.157477596694903 ], [ -72.533376881790318, 42.157365597935616 ], [ -72.528735886192734, 42.158304601441841 ], [ -72.524735891373396, 42.16026060563717 ], [ -72.521498894774751, 42.161216608440576 ], [ -72.515976898099694, 42.160816611178241 ], [ -72.513832899717173, 42.160931612518176 ], [ -72.510528901529568, 42.160538613985842 ], [ -72.506220906281001, 42.162045618045497 ], [ -72.504484907672193, 42.162214619223434 ], [ -72.497044912814872, 42.161337622773083 ], [ -72.492531917450009, 42.161275625654717 ], [ -72.489765921241641, 42.162058628351424 ], [ -72.488925921545672, 42.161564628340926 ], [ -72.489886918365329, 42.159683625577927 ], [ -72.489464918062481, 42.159041625121738 ], [ -72.48762892102512, 42.159945627339013 ], [ -72.486634921553545, 42.159505627478545 ], [ -72.488099918237722, 42.157961624768788 ], [ -72.484707920134568, 42.156537625295414 ], [ -72.484594920236475, 42.156523625350935 ], [ -72.484338919135766, 42.155339624143686 ], [ -72.483919917134699, 42.153228621961901 ], [ -72.483039913047222, 42.148892617469684 ], [ -72.480835902768277, 42.137984606026436 ], [ -72.478552892140016, 42.126683593965133 ], [ -72.476503882627341, 42.116547582969936 ], [ -72.473803870105755, 42.103179568210329 ], [ -72.471086857529357, 42.089721553055362 ], [ -72.479621847118835, 42.088637548676701 ], [ -72.490966833263982, 42.087192542967898 ], [ -72.503519818630409, 42.085612537040021 ], [ -72.516089805748479, 42.084085531863472 ], [ -72.528274793139914, 42.082581526959785 ], [ -72.534357786815889, 42.081834524567036 ], [ -72.539552781410819, 42.081207522560966 ], [ -72.536638762092593, 42.063735506651398 ], [ -72.555528748360445, 42.066734505448856 ], [ -72.57399973521494, 42.06967250386554 ], [ -72.580641730545608, 42.070722503191313 ], [ -72.587187725993402, 42.071768502484083 ], [ -72.58938272457344, 42.072190502289359 ], [ -72.588764726484598, 42.073163503174207 ], [ -72.587890728627869, 42.074138504127355 ], [ -72.58358273802979, 42.078142508294448 ], [ -72.582709741057954, 42.079781509802174 ], [ -72.582692743505376, 42.081557511196223 ], [ -72.584111749712122, 42.086996515038031 ], [ -72.584911751550308, 42.088842516233704 ], [ -72.588522754485496, 42.093234518495905 ], [ -72.589821755158553, 42.094524519061437 ], [ -72.591989756371646, 42.096728520015375 ], [ -72.596320757332691, 42.100038521014334 ], [ -72.603790755927463, 42.103475520886597 ], [ -72.610508754454102, 42.106344520456346 ], [ -72.614194754849692, 42.108721520691766 ], [ -72.615208755117266, 42.1094795208137 ], [ -72.616271755963552, 42.110660521188827 ], [ -72.61717575676343, 42.111716521534134 ], [ -72.619127758506579, 42.113996522255128 ], [ -72.620719760045105, 42.115924522862173 ], [ -72.622131765422338, 42.120358525108593 ], [ -72.62198176766087, 42.12180252608762 ] ] ] } },
{ "type": "Feature", "properties": { "STATEFP": "25", "COUNTYFP": "011", "COUSUBFP": "16670", "NAME": "Deerfield", "NAMELSAD": "Deerfield town", "GEOID": "2501116670" }, "geometry": { "type": "Polygon", "coordinates": [ [ [ -72.675419133633198, 42.553025786673487 ], [ -72.655344112819719, 42.555234804954196 ], [ -72.651974102822351, 42.568629818798122 ], [ -72.638879084862523, 42.570017832306078 ], [ -72.63682107593003, 42.577984841666591 ], [ -72.629741064800115, 42.578737849495383 ], [ -72.624015064634918, 42.570608846947273 ], [ -72.622483062129589, 42.57104884885527 ], [ -72.620826060630037, 42.570387849741259 ], [ -72.617913057285961, 42.569932852014716 ], [ -72.615874054237267, 42.570236854267584 ], [ -72.613088051108733, 42.569784856405363 ], [ -72.60878804510952, 42.570043860751973 ], [ -72.605392038229468, 42.571767865952324 ], [ -72.602868034763347, 42.571801868407384 ], [ -72.601474034393533, 42.570765868515089 ], [ -72.600073036284329, 42.56824686683813 ], [ -72.59647403442635, 42.566474868029971 ], [ -72.594664032453963, 42.566291869467797 ], [ -72.592854026180603, 42.568750874191693 ], [ -72.591319022336776, 42.569866877029675 ], [ -72.579807005010352, 42.571014889425712 ], [ -72.579240003655386, 42.571328890386894 ], [ -72.578088997510619, 42.573723894720835 ], [ -72.578137988440744, 42.578487901108858 ], [ -72.575084982155602, 42.579374905394602 ], [ -72.574771981608308, 42.579413905764767 ], [ -72.570417976263172, 42.578835909356464 ], [ -72.565260972292265, 42.577120912077099 ], [ -72.562042971033804, 42.575581913023328 ], [ -72.561086971771388, 42.574646912587042 ], [ -72.559947979410467, 42.570575907671078 ], [ -72.557155985348416, 42.566423904086626 ], [ -72.556145993567227, 42.562379898915111 ], [ -72.555796011102871, 42.554747887696458 ], [ -72.557882021537196, 42.551156880582987 ], [ -72.560010029491593, 42.548546874996241 ], [ -72.562480040030721, 42.544807867573326 ], [ -72.563921048625929, 42.54143586157425 ], [ -72.566186057373287, 42.538173855212989 ], [ -72.568743068518046, 42.533722847068937 ], [ -72.568818074073803, 42.531097843296479 ], [ -72.568267079873763, 42.528200839545242 ], [ -72.567038087094716, 42.524522835077441 ], [ -72.563374096649696, 42.519460829971827 ], [ -72.556453109119389, 42.513123824460095 ], [ -72.555162114668434, 42.510657821416984 ], [ -72.555307119261201, 42.50872281841157 ], [ -72.556767124649937, 42.506494814322707 ], [ -72.567047138407816, 42.498410799090024 ], [ -72.568111137473352, 42.497003797808418 ], [ -72.569645133252195, 42.490471793355916 ], [ -72.570873131424165, 42.48771179119327 ], [ -72.570717128901819, 42.483743788971623 ], [ -72.571203127667005, 42.481860787651129 ], [ -72.573978125571458, 42.478901784599309 ], [ -72.575847124885371, 42.478054783200221 ], [ -72.581899120543071, 42.472141776731299 ], [ -72.584856117283465, 42.467601772524944 ], [ -72.585455116718151, 42.466833771758644 ], [ -72.59400211520051, 42.465788766797523 ], [ -72.609232112454137, 42.46397475790679 ], [ -72.611145117360039, 42.471179761634858 ], [ -72.61472311680609, 42.470840759634889 ], [ -72.623731115353308, 42.469932754543073 ], [ -72.623614114718833, 42.469047754003363 ], [ -72.631496113424319, 42.468268749521279 ], [ -72.632426116766212, 42.47287675224343 ], [ -72.656227112526366, 42.4700307384065 ], [ -72.662769111330846, 42.469261734569393 ], [ -72.660734120741125, 42.480904744252165 ], [ -72.648748120180613, 42.529409788647122 ], [ -72.652227119907977, 42.533823789995331 ], [ -72.655650119289035, 42.540411792894957 ], [ -72.661018122118705, 42.544186791823677 ], [ -72.66327512285369, 42.548353793200015 ], [ -72.664120123414392, 42.54914979311858 ], [ -72.669244127755448, 42.551452790654572 ], [ -72.672391130752089, 42.55172178828272 ], [ -72.675419133633198, 42.553025786673487 ] ] ] } },
{ "type": "Feature", "properties": { "STATEFP": "25", "COUNTYFP": "011", "COUSUBFP": "27060", "NAME": "Greenfield", "NAMELSAD": "Greenfield city", "GEOID": "2501127060" }, "geometry": { "type": "Polygon", "coordinates": [ [ [ -72.642501064859772, 42.607003861815258 ], [ -72.638541044812882, 42.623043881338262 ], [ -72.633040012855602, 42.645350909991045 ], [ -72.620897977435533, 42.646871929591796 ], [ -72.615636961948212, 42.647461938091922 ], [ -72.585794871645504, 42.650907987276668 ], [ -72.554117771113923, 42.654697041295648 ], [ -72.543675737311531, 42.655808059258426 ], [ -72.540784729074645, 42.655661063525393 ], [ -72.541265738607862, 42.652585057809517 ], [ -72.539958739248377, 42.650908057092408 ], [ -72.541330749230511, 42.648621051310826 ], [ -72.540757757112928, 42.645022046349773 ], [ -72.542465761201697, 42.645271044220067 ], [ -72.544534769716876, 42.644195039439829 ], [ -72.545751772556898, 42.644398037965871 ], [ -72.547922784658638, 42.641960030939657 ], [ -72.549134789792248, 42.641217028013287 ], [ -72.549065797840811, 42.637899022941149 ], [ -72.546825798125212, 42.635448022284358 ], [ -72.548431809331248, 42.632622015597534 ], [ -72.550042815216258, 42.631890012218506 ], [ -72.551361822349349, 42.630327007978067 ], [ -72.550689824697599, 42.628686006363573 ], [ -72.551697831251374, 42.627009002405806 ], [ -72.549711827548862, 42.626558004390198 ], [ -72.548919828184466, 42.625532003858041 ], [ -72.550061833290172, 42.624570000833131 ], [ -72.549253848773645, 42.617546990972833 ], [ -72.551859859854233, 42.615388984304587 ], [ -72.5522458616569, 42.614994983209506 ], [ -72.552685869374159, 42.612194978359973 ], [ -72.558013882726527, 42.611344970449835 ], [ -72.561590895065692, 42.609222962896297 ], [ -72.566750912308251, 42.606179952217225 ], [ -72.571573930180818, 42.602207940862364 ], [ -72.576460950073098, 42.596880927861605 ], [ -72.579182957661232, 42.595522922943523 ], [ -72.580910961335533, 42.595233920611648 ], [ -72.582786967756221, 42.593577916319589 ], [ -72.582989974718203, 42.589958911330477 ], [ -72.580707975132015, 42.587652910738377 ], [ -72.580655975266168, 42.587534910636769 ], [ -72.580216975972277, 42.586770910085662 ], [ -72.57954698655935, 42.580588902509888 ], [ -72.578363987991537, 42.578897901434942 ], [ -72.578137988440744, 42.578487901108858 ], [ -72.578088997510619, 42.573723894720835 ], [ -72.579240003655386, 42.571328890386894 ], [ -72.579807005010352, 42.571014889425712 ], [ -72.591319022336776, 42.569866877029675 ], [ -72.592854026180603, 42.568750874191693 ], [ -72.594664032453963, 42.566291869467797 ], [ -72.59647403442635, 42.566474868029971 ], [ -72.600073036284329, 42.56824686683813 ], [ -72.601474034393533, 42.570765868515089 ], [ -72.602868034763347, 42.571801868407384 ], [ -72.605392038229468, 42.571767865952324 ], [ -72.60878804510952, 42.570043860751973 ], [ -72.613088051108733, 42.569784856405363 ], [ -72.615874054237267, 42.570236854267584 ], [ -72.617913057285961, 42.569932852014716 ], [ -72.620826060630037, 42.570387849741259 ], [ -72.622483062129589, 42.57104884885527 ], [ -72.624015064634918, 42.570608846947273 ], [ -72.629741064800115, 42.578737849495383 ], [ -72.63682107593003, 42.577984841666591 ], [ -72.649929095841401, 42.576873827610669 ], [ -72.642501064859772, 42.607003861815258 ] ] ] } },
{ "type": "Feature", "properties": { "STATEFP": "25", "COUNTYFP": "011", "COUSUBFP": "29650", "NAME": "Heath", "NAMELSAD": "Heath town", "GEOID": "2501129650" }, "geometry": { "type": "Polygon", "coordinates": [ [ [ -72.85765881454077, 42.737614355837906 ], [ -72.809113336917733, 42.736580736319368 ], [ -72.806958130274253, 42.736520935658191 ], [ -72.791076807305899, 42.736080275528934 ], [ -72.772647313097366, 42.658333736427579 ], [ -72.821506194860888, 42.636876732601394 ], [ -72.835707166810707, 42.63506973204624 ], [ -72.836201168889616, 42.637788732005006 ], [ -72.842793157099749, 42.638097731726219 ], [ -72.842273167206699, 42.646613731598954 ], [ -72.850985151441762, 42.647129731106688 ], [ -72.851206151043428, 42.647144731093967 ], [ -72.854215163447208, 42.664651730306502 ], [ -72.855425161064574, 42.664614730208918 ], [ -72.857661166253308, 42.67396972964616 ], [ -72.859584171675408, 42.683086729065309 ], [ -72.854034182930704, 42.683206729668711 ], [ -72.864300737233208, 42.737755774168328 ], [ -72.85765881454077, 42.737614355837906 ] ] ] } },
{ "type": "Feature", "properties": { "STATEFP": "25", "COUNTYFP": "011", "COUSUBFP": "51265", "NAME": "Orange", "NAMELSAD": "Orange town", "GEOID": "2501151265" }, "geometry": { "type": "Polygon", "coordinates": [ [ [ -72.36476678677046, 42.609425718689245 ], [ -72.319862774373448, 42.614731606387814 ], [ -72.318427773971138, 42.614900602666737 ], [ -72.318974763453795, 42.617782600691434 ], [ -72.321566713522117, 42.631477592013887 ], [ -72.311186709930112, 42.632835561833552 ], [ -72.312822680821043, 42.640801556346176 ], [ -72.301885679849264, 42.641426523757644 ], [ -72.303379652701494, 42.648840517604249 ], [ -72.29316464748463, 42.650580483854874 ], [ -72.294245629316279, 42.655529479393543 ], [ -72.295397609996229, 42.660795474850893 ], [ -72.283203605117976, 42.662456432478351 ], [ -72.285535564910205, 42.673391421305176 ], [ -72.271955561369396, 42.6746713719807 ], [ -72.258536559724476, 42.675423323778482 ], [ -72.257324587409101, 42.667939335984393 ], [ -72.243494602027297, 42.669247307349913 ], [ -72.242108634170222, 42.661641324811704 ], [ -72.229479666916262, 42.662665320515543 ], [ -72.224931768201458, 42.638936375254914 ], [ -72.229077758289776, 42.638353377177268 ], [ -72.22821176771528, 42.636493381400882 ], [ -72.226451778591937, 42.634945384779598 ], [ -72.225313798695623, 42.63042539518564 ], [ -72.227796806025808, 42.626497404675831 ], [ -72.231175798508971, 42.625861406588363 ], [ -72.230544808068899, 42.623781411359225 ], [ -72.229065811589621, 42.623998410667646 ], [ -72.229855816383534, 42.622083415233639 ], [ -72.227549823168673, 42.622073414970735 ], [ -72.228334832806596, 42.6188574225731 ], [ -72.227762844262031, 42.616222428653465 ], [ -72.229945844670965, 42.614387433195922 ], [ -72.231959840388868, 42.61394943445643 ], [ -72.238408818993193, 42.61461943366232 ], [ -72.240008817629018, 42.613720435943598 ], [ -72.251772793902575, 42.612138445072688 ], [ -72.254744795396363, 42.611613453417775 ], [ -72.25331081877583, 42.605335464177422 ], [ -72.25632881909398, 42.605121471584226 ], [ -72.258809823871573, 42.603719480317181 ], [ -72.260046833167323, 42.601142488663022 ], [ -72.262154836112444, 42.600250495241418 ], [ -72.265446832985305, 42.600956501068545 ], [ -72.267063833254966, 42.600812504955982 ], [ -72.263060897852341, 42.583432532528313 ], [ -72.261332925813377, 42.575921545175966 ], [ -72.26346392528697, 42.575956548938194 ], [ -72.265397918843874, 42.577610549015553 ], [ -72.268613917290509, 42.577871554372599 ], [ -72.270003922671293, 42.576336559960282 ], [ -72.271390922648038, 42.576272562591619 ], [ -72.271811915125554, 42.578300559397391 ], [ -72.273225911045586, 42.579341559994255 ], [ -72.273844917935534, 42.577432564800915 ], [ -72.275071920422263, 42.576692568442795 ], [ -72.276433917672776, 42.57737356963726 ], [ -72.276659943055606, 42.570437583005464 ], [ -72.27409997241719, 42.562567593676732 ], [ -72.273589978275766, 42.560998595886282 ], [ -72.271352029286859, 42.54722661938478 ], [ -72.356790005510859, 42.548701730930858 ], [ -72.353789829467459, 42.597981699157074 ], [ -72.357083825840732, 42.598843705877393 ], [ -72.359314826598052, 42.598530710904868 ], [ -72.362300837945853, 42.595221718808425 ], [ -72.36476678677046, 42.609425718689245 ] ] ] } },
{ "type": "Feature", "properties": { "STATEFP": "25", "COUNTYFP": "011", "COUSUBFP": "61135", "NAME": "Shelburne", "NAMELSAD": "Shelburne town", "GEOID": "2501161135" }, "geometry": { "type": "Polygon", "coordinates": [ [ [ -72.740382261030902, 42.604375742977354 ], [ -72.738330261196936, 42.607945746150122 ], [ -72.737060264898673, 42.613370748853463 ], [ -72.73542926451573, 42.616145751525082 ], [ -72.73543726660283, 42.617973751926762 ], [ -72.737239272650328, 42.619681749969494 ], [ -72.737317274134796, 42.620799750104986 ], [ -72.735461276071462, 42.626286753767495 ], [ -72.736889280366057, 42.627020752001762 ], [ -72.73701528302368, 42.629043752264351 ], [ -72.735114282913813, 42.633107755787556 ], [ -72.734357281084073, 42.633193756864216 ], [ -72.633040012855602, 42.645350909991045 ], [ -72.638541044812882, 42.623043881338262 ], [ -72.642501064859772, 42.607003861815258 ], [ -72.649929095841401, 42.576873827610669 ], [ -72.63682107593003, 42.577984841666591 ], [ -72.638879084862523, 42.570017832306078 ], [ -72.651974102822351, 42.568629818798122 ], [ -72.655344112819719, 42.555234804954196 ], [ -72.675419133633198, 42.553025786673487 ], [ -72.678750137024366, 42.555827785700757 ], [ -72.679767138289989, 42.559691787253463 ], [ -72.679443138007329, 42.561423788619713 ], [ -72.680169138922949, 42.562721788784536 ], [ -72.681640140679676, 42.562982787631476 ], [ -72.685953145709377, 42.562548783524136 ], [ -72.691558152721356, 42.564061779346559 ], [ -72.694955156859038, 42.564194776351869 ], [ -72.699637162150026, 42.563371771729244 ], [ -72.703102166671044, 42.564151768978064 ], [ -72.704918169462815, 42.565264767833185 ], [ -72.706604172805356, 42.567485767257011 ], [ -72.707393176146951, 42.57146176821994 ], [ -72.706856178411655, 42.576633770955688 ], [ -72.709125182675848, 42.578206769356122 ], [ -72.711236186068533, 42.578615767401878 ], [ -72.715313193470934, 42.580423763968653 ], [ -72.716624196306839, 42.58151976302748 ], [ -72.718495201998877, 42.585010762316408 ], [ -72.719334203739649, 42.585485761595848 ], [ -72.723639212309365, 42.587252757601235 ], [ -72.726793220607931, 42.590447755151288 ], [ -72.730351227924004, 42.591618751577613 ], [ -72.731431234374725, 42.595955751492305 ], [ -72.732666239220464, 42.598361750686635 ], [ -72.733010241383653, 42.59976275063201 ], [ -72.733721244261744, 42.601154750139983 ], [ -72.735948250329628, 42.602716747886966 ], [ -72.738274254333376, 42.602260745052675 ], [ -72.740269258462831, 42.60246374274714 ], [ -72.740382261030902, 42.604375742977354 ] ] ] } },
{ "type": "Feature", "properties": { "STATEFP": "25", "COUNTYFP": "011", "COUSUBFP": "73265", "NAME": "Warwick", "NAMELSAD": "Warwick town", "GEOID": "2501173265" }, "geometry": { "type": "Polygon", "coordinates": [ [ [ -72.412032608069495, 42.725446171008002 ], [ -72.32628185529731, 42.722850893323773 ], [ -72.285953388515651, 42.721630340223882 ], [ -72.283032264533489, 42.721558036272889 ], [ -72.271955561369396, 42.6746713719807 ], [ -72.285535564910205, 42.673391421305176 ], [ -72.283203605117976, 42.662456432478351 ], [ -72.295397609996229, 42.660795474850893 ], [ -72.294245629316279, 42.655529479393543 ], [ -72.29316464748463, 42.650580483854874 ], [ -72.303379652701494, 42.648840517604249 ], [ -72.301885679849264, 42.641426523757644 ], [ -72.312822680821043, 42.640801556346176 ], [ -72.311186709930112, 42.632835561833552 ], [ -72.321566713522117, 42.631477592013887 ], [ -72.318974763453795, 42.617782600691434 ], [ -72.318427773971138, 42.614900602666737 ], [ -72.319862774373448, 42.614731606387814 ], [ -72.36476678677046, 42.609425718689245 ], [ -72.377122678574437, 42.639281742898724 ], [ -72.404442437263867, 42.706655841131536 ], [ -72.412032608069495, 42.725446171008002 ] ] ] } },
{ "type": "Feature", "properties": { "STATEFP": "25", "COUNTYFP": "011", "COUSUBFP": "74525", "NAME": "Wendell", "NAMELSAD": "Wendell town", "GEOID": "2501174525" }, "geometry": { "type": "Polygon", "coordinates": [ [ [ -72.466103884842781, 42.576717914790557 ], [ -72.461836881346301, 42.577952908614883 ], [ -72.459469871891741, 42.580798907758073 ], [ -72.457014869728837, 42.581548904024153 ], [ -72.449554855276091, 42.586081894677427 ], [ -72.445776845293977, 42.58913289025741 ], [ -72.442842843331732, 42.589839884987896 ], [ -72.441216835294782, 42.592219883857823 ], [ -72.43725982940272, 42.594095877237237 ], [ -72.437014827323523, 42.594701877232779 ], [ -72.437874816147342, 42.597855881763486 ], [ -72.437499814295165, 42.598402881415893 ], [ -72.434010810115964, 42.599758874885872 ], [ -72.431770804184708, 42.601554871308615 ], [ -72.43022779413468, 42.604491870005788 ], [ -72.428170786704626, 42.606701866845341 ], [ -72.426448783639998, 42.607650863481361 ], [ -72.422279784723145, 42.607524853665353 ], [ -72.416231784871357, 42.60774683965635 ], [ -72.414095790673457, 42.606192833952043 ], [ -72.40988579893083, 42.60403682338756 ], [ -72.402627820354454, 42.598298805364202 ], [ -72.392845823416096, 42.597885784015467 ], [ -72.389334831197885, 42.595854776314582 ], [ -72.388197831035058, 42.595953773886677 ], [ -72.384692824871976, 42.597851766313809 ], [ -72.381643824471595, 42.598104759671813 ], [ -72.378597825955708, 42.597827753086371 ], [ -72.376202822094925, 42.599021747668523 ], [ -72.37356882114355, 42.59940874181008 ], [ -72.3697018254787, 42.598369733619371 ], [ -72.363909836376678, 42.595585722086916 ], [ -72.362300837945853, 42.595221718808425 ], [ -72.359314826598052, 42.598530710904868 ], [ -72.357083825840732, 42.598843705877393 ], [ -72.353789829467459, 42.597981699157074 ], [ -72.356790005510859, 42.548701730930858 ], [ -72.358182174785213, 42.501345755949053 ], [ -72.368469167980052, 42.502490761126211 ], [ -72.440884121289969, 42.510401808710668 ], [ -72.439538093044305, 42.518578815034957 ], [ -72.459641095573133, 42.516426829075854 ], [ -72.453625981068996, 42.549744861804733 ], [ -72.452753964247066, 42.554628866046599 ], [ -72.453932951231764, 42.558296871891521 ], [ -72.455562942884328, 42.560599877006879 ], [ -72.459701933003458, 42.563201886579712 ], [ -72.462376920558398, 42.566631895187065 ], [ -72.464258907174653, 42.570381903173903 ], [ -72.463809895331295, 42.573818906868496 ], [ -72.466103884842781, 42.576717914790557 ] ] ] } },
{ "type": "Feature", "properties": { "STATEFP": "25", "COUNTYFP": "011", "COUSUBFP": "09595", "NAME": "Buckland", "NAMELSAD": "Buckland town", "GEOID": "2501109595" }, "geometry": { "type": "Polygon", "coordinates": [ [ [ -72.833422144540179, 42.611178732232105 ], [ -72.831764153425311, 42.616567732225271 ], [ -72.823661170042698, 42.618624732324214 ], [ -72.819986176205333, 42.618334732366051 ], [ -72.815650182075856, 42.616806732384632 ], [ -72.811047190335017, 42.616933732433999 ], [ -72.802915204329054, 42.616659732504772 ], [ -72.797416215335261, 42.617726732611303 ], [ -72.790831229421727, 42.619676732802255 ], [ -72.783541244429912, 42.62129573302046 ], [ -72.777636254499896, 42.620968733092795 ], [ -72.77284226190848, 42.620134733097913 ], [ -72.76428227612891, 42.619427733155121 ], [ -72.759614284931629, 42.619815733261163 ], [ -72.754475295647111, 42.620964733466778 ], [ -72.751724298798905, 42.6197317333651 ], [ -72.750142299481723, 42.618231733206393 ], [ -72.747049293534516, 42.618567737060765 ], [ -72.745408291093312, 42.619525739328033 ], [ -72.745582294118336, 42.621503739404162 ], [ -72.746995299340242, 42.622938737753877 ], [ -72.743953297233759, 42.626816742416011 ], [ -72.741553292027831, 42.62730074574575 ], [ -72.736889280366057, 42.627020752001762 ], [ -72.735461276071462, 42.626286753767495 ], [ -72.737317274134796, 42.620799750104986 ], [ -72.737239272650328, 42.619681749969494 ], [ -72.73543726660283, 42.617973751926762 ], [ -72.73542926451573, 42.616145751525082 ], [ -72.737060264898673, 42.613370748853463 ], [ -72.738330261196936, 42.607945746150122 ], [ -72.740382261030902, 42.604375742977354 ], [ -72.740269258462831, 42.60246374274714 ], [ -72.738274254333376, 42.602260745052675 ], [ -72.735948250329628, 42.602716747886966 ], [ -72.733721244261744, 42.601154750139983 ], [ -72.733010241383653, 42.59976275063201 ], [ -72.732666239220464, 42.598361750686635 ], [ -72.731431234374725, 42.595955751492305 ], [ -72.730351227924004, 42.591618751577613 ], [ -72.726793220607931, 42.590447755151288 ], [ -72.723639212309365, 42.587252757601235 ], [ -72.719334203739649, 42.585485761595848 ], [ -72.742205237746148, 42.583077737040227 ], [ -72.745418217869059, 42.564269730811262 ], [ -72.775371188584501, 42.568022728734988 ], [ -72.803604139717862, 42.564563730383725 ], [ -72.848454063569434, 42.559068733606118 ], [ -72.833422144540179, 42.611178732232105 ] ] ] } },
{ "type": "Feature", "properties": { "STATEFP": "25", "COUNTYFP": "011", "COUSUBFP": "15200", "NAME": "Conway", "NAMELSAD": "Conway town", "GEOID": "2501115200" }, "geometry": { "type": "Polygon", "coordinates": [ [ [ -72.7651140693754, 42.455883686261231 ], [ -72.759111078466802, 42.456493683807757 ], [ -72.758287083894984, 42.46092568715892 ], [ -72.764300074686318, 42.460155689286708 ], [ -72.763792078813466, 42.463664691880631 ], [ -72.761762081290598, 42.463284690683032 ], [ -72.733088201317997, 42.562750741580189 ], [ -72.745418217869059, 42.564269730811262 ], [ -72.742205237746148, 42.583077737040227 ], [ -72.719334203739649, 42.585485761595848 ], [ -72.718495201998877, 42.585010762316408 ], [ -72.716624196306839, 42.58151976302748 ], [ -72.715313193470934, 42.580423763968653 ], [ -72.711236186068533, 42.578615767401878 ], [ -72.709125182675848, 42.578206769356122 ], [ -72.706856178411655, 42.576633770955688 ], [ -72.707393176146951, 42.57146176821994 ], [ -72.706604172805356, 42.567485767257011 ], [ -72.704918169462815, 42.565264767833185 ], [ -72.703102166671044, 42.564151768978064 ], [ -72.699637162150026, 42.563371771729244 ], [ -72.694955156859038, 42.564194776351869 ], [ -72.691558152721356, 42.564061779346559 ], [ -72.685953145709377, 42.562548783524136 ], [ -72.681640140679676, 42.562982787631476 ], [ -72.680169138922949, 42.562721788784536 ], [ -72.679443138007329, 42.561423788619713 ], [ -72.679767138289989, 42.559691787253463 ], [ -72.678750137024366, 42.555827785700757 ], [ -72.675419133633198, 42.553025786673487 ], [ -72.672391130752089, 42.55172178828272 ], [ -72.669244127755448, 42.551452790654572 ], [ -72.664120123414392, 42.54914979311858 ], [ -72.66327512285369, 42.548353793200015 ], [ -72.661018122118705, 42.544186791823677 ], [ -72.655650119289035, 42.540411792894957 ], [ -72.652227119907977, 42.533823789995331 ], [ -72.648748120180613, 42.529409788647122 ], [ -72.660734120741125, 42.480904744252165 ], [ -72.662769111330846, 42.469261734569393 ], [ -72.656227112526366, 42.4700307384065 ], [ -72.657374109260175, 42.466008734866179 ], [ -72.655716105690146, 42.4612507322081 ], [ -72.657400103255966, 42.458379729222109 ], [ -72.700877093806582, 42.452919702141926 ], [ -72.757758070189041, 42.445882674114273 ], [ -72.757110077384013, 42.452412679334977 ], [ -72.765937064105572, 42.451680683346829 ], [ -72.7651140693754, 42.455883686261231 ] ] ] } },
{ "type": "Feature", "properties": { "STATEFP": "25", "COUNTYFP": "003", "COUSUBFP": "30315", "NAME": "Hinsdale", "NAMELSAD": "Hinsdale town", "GEOID": "2500330315" }, "geometry": { "type": "Polygon", "coordinates": [ [ [ -73.15732846189546, 42.453508814093361 ], [ -73.129814508980758, 42.452772813566938 ], [ -73.124391518227625, 42.452628813439951 ], [ -73.115161555372751, 42.487813760970234 ], [ -73.067947641137437, 42.480106775165872 ], [ -73.071428623381635, 42.468030790372168 ], [ -73.073159620553071, 42.468402789885118 ], [ -73.079534590731626, 42.447306817543179 ], [ -73.077143594621049, 42.447160817521947 ], [ -73.076073595377082, 42.445984818952539 ], [ -73.08044857672607, 42.432698836867402 ], [ -73.077844578758999, 42.430325839563132 ], [ -73.075937578303524, 42.426456844265765 ], [ -73.077013576521949, 42.426303844661575 ], [ -73.079531570874707, 42.424216847864038 ], [ -73.081296568044237, 42.424031848448884 ], [ -73.081605568568975, 42.425205846956068 ], [ -73.083036566233289, 42.425016847476847 ], [ -73.083525564627379, 42.423979848949898 ], [ -73.079547569335858, 42.422455850179752 ], [ -73.07875656891035, 42.420591852462103 ], [ -73.081629555141632, 42.409361867916871 ], [ -73.084407551622718, 42.409838868002488 ], [ -73.091433522286707, 42.384782904066775 ], [ -73.140787464974778, 42.393107909152143 ], [ -73.135638480264987, 42.411958877894328 ], [ -73.16918543256665, 42.412755884855379 ], [ -73.15732846189546, 42.453508814093361 ] ] ] } },
{ "type": "Feature", "properties": { "STATEFP": "25", "COUNTYFP": "003", "COUSUBFP": "34970", "NAME": "Lenox", "NAMELSAD": "Lenox town", "GEOID": "2500334970" }, "geometry": { "type": "Polygon", "coordinates": [ [ [ -73.330778541644406, 42.369042015378348 ], [ -73.329305537807244, 42.369124014855409 ], [ -73.32945753548303, 42.378160996703073 ], [ -73.320836513115196, 42.378143994571957 ], [ -73.323177514967924, 42.391965967261321 ], [ -73.311105483494316, 42.39202296396298 ], [ -73.308392471787087, 42.406665933496512 ], [ -73.296514441359662, 42.404653934316926 ], [ -73.295331435910185, 42.411864919255486 ], [ -73.264108355761238, 42.407069920397163 ], [ -73.245621325867091, 42.404227921168832 ], [ -73.232558344259758, 42.402215921503021 ], [ -73.221946358923816, 42.400583921594546 ], [ -73.224536357047953, 42.391578940104026 ], [ -73.228772354748543, 42.376619971291113 ], [ -73.238405344890495, 42.371406985816307 ], [ -73.236382348998106, 42.36454499882344 ], [ -73.239686344393718, 42.368067993173611 ], [ -73.240368344463391, 42.365231999266321 ], [ -73.239986345591888, 42.362774004102903 ], [ -73.238486347288827, 42.362469004016461 ], [ -73.240667346367829, 42.357650014887916 ], [ -73.239309348171673, 42.356264017038995 ], [ -73.239931348254132, 42.353766022443345 ], [ -73.237171350951257, 42.354103020348354 ], [ -73.23925934959216, 42.351446026822714 ], [ -73.241724347307766, 42.350901029225369 ], [ -73.243547345909988, 42.349611032832975 ], [ -73.245675345344111, 42.345006043470491 ], [ -73.244733347540702, 42.340973051261678 ], [ -73.244295348710935, 42.338575055948844 ], [ -73.243728352150427, 42.329313074663119 ], [ -73.24368035248898, 42.328368076576034 ], [ -73.243597352993689, 42.32698507936675 ], [ -73.256082363258983, 42.327115084394748 ], [ -73.278164419630272, 42.327347088446757 ], [ -73.278140420314955, 42.325151092963502 ], [ -73.281325428471504, 42.325094093728403 ], [ -73.280730427476243, 42.323540096803583 ], [ -73.288278446752656, 42.323536098335751 ], [ -73.288214442203937, 42.336742071250981 ], [ -73.288153437879203, 42.349293045508126 ], [ -73.288138436829925, 42.35233603926649 ], [ -73.301643471648489, 42.352225042570289 ], [ -73.330770546736403, 42.351984049689783 ], [ -73.333624549052814, 42.368900016355077 ], [ -73.330778541644406, 42.369042015378348 ] ] ] } },
{ "type": "Feature", "properties": { "STATEFP": "25", "COUNTYFP": "003", "COUSUBFP": "51580", "NAME": "Otis", "NAMELSAD": "Otis town", "GEOID": "2500351580" }, "geometry": { "type": "Polygon", "coordinates": [ [ [ -73.162093408633638, 42.196991103507003 ], [ -73.161560399573716, 42.247603154671751 ], [ -73.12121041136956, 42.252618113600995 ], [ -73.120698410723222, 42.25121611520693 ], [ -73.122762409572715, 42.249376118405216 ], [ -73.122851409727033, 42.24810411716755 ], [ -73.121323410414234, 42.246059113535068 ], [ -73.120701410973467, 42.243182109923431 ], [ -73.092572418019941, 42.245505084682421 ], [ -73.090900419657075, 42.234175071047694 ], [ -73.079158422468183, 42.235481060820959 ], [ -73.04020443202856, 42.239809027003027 ], [ -73.036824432875065, 42.240184024076363 ], [ -73.03625843321187, 42.236152019136583 ], [ -73.00786644032469, 42.238408993562437 ], [ -73.034919437816797, 42.143651917228993 ], [ -73.071112431885069, 42.148205959606159 ], [ -73.070404432101981, 42.146955957537877 ], [ -73.07041843228518, 42.144748955193208 ], [ -73.072129432124086, 42.143547955682806 ], [ -73.07054543265167, 42.140159950419708 ], [ -73.074199432137874, 42.139790953819684 ], [ -73.077916431674353, 42.138804956629357 ], [ -73.080096431321962, 42.139118959228298 ], [ -73.087539425328401, 42.186927017637998 ], [ -73.161969411987826, 42.178670084670117 ], [ -73.162093408633638, 42.196991103507003 ] ] ] } },
{ "type": "Feature", "properties": { "STATEFP": "25", "COUNTYFP": "003", "COUSUBFP": "56795", "NAME": "Richmond", "NAMELSAD": "Richmond town", "GEOID": "2500356795" }, "geometry": { "type": "Polygon", "coordinates": [ [ [ -73.400626231866852, 42.379025386793195 ], [ -73.391555836840183, 42.403724252799783 ], [ -73.388683756380885, 42.411544984719058 ], [ -73.383565475845202, 42.425482163560254 ], [ -73.338909548152486, 42.418564918098461 ], [ -73.331259528416496, 42.417388918263114 ], [ -73.312590480307534, 42.414527918715024 ], [ -73.295331435910185, 42.411864919255486 ], [ -73.296514441359662, 42.404653934316926 ], [ -73.308392471787087, 42.406665933496512 ], [ -73.311105483494316, 42.39202296396298 ], [ -73.323177514967924, 42.391965967261321 ], [ -73.320836513115196, 42.378143994571957 ], [ -73.32945753548303, 42.378160996703073 ], [ -73.329305537807244, 42.369124014855409 ], [ -73.330778541644406, 42.369042015378348 ], [ -73.333624549052814, 42.368900016355077 ], [ -73.330770546736403, 42.351984049689783 ], [ -73.340988573082214, 42.351876052231326 ], [ -73.39148270313963, 42.351777063910937 ], [ -73.410644159917354, 42.351746367975323 ], [ -73.400626231866852, 42.379025386793195 ] ] ] } },
{ "type": "Feature", "properties": { "STATEFP": "25", "COUNTYFP": "003", "COUSUBFP": "61065", "NAME": "Sheffield", "NAMELSAD": "Sheffield town", "GEOID": "2500361065" }, "geometry": { "type": "Polygon", "coordinates": [ [ [ -73.434663293364579, 42.054586909083618 ], [ -73.428193201499113, 42.081790963403535 ], [ -73.425351172105294, 42.089387978917365 ], [ -73.419952117536511, 42.103846007877401 ], [ -73.428748114310679, 42.1212630346308 ], [ -73.43485111236788, 42.132362052221829 ], [ -73.404316996737677, 42.132000064309985 ], [ -73.406737972777151, 42.148395091342017 ], [ -73.393062915185283, 42.152630102975607 ], [ -73.393436911861357, 42.155116106952761 ], [ -73.388308893531729, 42.155166108620286 ], [ -73.389012886929777, 42.160150116513492 ], [ -73.365179803887798, 42.159903122949203 ], [ -73.29708856590247, 42.159210141655393 ], [ -73.294417570095689, 42.141614121599758 ], [ -73.291265573775817, 42.120739098370507 ], [ -73.304356637737442, 42.106707074945355 ], [ -73.301898643385158, 42.088318053849214 ], [ -73.296329617831063, 42.047033733536296 ], [ -73.325626375911085, 42.047796440565286 ], [ -73.327730632339424, 42.047851222443079 ], [ -73.340530287641201, 42.048184446661644 ], [ -73.42616843398018, 42.050413937824572 ], [ -73.432812293967459, 42.050586903197747 ], [ -73.43675453122114, 42.050518257202597 ], [ -73.434663293364579, 42.054586909083618 ] ] ] } },
{ "type": "Feature", "properties": { "STATEFP": "25", "COUNTYFP": "007", "COUSUBFP": "21150", "NAME": "Edgartown", "NAMELSAD": "Edgartown town", "GEOID": "2500721150" }, "geometry": { "type": "Polygon", "coordinates": [ [ [ -70.615109944215618, 41.413630393900149 ], [ -70.582244955979604, 41.413743437455025 ], [ -70.573686959044394, 41.413771448792339 ], [ -70.571253964156256, 41.416164452299228 ], [ -70.569126965638134, 41.416565455143541 ], [ -70.569102969869846, 41.418931455439633 ], [ -70.566076973492585, 41.420327459535706 ], [ -70.563134978078168, 41.422259463543291 ], [ -70.561649982664335, 41.424482465659551 ], [ -70.558089984554798, 41.424763470265688 ], [ -70.557023983399802, 41.423903471576686 ], [ -70.553783974256362, 41.418239475416655 ], [ -70.553725965882663, 41.413664475219321 ], [ -70.549174972279616, 41.41625648136251 ], [ -70.548207299264988, 41.416771993573562 ], [ -70.547566972070925, 41.415831483461844 ], [ -70.538300962975001, 41.40924149561836 ], [ -70.52858095831921, 41.405100508744489 ], [ -70.517583959285062, 41.403769523713628 ], [ -70.517300248104476, 41.403675123255546 ], [ -70.506983955666271, 41.400242538457405 ], [ -70.502371940595623, 41.392005545716735 ], [ -70.501957968128352, 41.389437084460646 ], [ -70.50130592762973, 41.385391547986096 ], [ -70.49895892808523, 41.38433955121549 ], [ -70.490757944236321, 41.383634561158885 ], [ -70.484502962998619, 41.386290568079914 ], [ -70.478388987859034, 41.392101573788288 ], [ -70.471687010555982, 41.396200580209914 ], [ -70.472604014516818, 41.3991285783016 ], [ -70.473035033095073, 41.408757574954208 ], [ -70.470788046288789, 41.412875575995628 ], [ -70.463833074041261, 41.41914558077459 ], [ -70.452497103216217, 41.421430590774854 ], [ -70.450431106205315, 41.420703593071018 ], [ -70.446233065842577, 41.396480608567252 ], [ -70.449268026567253, 41.380422612460876 ], [ -70.448261974104355, 41.353651626011747 ], [ -70.452243957852886, 41.349828622107921 ], [ -70.463291929631069, 41.347479607245511 ], [ -70.482428890900351, 41.348401579515993 ], [ -70.495025862377346, 41.347509561620662 ], [ -70.511805414358008, 41.348071466132808 ], [ -70.528777156004267, 41.348639805760897 ], [ -70.538293849329037, 41.348958495177605 ], [ -70.579164845393052, 41.350007432235984 ], [ -70.599156841260509, 41.349272401287344 ], [ -70.606757334618578, 41.348920440999429 ], [ -70.607060840182328, 41.349300389100669 ], [ -70.609476898596654, 41.384839394206637 ], [ -70.615109944215618, 41.413630393900149 ] ] ] } },
{ "type": "Feature", "properties": { "STATEFP": "25", "COUNTYFP": "007", "COUSUBFP": "69940", "NAME": "Tisbury", "NAMELSAD": "Tisbury town", "GEOID": "2500769940" }, "geometry": { "type": "Polygon", "coordinates": [ [ [ -70.649330004444138, 41.461068366760834 ], [ -70.642150010011349, 41.462316375567141 ], [ -70.632737515753107, 41.467211533849451 ], [ -70.632184023285561, 41.467499388812918 ], [ -70.620025041182316, 41.474592404718322 ], [ -70.603555063283252, 41.482384424916589 ], [ -70.598444064144019, 41.481151430236821 ], [ -70.596280049697285, 41.471905430723922 ], [ -70.596203987047119, 41.471398830203739 ], [ -70.595803044561521, 41.468728430619194 ], [ -70.598843754485429, 41.463232548910028 ], [ -70.599843030112524, 41.461426424444561 ], [ -70.599843028008678, 41.460177648894032 ], [ -70.599843025311031, 41.458576423829207 ], [ -70.599130020255984, 41.455369423980514 ], [ -70.597752585578547, 41.454712325054508 ], [ -70.596516019417052, 41.454122426818657 ], [ -70.596045256193719, 41.454308189379958 ], [ -70.592000024649963, 41.455904432519262 ], [ -70.591947468674704, 41.455964831571592 ], [ -70.590347622629253, 41.457803427174632 ], [ -70.588435033450281, 41.460001437457834 ], [ -70.588300798209843, 41.460021541859639 ], [ -70.586438031628887, 41.458366439510911 ], [ -70.585833029895056, 41.457190440022593 ], [ -70.584978026249615, 41.454843440640516 ], [ -70.587875016224118, 41.449844436330388 ], [ -70.590256007807199, 41.44559143268804 ], [ -70.59421000181257, 41.443130427393633 ], [ -70.601693980161386, 41.432230415805286 ], [ -70.600269976451287, 41.429677417047081 ], [ -70.601576973441269, 41.428199415058899 ], [ -70.603183972119822, 41.427793412917097 ], [ -70.603214970083926, 41.426584412602665 ], [ -70.608308976746287, 41.431816407357644 ], [ -70.620651992223742, 41.444527395406979 ], [ -70.621336993053689, 41.445233394775045 ], [ -70.615109944215618, 41.413630393900149 ], [ -70.634467972497376, 41.435956375694552 ], [ -70.656088039762807, 41.460812362539357 ], [ -70.649330004444138, 41.461068366760834 ] ] ] } },
{ "type": "Feature", "properties": { "STATEFP": "25", "COUNTYFP": "005", "COUSUBFP": "16950", "NAME": "Dighton", "NAMELSAD": "Dighton town", "GEOID": "2500516950" }, "geometry": { "type": "Polygon", "coordinates": [ [ [ -71.203463802260671, 41.881843824673545 ], [ -71.186788787975544, 41.87933881383865 ], [ -71.137200741750419, 41.871322786702677 ], [ -71.1306387354051, 41.870280783791493 ], [ -71.130419730300545, 41.868356782375393 ], [ -71.125882726271954, 41.867803780660168 ], [ -71.122836721006507, 41.866461778943439 ], [ -71.121311715521514, 41.864712777474608 ], [ -71.121381714707411, 41.864387777298219 ], [ -71.12261471387049, 41.863792777247838 ], [ -71.120758698082867, 41.858215773489398 ], [ -71.116015689190974, 41.85596977140051 ], [ -71.114712686613743, 41.855308770845369 ], [ -71.113288686730186, 41.855688770820528 ], [ -71.108685679483528, 41.854070769358579 ], [ -71.107819676693623, 41.853239768866985 ], [ -71.111700671946366, 41.850537768046642 ], [ -71.112845667733666, 41.848680767226838 ], [ -71.11284566403171, 41.847294766529863 ], [ -71.110528652479189, 41.843563764603836 ], [ -71.110913647669804, 41.841670763701131 ], [ -71.108381633159709, 41.836932761554429 ], [ -71.108427628046513, 41.835020760685069 ], [ -71.109516619906074, 41.831696759056712 ], [ -71.11457761847025, 41.8297507574772 ], [ -71.115294612499511, 41.827303756084234 ], [ -71.117702608080933, 41.824943754382836 ], [ -71.116101600065321, 41.822390753305172 ], [ -71.11538558900871, 41.81844375136243 ], [ -71.114499583264731, 41.816553750607049 ], [ -71.112699577429524, 41.814915750291398 ], [ -71.112363573572537, 41.813575749725281 ], [ -71.114911568189513, 41.810763747445947 ], [ -71.118329564322096, 41.808219744829437 ], [ -71.118863562058692, 41.807191744043543 ], [ -71.119092553092131, 41.803723741968874 ], [ -71.117551541234249, 41.799753740417344 ], [ -71.119442531490307, 41.795426737035577 ], [ -71.119610519876076, 41.790968734369429 ], [ -71.125500525601865, 41.791064731091211 ], [ -71.133195530381016, 41.790144726063659 ], [ -71.153164547551839, 41.789553713991666 ], [ -71.171053563858862, 41.789370703352702 ], [ -71.171125564814332, 41.789740703737969 ], [ -71.173708598835347, 41.802975717907756 ], [ -71.176229631761018, 41.815904732489422 ], [ -71.193537647294093, 41.816536728392947 ], [ -71.193568647989565, 41.816828728794867 ], [ -71.201136766868103, 41.866708801061279 ], [ -71.201561773356062, 41.869472805314601 ], [ -71.202217783348274, 41.87373881193087 ], [ -71.203463802260671, 41.881843824673545 ] ] ] } },
{ "type": "Feature", "properties": { "STATEFP": "25", "COUNTYFP": "005", "COUSUBFP": "20100", "NAME": "Easton", "NAMELSAD": "Easton town", "GEOID": "2500520100" }, "geometry": { "type": "Polygon", "coordinates": [ [ [ -71.168682037109022, 42.0611616353087 ], [ -71.142261015442571, 42.071363539778559 ], [ -71.138608012054917, 42.072775526619367 ], [ -71.112863985342628, 42.082863433591115 ], [ -71.098373968211092, 42.088534381567385 ], [ -71.093280961826665, 42.090530363320127 ], [ -71.080483944966502, 42.095539317620521 ], [ -71.07875895339275, 42.08827435037923 ], [ -71.076069966981649, 42.076954401354278 ], [ -71.074206976718585, 42.06911643660041 ], [ -71.071197993009818, 42.05645949343409 ], [ -71.069596001993247, 42.049704523731407 ], [ -71.063868036865813, 42.024802635482537 ], [ -71.054719030406289, 41.985057742512055 ], [ -71.070346038818045, 41.987841767669124 ], [ -71.078554043076281, 41.989304781272878 ], [ -71.087158047404529, 41.990832795820289 ], [ -71.100855053733184, 41.993151819544046 ], [ -71.102329054367928, 41.993390822135375 ], [ -71.12346306196622, 41.996381859885609 ], [ -71.156451069390926, 42.001042915384652 ], [ -71.158705062110471, 42.01262486139953 ], [ -71.161449054322702, 42.026010799161 ], [ -71.163982047784316, 42.038280742056472 ], [ -71.164093047492955, 42.038849739395232 ], [ -71.166032042883856, 42.048261695526342 ], [ -71.168682037109022, 42.0611616353087 ] ] ] } },
{ "type": "Feature", "properties": { "STATEFP": "25", "COUNTYFP": "005", "COUSUBFP": "38225", "NAME": "Mansfield", "NAMELSAD": "Mansfield town", "GEOID": "2500538225" }, "geometry": { "type": "Polygon", "coordinates": [ [ [ -71.288265993105981, 42.014463017541203 ], [ -71.270161031203045, 42.021535979164497 ], [ -71.258735054775585, 42.02599995458408 ], [ -71.256861058606972, 42.026731950526788 ], [ -71.242365071245274, 42.032395907105503 ], [ -71.235436069699304, 42.035105881282071 ], [ -71.223894066355882, 42.03961883838312 ], [ -71.211581061731579, 42.044428792793326 ], [ -71.208504060406028, 42.045627781440281 ], [ -71.19263005248375, 42.051825722963166 ], [ -71.178458043877527, 42.057362670958291 ], [ -71.168682037109022, 42.0611616353087 ], [ -71.166032042883856, 42.048261695526342 ], [ -71.164093047492955, 42.038849739395232 ], [ -71.163982047784316, 42.038280742056472 ], [ -71.161449054322702, 42.026010799161 ], [ -71.158705062110471, 42.01262486139953 ], [ -71.168271065034176, 42.008477899004049 ], [ -71.182435068021789, 42.002334954890181 ], [ -71.190908067634396, 41.999579981083507 ], [ -71.202284058825455, 41.995876995622247 ], [ -71.206792054892105, 41.994163000739434 ], [ -71.210518051701257, 41.992749004842672 ], [ -71.221470042573813, 41.988578016195405 ], [ -71.235162031807576, 41.983386028992413 ], [ -71.25928999550429, 41.974217034670701 ], [ -71.260361996321024, 41.975675037742832 ], [ -71.268740002804378, 41.987301062268095 ], [ -71.275141007368134, 41.9962060811039 ], [ -71.288265993105981, 42.014463017541203 ] ] ] } },
{ "type": "Feature", "properties": { "STATEFP": "25", "COUNTYFP": "005", "COUSUBFP": "45000", "NAME": "New Bedford", "NAMELSAD": "New Bedford city", "GEOID": "2500545000" }, "geometry": { "type": "Polygon", "coordinates": [ [ [ -70.976074179202087, 41.685179595518427 ], [ -70.965395191040898, 41.734003618938736 ], [ -70.964649189692494, 41.734354615535821 ], [ -70.957804177145917, 41.737614583824495 ], [ -70.942993148773994, 41.744668511862855 ], [ -70.939191135835586, 41.73318048187511 ], [ -70.93338311741077, 41.715599439737417 ], [ -70.931725112445733, 41.710564428518666 ], [ -70.928829104110918, 41.701821409830323 ], [ -70.926557097814836, 41.694826395872646 ], [ -70.925734095612995, 41.692346391016201 ], [ -70.924507092378249, 41.688604383919987 ], [ -70.923570089957707, 41.685747378636684 ], [ -70.919738082876222, 41.683583361908866 ], [ -70.919048081275676, 41.681799358420619 ], [ -70.918967081146263, 41.681825358101172 ], [ -70.917067077680429, 41.680588349979637 ], [ -70.916699076570268, 41.678376347791804 ], [ -70.916058075090206, 41.676447344650398 ], [ -70.915482073645848, 41.674103341696011 ], [ -70.9174820750723, 41.666303346870308 ], [ -70.917182073989665, 41.66360334486712 ], [ -70.917082073768341, 41.663303344402948 ], [ -70.916495072047923, 41.659610341099537 ], [ -70.916589072071659, 41.659087341270741 ], [ -70.917387072578052, 41.65610934312398 ], [ -70.917808072864702, 41.654687344110741 ], [ -70.918692073731336, 41.652931346541834 ], [ -70.919982074659075, 41.649204349513695 ], [ -70.91983107431858, 41.648696348811903 ], [ -70.919182072867301, 41.646505345831002 ], [ -70.916982069394408, 41.644705338012578 ], [ -70.911881062270012, 41.64420632133168 ], [ -70.909981059214459, 41.641607314735261 ], [ -70.910381059442386, 41.639806315684829 ], [ -70.913882063665838, 41.637505326096026 ], [ -70.913182062151535, 41.634504323209477 ], [ -70.910282057957858, 41.632004313991267 ], [ -70.907582054283367, 41.630504305791973 ], [ -70.906695052385444, 41.625134302656015 ], [ -70.905973434760455, 41.623802107714795 ], [ -70.90882705473831, 41.623577308443487 ], [ -70.90886122521907, 41.623543637953695 ], [ -70.913202059180449, 41.619266319595305 ], [ -70.911695630905086, 41.617720839930712 ], [ -70.909830449513677, 41.615807307221878 ], [ -70.907168593887462, 41.613076448167149 ], [ -70.905365770974257, 41.61122689069024 ], [ -70.904522047852822, 41.610361295772556 ], [ -70.903306740616159, 41.606723183784105 ], [ -70.899664029788298, 41.595818459720455 ], [ -70.899557348888024, 41.595499102559174 ], [ -70.89860703991539, 41.59265428239209 ], [ -70.902051043111342, 41.591583289659908 ], [ -70.909080050154856, 41.593700304640898 ], [ -70.910814052157036, 41.595506308679262 ], [ -70.912335754372833, 41.598666604400933 ], [ -70.916581060512911, 41.607483324978681 ], [ -70.91705234011981, 41.607932208384327 ], [ -70.918413858408613, 41.609229024485458 ], [ -70.920074065123572, 41.610810334784112 ], [ -70.921772869126357, 41.613414283075443 ], [ -70.922375068623367, 41.614337342111838 ], [ -70.922686059176286, 41.614296318820195 ], [ -70.925637058873477, 41.613907047413122 ], [ -70.930456077439146, 41.613271362335119 ], [ -70.929722075364438, 41.60947935816894 ], [ -70.930294284620359, 41.608448829178876 ], [ -70.930586723206247, 41.607922157429151 ], [ -70.932347077796592, 41.608207363833138 ], [ -70.93296807943041, 41.610909367175914 ], [ -70.933345079748776, 41.610632367932865 ], [ -70.934612080894524, 41.609940370612897 ], [ -70.934652080974644, 41.610038370782092 ], [ -70.935754083206163, 41.612737375510171 ], [ -70.936423084582017, 41.614370378439908 ], [ -70.942630092953593, 41.617432397196723 ], [ -70.94527609661435, 41.618736405444487 ], [ -70.948161100668869, 41.620158414609683 ], [ -70.949731102903513, 41.620933419674039 ], [ -70.951643106705234, 41.623965428175261 ], [ -70.953822111152434, 41.62742343817618 ], [ -70.958438120965937, 41.634737460438295 ], [ -70.959012122226042, 41.635650463314335 ], [ -70.959645123625492, 41.636657466512808 ], [ -70.960454126741269, 41.640225473551986 ], [ -70.969695144622108, 41.64865551513612 ], [ -70.971163150439509, 41.654323528595427 ], [ -70.972785156968584, 41.66050654376744 ], [ -70.977504177030028, 41.678708590758689 ], [ -70.976074179202087, 41.685179595518427 ] ] ] } },
{ "type": "Feature", "properties": { "STATEFP": "25", "COUNTYFP": "005", "COUSUBFP": "68750", "NAME": "Swansea", "NAMELSAD": "Swansea town", "GEOID": "2500568750" }, "geometry": { "type": "Polygon", "coordinates": [ [ [ -71.316388367551795, 41.775507861418632 ], [ -71.292456553224127, 41.774880628062178 ], [ -71.283588564592165, 41.774802627814914 ], [ -71.222663592214857, 41.780112657129401 ], [ -71.187776565095177, 41.783156685234793 ], [ -71.188140570710601, 41.785424688048138 ], [ -71.193537647294093, 41.816536728392947 ], [ -71.176229631761018, 41.815904732489422 ], [ -71.173708598835347, 41.802975717907756 ], [ -71.171125564814332, 41.789740703737969 ], [ -71.171053563858862, 41.789370703352702 ], [ -71.153164547551839, 41.789553713991666 ], [ -71.154278504552195, 41.771782696165886 ], [ -71.15486548215182, 41.762492686666768 ], [ -71.155613453290499, 41.750496674230355 ], [ -71.156306456576019, 41.739470664015514 ], [ -71.162119463197854, 41.740410659317533 ], [ -71.186017489510078, 41.744266639053784 ], [ -71.190389494164904, 41.744971635182338 ], [ -71.189972494391739, 41.743831634932242 ], [ -71.188100492575913, 41.743218636392477 ], [ -71.186768492093975, 41.741408636587806 ], [ -71.187532495296111, 41.737609633580938 ], [ -71.191650504543787, 41.730968626021443 ], [ -71.191970506782297, 41.728103624130526 ], [ -71.195975516708359, 41.721040617001236 ], [ -71.20126153334806, 41.707726606362051 ], [ -71.206278549936684, 41.695412597478906 ], [ -71.206335551987678, 41.692809596288299 ], [ -71.208293310093936, 41.690502977801756 ], [ -71.208371556899678, 41.690598594211835 ], [ -71.222471560596844, 41.70767961262964 ], [ -71.224798565149385, 41.71049859122099 ], [ -71.225791565480847, 41.711701590867804 ], [ -71.226237297317027, 41.712209910841892 ], [ -71.245247065167717, 41.733888965558322 ], [ -71.245333173464829, 41.733987164890991 ], [ -71.252131309989224, 41.741739880693629 ], [ -71.254743552229414, 41.744718934850439 ], [ -71.261392548509619, 41.752301581643728 ], [ -71.284402310665669, 41.762010882403146 ], [ -71.294758585627932, 41.766380862139449 ], [ -71.297688097653136, 41.76761701206194 ], [ -71.316388367551795, 41.775507861418632 ] ] ] } },
{ "type": "Feature", "properties": { "STATEFP": "25", "COUNTYFP": "027", "COUSUBFP": "71620", "NAME": "Uxbridge", "NAMELSAD": "Uxbridge town", "GEOID": "2502771620" }, "geometry": { "type": "Polygon", "coordinates": [ [ [ -71.696606832104038, 42.097193163548297 ], [ -71.679988820303677, 42.100154203045207 ], [ -71.679971822968227, 42.103396198617105 ], [ -71.657253798393981, 42.097226266692203 ], [ -71.654062794903808, 42.096356276642638 ], [ -71.650870791412714, 42.095496286671541 ], [ -71.646837789166668, 42.096887294660924 ], [ -71.623400776615213, 42.105134336924849 ], [ -71.603531766438934, 42.11211036763958 ], [ -71.601952764383526, 42.111332373486206 ], [ -71.598960762313936, 42.111781379373355 ], [ -71.598650762069639, 42.11179638006783 ], [ -71.5981497618247, 42.111977380755206 ], [ -71.597870761674244, 42.112063381177748 ], [ -71.59736376138359, 42.112201381994446 ], [ -71.595987760624098, 42.112605384116151 ], [ -71.592634759406351, 42.114238387347733 ], [ -71.592621759401325, 42.114244387360849 ], [ -71.592617758946602, 42.113776388711969 ], [ -71.592198727321914, 42.081373482825477 ], [ -71.591951710033655, 42.063695534424433 ], [ -71.591861705063991, 42.058634549287227 ], [ -71.591500683697234, 42.036866613295594 ], [ -71.591342674864819, 42.027884639819369 ], [ -71.591103853284736, 42.013771917838532 ], [ -71.594119583129256, 42.01370248585058 ], [ -71.606734701428834, 42.013412044391934 ], [ -71.661604443790807, 42.012148761249961 ], [ -71.678023713894106, 42.01177073483035 ], [ -71.680876564407143, 42.011705052664773 ], [ -71.681160756120775, 42.021095307478937 ], [ -71.682451776008662, 42.043742272138815 ], [ -71.68180278460531, 42.05492425935654 ], [ -71.679964796093785, 42.070882243486409 ], [ -71.679242798170549, 42.074176241118934 ], [ -71.696280810936528, 42.071101193145601 ], [ -71.696339813948029, 42.074797188896937 ], [ -71.696666830662778, 42.095327165434227 ], [ -71.696606832104038, 42.097193163548297 ] ] ] } },
{ "type": "Feature", "properties": { "STATEFP": "25", "COUNTYFP": "027", "COUSUBFP": "75015", "NAME": "Westborough", "NAMELSAD": "Westborough town", "GEOID": "2502775015" }, "geometry": { "type": "Polygon", "coordinates": [ [ [ -71.676441960196883, 42.254171992795825 ], [ -71.670633984195945, 42.261081986733323 ], [ -71.659142992775728, 42.266795981608666 ], [ -71.670116056379428, 42.278762971000759 ], [ -71.658642050035894, 42.282707967187406 ], [ -71.654522046829413, 42.284119965790964 ], [ -71.642705035042823, 42.288195961669913 ], [ -71.642784040343358, 42.289913960077151 ], [ -71.637700039979904, 42.293933956128875 ], [ -71.637283040391452, 42.294450955627077 ], [ -71.637026044811776, 42.296289953893172 ], [ -71.634502039805966, 42.296810953288045 ], [ -71.633210046218764, 42.300560949694699 ], [ -71.590837935144918, 42.30479994325588 ], [ -71.580033904452307, 42.305891941521288 ], [ -71.562426858683082, 42.288841958254629 ], [ -71.54601883839581, 42.272924974644617 ], [ -71.542738836929516, 42.269742978010001 ], [ -71.542937840141661, 42.267179980754605 ], [ -71.550115850634938, 42.266022982012373 ], [ -71.552412852513214, 42.267430980530641 ], [ -71.55658485768042, 42.26813397981153 ], [ -71.558503860597156, 42.267537980447194 ], [ -71.558533860497562, 42.267818980152818 ], [ -71.564564868888084, 42.266865981175272 ], [ -71.586759893123769, 42.259544988642453 ], [ -71.589855889652185, 42.251264996933195 ], [ -71.592868883952946, 42.24321101757819 ], [ -71.59931887153472, 42.225959064197276 ], [ -71.621070890267603, 42.230870043155598 ], [ -71.64443890161354, 42.226626043497063 ], [ -71.64466690270099, 42.227690041294352 ], [ -71.648290919881035, 42.244600007396265 ], [ -71.648405920430392, 42.245145006338653 ], [ -71.650171923848433, 42.247798001151459 ], [ -71.662591929951319, 42.245941003548381 ], [ -71.670932934096783, 42.244701004706222 ], [ -71.674172939368589, 42.248590998599205 ], [ -71.674455950873863, 42.25236499442078 ], [ -71.676441960196883, 42.254171992795825 ] ] ] } },
{ "type": "Feature", "properties": { "STATEFP": "25", "COUNTYFP": "027", "COUSUBFP": "80405", "NAME": "Winchendon", "NAMELSAD": "Winchendon town", "GEOID": "2502780405" }, "geometry": { "type": "Polygon", "coordinates": [ [ [ -72.11105815170194, 42.717226598329113 ], [ -72.089326797573165, 42.716567322613692 ], [ -72.078626894261134, 42.716242713929823 ], [ -72.077672458050941, 42.716213758688774 ], [ -72.015729299303089, 42.714334556076871 ], [ -71.98142913777501, 42.713294008387876 ], [ -71.985114426190833, 42.647234342457111 ], [ -71.986073499421977, 42.630015382841293 ], [ -72.008381471118668, 42.620378391976239 ], [ -72.009452469757449, 42.619922393239946 ], [ -72.035046437635103, 42.608858423652656 ], [ -72.04607343236674, 42.601834442184142 ], [ -72.055072378534206, 42.608931425779396 ], [ -72.074498262700899, 42.624247390673041 ], [ -72.075749255255616, 42.625234388424467 ], [ -72.116631130511379, 42.62660639028072 ], [ -72.11105815170194, 42.717226598329113 ] ] ] } },
{ "type": "Feature", "properties": { "STATEFP": "25", "COUNTYFP": "015", "COUSUBFP": "13590", "NAME": "Chesterfield", "NAMELSAD": "Chesterfield town", "GEOID": "2501513590" }, "geometry": { "type": "Polygon", "coordinates": [ [ [ -72.904579840059412, 42.430384761366305 ], [ -72.880813878048073, 42.433009744935738 ], [ -72.847904930076325, 42.436489723690869 ], [ -72.834056951787787, 42.437909715248573 ], [ -72.835614929455758, 42.419851711330615 ], [ -72.815515960804944, 42.421225696582006 ], [ -72.816151940455512, 42.403152689539773 ], [ -72.805439958175697, 42.404530680722061 ], [ -72.805634951313365, 42.398296677810492 ], [ -72.77353200357426, 42.401526650544788 ], [ -72.777141954877123, 42.358243623201844 ], [ -72.82225787653833, 42.352816676298644 ], [ -72.821121863004635, 42.3386296694867 ], [ -72.823174860144221, 42.339102672466439 ], [ -72.826183857437385, 42.341148677269402 ], [ -72.826114858753925, 42.342249677552786 ], [ -72.830910850934714, 42.342277683990957 ], [ -72.833482846138139, 42.341747687286365 ], [ -72.835736844120817, 42.343253690723536 ], [ -72.837988839876644, 42.342749693598016 ], [ -72.839841837531807, 42.343362696222187 ], [ -72.840375838579774, 42.345076697337625 ], [ -72.843722832641816, 42.344652701664835 ], [ -72.844984829175687, 42.3434077030834 ], [ -72.846436823471848, 42.340466704457079 ], [ -72.847495823826804, 42.342310706227678 ], [ -72.852000816299238, 42.342175712244988 ], [ -72.854243814037929, 42.343404715415922 ], [ -72.885634758656494, 42.340035757570945 ], [ -72.904579840059412, 42.430384761366305 ] ] ] } },
{ "type": "Feature", "properties": { "STATEFP": "25", "COUNTYFP": "015", "COUSUBFP": "19365", "NAME": "Easthampton", "NAMELSAD": "Easthampton city", "GEOID": "2501519365" }, "geometry": { "type": "Polygon", "coordinates": [ [ [ -72.736725933902676, 42.284240533955192 ], [ -72.684323960442612, 42.290440582924475 ], [ -72.672090966476631, 42.291886594182536 ], [ -72.672034965123544, 42.290192592932797 ], [ -72.66021596908088, 42.289253602048291 ], [ -72.656039971239466, 42.289879605983373 ], [ -72.648765975636863, 42.291823613431156 ], [ -72.646137975634147, 42.290467614632611 ], [ -72.644433975256106, 42.289087615061035 ], [ -72.643706975093309, 42.288493615242729 ], [ -72.64213997548606, 42.28818461632936 ], [ -72.64067697300456, 42.284136614686581 ], [ -72.637440976784944, 42.287405619702092 ], [ -72.636195976315889, 42.286112619838448 ], [ -72.634053976481709, 42.285173620980451 ], [ -72.629292978395526, 42.285145624958417 ], [ -72.624520982527059, 42.2881476309988 ], [ -72.619751985779274, 42.290001636216218 ], [ -72.614700987930334, 42.290198640541782 ], [ -72.614448986111114, 42.287506638977334 ], [ -72.613137985755799, 42.286264639257048 ], [ -72.634584967870154, 42.273942612717732 ], [ -72.65184192284714, 42.237638573987631 ], [ -72.656535905120563, 42.227738564963225 ], [ -72.667769895637718, 42.225455554687073 ], [ -72.687677881506161, 42.22324053765994 ], [ -72.686942884799677, 42.225019538945325 ], [ -72.686711886175601, 42.225788539433452 ], [ -72.685911894593787, 42.230699542020616 ], [ -72.685832898372468, 42.232995542992342 ], [ -72.686194901217945, 42.234855543419499 ], [ -72.686483902170508, 42.235529543438879 ], [ -72.687123906558128, 42.238416544020055 ], [ -72.685710910144536, 42.240189545936943 ], [ -72.684481914293315, 42.242371547875273 ], [ -72.684250914852143, 42.242646548187729 ], [ -72.682635918081814, 42.244156550217753 ], [ -72.693493923859592, 42.251624544080769 ], [ -72.696166924194657, 42.253470543165712 ], [ -72.701380924885015, 42.257057541421844 ], [ -72.699311926667789, 42.25803854406611 ], [ -72.697968928855857, 42.259883546760705 ], [ -72.698682929155609, 42.260607546717459 ], [ -72.698362931115881, 42.262727548725557 ], [ -72.697084932062197, 42.263169550210023 ], [ -72.695517934673546, 42.2654175534065 ], [ -72.697919935727569, 42.267883553306774 ], [ -72.69849893675493, 42.269376554017349 ], [ -72.700777935381382, 42.26892855167106 ], [ -72.706942933581487, 42.26993454714485 ], [ -72.707763932697333, 42.269328545928907 ], [ -72.708986933067735, 42.27035754572379 ], [ -72.712410936391294, 42.275807547331127 ], [ -72.717050935160401, 42.276627544050839 ], [ -72.721236933143629, 42.276343540227359 ], [ -72.725018933123934, 42.278087538495271 ], [ -72.736299926974795, 42.276538527507938 ], [ -72.736725933902676, 42.284240533955192 ] ] ] } },
{ "type": "Feature", "properties": { "STATEFP": "25", "COUNTYFP": "015", "COUSUBFP": "29265", "NAME": "Hatfield", "NAMELSAD": "Hatfield town", "GEOID": "2501529265" }, "geometry": { "type": "Polygon", "coordinates": [ [ [ -72.669138062706722, 42.409710686141231 ], [ -72.629085073819212, 42.414310713723196 ], [ -72.622315075649212, 42.415107718331235 ], [ -72.585585087717845, 42.423143745232885 ], [ -72.581143088102095, 42.422580747495502 ], [ -72.577916083025244, 42.413927744268776 ], [ -72.576458081738863, 42.411524743731732 ], [ -72.575054079275503, 42.407295742104196 ], [ -72.57476707791055, 42.405091740989668 ], [ -72.57530607509112, 42.400893738193496 ], [ -72.576673073278599, 42.398535735948251 ], [ -72.578967072042659, 42.397385733819483 ], [ -72.581291071580509, 42.397438732381005 ], [ -72.584712071882734, 42.398999731160103 ], [ -72.588887070782121, 42.398671728330783 ], [ -72.59023706864923, 42.395920725790269 ], [ -72.586991066465401, 42.391586725216399 ], [ -72.586176065492197, 42.389847724685588 ], [ -72.586389064813602, 42.388899723972337 ], [ -72.589579059860569, 42.382597718041289 ], [ -72.591402055603254, 42.376923713341085 ], [ -72.591805053557991, 42.374038711290581 ], [ -72.591210051430451, 42.37065370960741 ], [ -72.588417048220492, 42.36476570791524 ], [ -72.58745304608442, 42.361171706394032 ], [ -72.587593044129022, 42.358297704544874 ], [ -72.589220041093583, 42.354447701040826 ], [ -72.591375039071323, 42.352364698223127 ], [ -72.593236037819906, 42.351315696241208 ], [ -72.598394035428527, 42.350030691731376 ], [ -72.60297703372683, 42.349526688110465 ], [ -72.605903032851188, 42.349512685992188 ], [ -72.615220030647464, 42.350287679787307 ], [ -72.627857027996782, 42.351744671691392 ], [ -72.633941025779862, 42.351155666921244 ], [ -72.636190028695083, 42.355919668636666 ], [ -72.636397032107922, 42.360544671724405 ], [ -72.636654032768305, 42.361518672225991 ], [ -72.640265042175514, 42.375253679406413 ], [ -72.672126030985893, 42.371352654965307 ], [ -72.669138062706722, 42.409710686141231 ] ] ] } },
{ "type": "Feature", "properties": { "STATEFP": "25", "COUNTYFP": "015", "COUSUBFP": "64145", "NAME": "South Hadley", "NAMELSAD": "South Hadley town", "GEOID": "2501564145" }, "geometry": { "type": "Polygon", "coordinates": [ [ [ -72.624031933328098, 42.235358596418195 ], [ -72.62134194415647, 42.241819602819277 ], [ -72.618008955328875, 42.248368609985647 ], [ -72.615070960516135, 42.252013615031714 ], [ -72.611554965613493, 42.256912621400346 ], [ -72.607780969902606, 42.260579627136579 ], [ -72.600231976597257, 42.265384636856801 ], [ -72.599172978434382, 42.267380639043431 ], [ -72.598815980320211, 42.269901640943203 ], [ -72.599363983817057, 42.275335643896803 ], [ -72.600375984805794, 42.277392644330703 ], [ -72.601208987124878, 42.281258646072182 ], [ -72.605231987697039, 42.284462644722119 ], [ -72.609947986311795, 42.285223641251605 ], [ -72.602123991441957, 42.288044649614214 ], [ -72.59532599851444, 42.294430659267924 ], [ -72.587961005346727, 42.300357668941167 ], [ -72.577285011109538, 42.302980679153819 ], [ -72.569306015066275, 42.304488686458683 ], [ -72.56495101627948, 42.303832689587523 ], [ -72.544658024972989, 42.305682706907263 ], [ -72.5399030258273, 42.304126709908275 ], [ -72.535151027675766, 42.30425171379585 ], [ -72.531212028789255, 42.303623716646946 ], [ -72.527961028784318, 42.30145771818416 ], [ -72.52789002789666, 42.299837717432908 ], [ -72.533640024241464, 42.297289711461865 ], [ -72.534897022828034, 42.295678709609561 ], [ -72.539461019649266, 42.293271704613211 ], [ -72.539990017415448, 42.289809702371421 ], [ -72.541105015353565, 42.287054700002344 ], [ -72.541485014903529, 42.286549699419851 ], [ -72.543336013743868, 42.285852697502698 ], [ -72.546930011862528, 42.285140694109337 ], [ -72.556458005673264, 42.28136368402479 ], [ -72.558609004344518, 42.280649681806864 ], [ -72.558585004207544, 42.280411681694922 ], [ -72.555628986935716, 42.250192667570644 ], [ -72.555133980727206, 42.245138663605132 ], [ -72.552175969624741, 42.23545665754019 ], [ -72.546355948303813, 42.216488645053566 ], [ -72.572201930464729, 42.213803622727248 ], [ -72.593447915484404, 42.211556604735726 ], [ -72.596165914275431, 42.211785602837885 ], [ -72.603802912940012, 42.213866598490981 ], [ -72.607925914028129, 42.216229596946754 ], [ -72.610748917064825, 42.219419596911315 ], [ -72.611632921418263, 42.222771598471311 ], [ -72.6135639244511, 42.225581598794925 ], [ -72.615126925407623, 42.226809598335819 ], [ -72.622462926554448, 42.23021059449286 ], [ -72.623190927208327, 42.2309105943297 ], [ -72.623655928065858, 42.231655594410654 ], [ -72.624031933328098, 42.235358596418195 ] ] ] } },
{ "type": "Feature", "properties": { "STATEFP": "25", "COUNTYFP": "027", "COUSUBFP": "09105", "NAME": "Brookfield", "NAMELSAD": "Brookfield town", "GEOID": "2502709105" }, "geometry": { "type": "Polygon", "coordinates": [ [ [ -72.147210473319404, 42.181471934158402 ], [ -72.139701491250577, 42.179547938029231 ], [ -72.142257508677289, 42.197451972371219 ], [ -72.129843576521807, 42.221237034336752 ], [ -72.124566584678334, 42.21636002972334 ], [ -72.121909589800993, 42.214658028959967 ], [ -72.119864594755285, 42.21406902985931 ], [ -72.119426606064891, 42.221117044824204 ], [ -72.118793621930323, 42.230946065712956 ], [ -72.112742642619835, 42.233199076560602 ], [ -72.111251654739561, 42.238582089158548 ], [ -72.099244677965586, 42.230765085417318 ], [ -72.078574737946767, 42.231062107252747 ], [ -72.075375748675185, 42.232036112527716 ], [ -72.072827756101404, 42.232087115247502 ], [ -72.074115748485426, 42.229582108808707 ], [ -72.07428274417731, 42.22712410361634 ], [ -72.072824742937897, 42.223651098023453 ], [ -72.073286739488879, 42.222287094762137 ], [ -72.074185733950003, 42.220379089938817 ], [ -72.076503725888799, 42.219441085632688 ], [ -72.076959720710079, 42.216937080045298 ], [ -72.078807711862893, 42.214607073374907 ], [ -72.077268714713782, 42.213632072971919 ], [ -72.060497745215329, 42.203000068636825 ], [ -72.069997691371881, 42.185645023361403 ], [ -72.070447687704771, 42.184096019729985 ], [ -72.070011686341005, 42.182464016854148 ], [ -72.072702675887044, 42.180495010022298 ], [ -72.074202665765782, 42.176632000563743 ], [ -72.073478664612082, 42.174626997226703 ], [ -72.071853666175414, 42.17280099520061 ], [ -72.07170866407975, 42.171209992104274 ], [ -72.072449659054485, 42.169278987384146 ], [ -72.077352644752267, 42.168605980863404 ], [ -72.089415609929986, 42.167138965196692 ], [ -72.086752597785093, 42.15443594198814 ], [ -72.108680535252518, 42.151587913004775 ], [ -72.111519546389957, 42.164454936464274 ], [ -72.135011479481847, 42.16178390625506 ], [ -72.141886459965434, 42.160999897400799 ], [ -72.147210473319404, 42.181471934158402 ] ] ] } },
{ "type": "Feature", "properties": { "STATEFP": "25", "COUNTYFP": "027", "COUSUBFP": "14395", "NAME": "Clinton", "NAMELSAD": "Clinton town", "GEOID": "2502714395" }, "geometry": { "type": "Polygon", "coordinates": [ [ [ -71.722813938986903, 42.403927870059618 ], [ -71.721579963522458, 42.409238865476112 ], [ -71.71836394636972, 42.410219864008461 ], [ -71.706159918184071, 42.420951852478048 ], [ -71.701439904376073, 42.425101847919564 ], [ -71.695868885963023, 42.429993842473046 ], [ -71.68819285694876, 42.436743834833699 ], [ -71.686039837059766, 42.436335834660603 ], [ -71.681068791594214, 42.435432834236352 ], [ -71.656741574243767, 42.430956832395445 ], [ -71.660537558828025, 42.418546844505933 ], [ -71.660634558390981, 42.418231844811729 ], [ -71.666604528170112, 42.399232863118577 ], [ -71.668070519308898, 42.39456586756625 ], [ -71.676522581810346, 42.396118867761601 ], [ -71.6787675656457, 42.389162874286797 ], [ -71.686806628349544, 42.39156087363483 ], [ -71.701018743142114, 42.395807872609524 ], [ -71.725980873483294, 42.390288881744887 ], [ -71.722813938986903, 42.403927870059618 ] ] ] } },
{ "type": "Feature", "properties": { "STATEFP": "25", "COUNTYFP": "027", "COUSUBFP": "18560", "NAME": "East Brookfield", "NAMELSAD": "East Brookfield town", "GEOID": "2502718560" }, "geometry": { "type": "Polygon", "coordinates": [ [ [ -72.078807711862893, 42.214607073374907 ], [ -72.076959720710079, 42.216937080045298 ], [ -72.076503725888799, 42.219441085632688 ], [ -72.074185733950003, 42.220379089938817 ], [ -72.073286739488879, 42.222287094762137 ], [ -72.072824742937897, 42.223651098023453 ], [ -72.07428274417731, 42.22712410361634 ], [ -72.074115748485426, 42.229582108808707 ], [ -72.072827756101404, 42.232087115247502 ], [ -72.070144762554108, 42.231269116332037 ], [ -72.061939785623281, 42.2309111240275 ], [ -72.045513831391958, 42.22997213898811 ], [ -72.038558875433722, 42.24445617552982 ], [ -72.030359900620496, 42.24520318542325 ], [ -72.026223871613524, 42.220951140536172 ], [ -72.019886826008332, 42.183762071840981 ], [ -72.018600815704076, 42.175699056877662 ], [ -72.029440784044212, 42.174426042947871 ], [ -72.072449659054485, 42.169278987384146 ], [ -72.07170866407975, 42.171209992104274 ], [ -72.071853666175414, 42.17280099520061 ], [ -72.073478664612082, 42.174626997226703 ], [ -72.074202665765782, 42.176632000563743 ], [ -72.072702675887044, 42.180495010022298 ], [ -72.070011686341005, 42.182464016854148 ], [ -72.070447687704771, 42.184096019729985 ], [ -72.069997691371881, 42.185645023361403 ], [ -72.060497745215329, 42.203000068636825 ], [ -72.077268714713782, 42.213632072971919 ], [ -72.078807711862893, 42.214607073374907 ] ] ] } },
{ "type": "Feature", "properties": { "STATEFP": "25", "COUNTYFP": "027", "COUSUBFP": "28740", "NAME": "Hardwick", "NAMELSAD": "Hardwick town", "GEOID": "2502728740" }, "geometry": { "type": "Polygon", "coordinates": [ [ [ -72.288531214257517, 42.352158845693715 ], [ -72.28643821566699, 42.352697846044393 ], [ -72.287170214833452, 42.355521843351255 ], [ -72.284140216804019, 42.356583843539902 ], [ -72.285959215404546, 42.357817841819589 ], [ -72.284676216049263, 42.359772840574735 ], [ -72.285501215395158, 42.360555839616069 ], [ -72.284382216043184, 42.361468839198331 ], [ -72.285213214890646, 42.366431834625956 ], [ -72.28503821421144, 42.37307682891857 ], [ -72.281739216472218, 42.371953830774558 ], [ -72.279550217523536, 42.374600828976803 ], [ -72.281205216196284, 42.376688826701951 ], [ -72.281501215752584, 42.378664824875734 ], [ -72.28002621659067, 42.379284824653347 ], [ -72.278643217050984, 42.382179822338607 ], [ -72.274019219531951, 42.384541821079807 ], [ -72.273679219421055, 42.386612819205503 ], [ -72.272337219903193, 42.3886778174938 ], [ -72.272861219487098, 42.389347816776542 ], [ -72.270378220783485, 42.390428816142695 ], [ -72.268474221928741, 42.390297816563752 ], [ -72.265786224071704, 42.387147820082689 ], [ -72.264118225167678, 42.386619820899149 ], [ -72.258159227378229, 42.393506814856842 ], [ -72.244323250232554, 42.388279824073642 ], [ -72.241601258357193, 42.388287825243545 ], [ -72.240341261829002, 42.389606824309119 ], [ -72.237980268641749, 42.390689824092227 ], [ -72.238144267797722, 42.392307822192215 ], [ -72.239273264190061, 42.393380820513691 ], [ -72.238512266049781, 42.395268818693587 ], [ -72.236774271068654, 42.396066818487199 ], [ -72.236519271571922, 42.397251817240289 ], [ -72.233293280879664, 42.398789816742735 ], [ -72.230759288394736, 42.399066817405028 ], [ -72.229904290732819, 42.400075816559252 ], [ -72.228553294846591, 42.39972981748226 ], [ -72.219029324218141, 42.395492826281689 ], [ -72.205150361102369, 42.417678803658539 ], [ -72.150882530388529, 42.38189687412698 ], [ -72.123667614748911, 42.363929915708994 ], [ -72.124405612704308, 42.363070916699691 ], [ -72.123860614540263, 42.361860918950008 ], [ -72.126627606681851, 42.35974992082906 ], [ -72.130422595565292, 42.358782920262207 ], [ -72.133476586548056, 42.358410919143381 ], [ -72.135113581991774, 42.356681920939259 ], [ -72.135703580609345, 42.35462792382166 ], [ -72.136986577069209, 42.35311792543957 ], [ -72.136282579718866, 42.350046930651899 ], [ -72.137178577428159, 42.348001933308609 ], [ -72.138955572058933, 42.348497931465225 ], [ -72.140421567803102, 42.347954931422386 ], [ -72.13984956982712, 42.346176934521495 ], [ -72.140217568984312, 42.344808936412768 ], [ -72.141155566292056, 42.344300936617365 ], [ -72.144503556367837, 42.344209934681587 ], [ -72.146626549806612, 42.3456009312509 ], [ -72.149151542363398, 42.345303930148191 ], [ -72.152521532323036, 42.345478927812401 ], [ -72.154396527056392, 42.34387592904325 ], [ -72.158318515531633, 42.34324292753621 ], [ -72.159621512123039, 42.340822930267457 ], [ -72.15960851258852, 42.338575933567057 ], [ -72.161714506615411, 42.337130934314366 ], [ -72.163193502293666, 42.336786933851407 ], [ -72.16389550046388, 42.335467935301999 ], [ -72.162393505219811, 42.333891938579029 ], [ -72.163691501609918, 42.332642939525101 ], [ -72.167339491067878, 42.331221939118585 ], [ -72.168232488747705, 42.329528940933479 ], [ -72.17057048215095, 42.327814941768793 ], [ -72.172308477366201, 42.325938943216855 ], [ -72.172677476619612, 42.324159945466569 ], [ -72.172109478577482, 42.32274394786613 ], [ -72.176850465221534, 42.31926294933826 ], [ -72.17717246483366, 42.316385953104167 ], [ -72.178891459817407, 42.316029952327462 ], [ -72.179336458778707, 42.314620953944171 ], [ -72.180856454524061, 42.313397954491798 ], [ -72.183032448213339, 42.312765953720728 ], [ -72.185221442220609, 42.310351955344636 ], [ -72.18478244381852, 42.308846957723645 ], [ -72.185584441656431, 42.307800958522748 ], [ -72.18378544718351, 42.30674696135209 ], [ -72.1872944372207, 42.30471096136111 ], [ -72.190678427244805, 42.304598958844544 ], [ -72.193050420132934, 42.305110956297504 ], [ -72.194226416453333, 42.306120954042051 ], [ -72.19345341835519, 42.308009952150783 ], [ -72.19403141640349, 42.309209950121137 ], [ -72.197239406629819, 42.310631945799408 ], [ -72.200394397143825, 42.311398942402533 ], [ -72.203669387584526, 42.310791940691111 ], [ -72.207183377042583, 42.311521937091662 ], [ -72.204990384620146, 42.306236945479213 ], [ -72.213973360590003, 42.294256953244378 ], [ -72.21674535245289, 42.294055951183317 ], [ -72.216262352770713, 42.2993069451568 ], [ -72.212775362603935, 42.301513945249063 ], [ -72.212228363999401, 42.302564944382667 ], [ -72.213067361260258, 42.303808942174157 ], [ -72.212852361107849, 42.307565937690242 ], [ -72.212144362645219, 42.310217934946195 ], [ -72.210795366391054, 42.311379934527764 ], [ -72.232935301681877, 42.307874921756138 ], [ -72.244543267778681, 42.30603291480152 ], [ -72.261545242469438, 42.303330905520824 ], [ -72.261922241787488, 42.305257903318953 ], [ -72.268653236411552, 42.303523900449683 ], [ -72.274639231575435, 42.301962897795661 ], [ -72.280003223357312, 42.329090869713916 ], [ -72.277079225568059, 42.329404870975139 ], [ -72.278491223498762, 42.336464863827466 ], [ -72.281382221375679, 42.33612686272717 ], [ -72.284231217299308, 42.352009847494479 ], [ -72.288559214246675, 42.352077845751303 ], [ -72.288531214257517, 42.352158845693715 ] ] ] } },
{ "type": "Feature", "properties": { "STATEFP": "25", "COUNTYFP": "027", "COUSUBFP": "30945", "NAME": "Hopedale", "NAMELSAD": "Hopedale town", "GEOID": "2502730945" }, "geometry": { "type": "Polygon", "coordinates": [ [ [ -71.57146077643749, 42.148919324799756 ], [ -71.571402779313061, 42.151845315454501 ], [ -71.560954777824037, 42.158315311090313 ], [ -71.560960775280776, 42.155804319633859 ], [ -71.563222774577639, 42.153398324062472 ], [ -71.555793764079255, 42.148715352797005 ], [ -71.551853758476653, 42.146241368483018 ], [ -71.539302740422684, 42.138359420668543 ], [ -71.538090739083188, 42.13799842436751 ], [ -71.528687724488449, 42.131298468996313 ], [ -71.525570719473677, 42.128953484761077 ], [ -71.519237709216284, 42.124191517547906 ], [ -71.516308706738016, 42.124106524236524 ], [ -71.509843701270199, 42.123923539010185 ], [ -71.509038699939566, 42.123308543393478 ], [ -71.507097696084415, 42.121243556548585 ], [ -71.506270692911571, 42.118977568207768 ], [ -71.501782687550602, 42.117472584955564 ], [ -71.501393686347981, 42.116677589355831 ], [ -71.501263680703858, 42.111685611732902 ], [ -71.50307868066956, 42.110285613569907 ], [ -71.50059967545603, 42.107457632058313 ], [ -71.501225674305488, 42.105945637214532 ], [ -71.499689671064715, 42.103490651037006 ], [ -71.507768675899399, 42.10237363643396 ], [ -71.517063680608075, 42.099436625077921 ], [ -71.518191681548416, 42.099415622249687 ], [ -71.522607686463019, 42.100479606516743 ], [ -71.523344687345613, 42.100716603666108 ], [ -71.52376168806579, 42.101056601224037 ], [ -71.52441368880848, 42.101231598852067 ], [ -71.525003689795938, 42.101684595524951 ], [ -71.526108691315272, 42.102226590543744 ], [ -71.52690669266731, 42.10285758600412 ], [ -71.529254695877441, 42.104001575558577 ], [ -71.535874709343972, 42.111458530379188 ], [ -71.541827721593322, 42.118425490212459 ], [ -71.543181723655508, 42.119333483783436 ], [ -71.544655726132788, 42.120549475994068 ], [ -71.550044732752809, 42.122680456350352 ], [ -71.553902741087299, 42.127732430091946 ], [ -71.556019743714074, 42.128626422520853 ], [ -71.560249751079553, 42.132514400401774 ], [ -71.569338768501098, 42.142637348996836 ], [ -71.571591770001234, 42.142367345702937 ], [ -71.57146077643749, 42.148919324799756 ] ] ] } },
{ "type": "Feature", "properties": { "STATEFP": "25", "COUNTYFP": "027", "COUSUBFP": "41585", "NAME": "Millville", "NAMELSAD": "Millville town", "GEOID": "2502741585" }, "geometry": { "type": "Polygon", "coordinates": [ [ [ -71.591951710033655, 42.063695534424433 ], [ -71.563917684878064, 42.064056622724998 ], [ -71.563762654098923, 42.033728725075761 ], [ -71.563725646751067, 42.026490749526218 ], [ -71.563665655588395, 42.014283763400179 ], [ -71.576908647267018, 42.014098737923995 ], [ -71.591103853284736, 42.013771917838532 ], [ -71.591342674864819, 42.027884639819369 ], [ -71.591500683697234, 42.036866613295594 ], [ -71.591861705063991, 42.058634549287227 ], [ -71.591951710033655, 42.063695534424433 ] ] ] } },
{ "type": "Feature", "properties": { "STATEFP": "25", "COUNTYFP": "027", "COUSUBFP": "51825", "NAME": "Oxford", "NAMELSAD": "Oxford town", "GEOID": "2502751825" }, "geometry": { "type": "Polygon", "coordinates": [ [ [ -71.916970910351949, 42.190862073412227 ], [ -71.89717391634278, 42.192280066997697 ], [ -71.895135916944767, 42.192425066308211 ], [ -71.875802893035214, 42.170120037686807 ], [ -71.858096887222985, 42.160706026570708 ], [ -71.85592688785249, 42.160624026210336 ], [ -71.837875893145139, 42.159940023333007 ], [ -71.834924894021157, 42.159829022883777 ], [ -71.831504899860917, 42.164253024789147 ], [ -71.82595990325288, 42.165820024607427 ], [ -71.825488897301739, 42.159920021699314 ], [ -71.834485891413465, 42.157257021392624 ], [ -71.834105889120409, 42.15499002009539 ], [ -71.830480891570133, 42.156082020348478 ], [ -71.824853892785995, 42.1553320194474 ], [ -71.829591880091186, 42.144860014489069 ], [ -71.831942877998031, 42.143775013904374 ], [ -71.829530863863283, 42.129391006539585 ], [ -71.817956873136367, 42.13326400973213 ], [ -71.813082867486941, 42.125274007289953 ], [ -71.797177851307879, 42.099172004086441 ], [ -71.809217840489055, 42.095362997944179 ], [ -71.811328842619417, 42.098870998260431 ], [ -71.830064825064923, 42.092777987478101 ], [ -71.840595814743594, 42.089323980516824 ], [ -71.881509771720431, 42.075892947378811 ], [ -71.891139760921121, 42.072731938171827 ], [ -71.894437782237915, 42.090585955454138 ], [ -71.895113786671757, 42.09424795912728 ], [ -71.909235773859308, 42.091260949174632 ], [ -71.911895786247555, 42.101316960378028 ], [ -71.899489797258596, 42.104113968318984 ], [ -71.902779817835736, 42.120637986286177 ], [ -71.902812818043429, 42.120802986470395 ], [ -71.906909843854052, 42.141046009796177 ], [ -71.909676861812343, 42.154812026491612 ], [ -71.913974890159537, 42.176064053590956 ], [ -71.916970910351949, 42.190862073412227 ] ] ] } },
{ "type": "Feature", "properties": { "STATEFP": "25", "COUNTYFP": "027", "COUSUBFP": "52420", "NAME": "Paxton", "NAMELSAD": "Paxton town", "GEOID": "2502752420" }, "geometry": { "type": "Polygon", "coordinates": [ [ [ -71.993781001443011, 42.319336074183653 ], [ -71.971656053919517, 42.329139042627247 ], [ -71.953957100979039, 42.333528025617966 ], [ -71.920624215442004, 42.347577986005099 ], [ -71.91876922176769, 42.347982984591063 ], [ -71.905408264659116, 42.349427977041529 ], [ -71.901722253551, 42.341663988100215 ], [ -71.905838239201387, 42.340507991726227 ], [ -71.903504232032361, 42.335673998529998 ], [ -71.911224206339426, 42.333299005990071 ], [ -71.904861188029301, 42.320879023155008 ], [ -71.90100917460569, 42.31335303313832 ], [ -71.89145313708967, 42.295745054891384 ], [ -71.881700156478729, 42.297586045558063 ], [ -71.880516160253194, 42.298197043861144 ], [ -71.878992160007826, 42.297516043862224 ], [ -71.879521145977463, 42.293724049841785 ], [ -71.882155136551049, 42.291955054298583 ], [ -71.875389125189699, 42.286544057502866 ], [ -71.88404409818078, 42.281253071759565 ], [ -71.885642107786325, 42.284579067916596 ], [ -71.908188082714275, 42.283636086047878 ], [ -71.960535029429323, 42.281425129082017 ], [ -71.967292048356555, 42.310682076720816 ], [ -71.977641029717773, 42.310464083298015 ], [ -71.98940700868711, 42.310188090864372 ], [ -71.993781001443011, 42.319336074183653 ] ] ] } },
{ "type": "Feature", "properties": { "STATEFP": "25", "COUNTYFP": "027", "COUSUBFP": "63165", "NAME": "Southborough", "NAMELSAD": "Southborough town", "GEOID": "2502763165" }, "geometry": { "type": "Polygon", "coordinates": [ [ [ -71.585210922658803, 42.310951936715853 ], [ -71.578250902131657, 42.315016932106609 ], [ -71.570308875851424, 42.319660926743403 ], [ -71.569085871533815, 42.320372925911457 ], [ -71.551126803406632, 42.326394918103766 ], [ -71.537316749139848, 42.3279689151871 ], [ -71.531883727300212, 42.328586914024079 ], [ -71.516527664066174, 42.330335910682926 ], [ -71.511238647004319, 42.328804911893634 ], [ -71.50821663756183, 42.327927912598199 ], [ -71.486797617408442, 42.330188902376982 ], [ -71.486744618206771, 42.32993690262353 ], [ -71.485109639919827, 42.323163909103052 ], [ -71.486350674884918, 42.310448923607382 ], [ -71.48989768987947, 42.30365493315572 ], [ -71.493182704113522, 42.297281942226206 ], [ -71.497046720871012, 42.289828953018599 ], [ -71.499015729378371, 42.286061958554306 ], [ -71.499575731801059, 42.284991960135848 ], [ -71.505882775627668, 42.272937974128226 ], [ -71.505928792691392, 42.266577981269215 ], [ -71.506478799504634, 42.264275983853814 ], [ -71.50898580199248, 42.264485983619558 ], [ -71.510226800925523, 42.265517982467877 ], [ -71.510540799561113, 42.26622698167715 ], [ -71.513882800677877, 42.267584980177872 ], [ -71.518221806220936, 42.267714980055587 ], [ -71.522178814075886, 42.266453981462512 ], [ -71.522385814377927, 42.266436981481895 ], [ -71.524931818678184, 42.265904982073245 ], [ -71.527995821487337, 42.26652498140438 ], [ -71.532255827682533, 42.266105981873757 ], [ -71.533937831109355, 42.265265982788243 ], [ -71.538011837133553, 42.264562983552224 ], [ -71.539632841370349, 42.262792985455889 ], [ -71.541692842327478, 42.263965984194598 ], [ -71.544618845270435, 42.264475983649405 ], [ -71.547949847947692, 42.265936982097919 ], [ -71.550115850634938, 42.266022982012373 ], [ -71.542937840141661, 42.267179980754605 ], [ -71.542738836929516, 42.269742978010001 ], [ -71.54601883839581, 42.272924974644617 ], [ -71.562426858683082, 42.288841958254629 ], [ -71.580033904452307, 42.305891941521288 ], [ -71.585210922658803, 42.310951936715853 ] ] ] } },
{ "type": "Feature", "properties": { "STATEFP": "25", "COUNTYFP": "027", "COUSUBFP": "66105", "NAME": "Spencer", "NAMELSAD": "Spencer town", "GEOID": "2502766105" }, "geometry": { "type": "Polygon", "coordinates": [ [ [ -72.041168868385313, 42.308697068634181 ], [ -71.98940700868711, 42.310188090864372 ], [ -71.977641029717773, 42.310464083298015 ], [ -71.967292048356555, 42.310682076720816 ], [ -71.960535029429323, 42.281425129082017 ], [ -71.954656003109946, 42.255855173099668 ], [ -71.948928966024852, 42.230951149073491 ], [ -71.946281948276678, 42.219380129224106 ], [ -71.941889919521103, 42.200262097601581 ], [ -71.939356903261526, 42.189238080039367 ], [ -71.974800891686854, 42.186834089522378 ], [ -71.992331885696558, 42.185645093658003 ], [ -72.019886826008332, 42.183762071840981 ], [ -72.026223871613524, 42.220951140536172 ], [ -72.030359900620496, 42.24520318542325 ], [ -72.0326659006722, 42.258745175271535 ], [ -72.041168868385313, 42.308697068634181 ] ] ] } },
{ "type": "Feature", "properties": { "STATEFP": "25", "COUNTYFP": "005", "COUSUBFP": "46598", "NAME": "North Attleborough Town", "NAMELSAD": "North Attleborough Town city", "GEOID": "2500546598" }, "geometry": { "type": "Polygon", "coordinates": [ [ [ -71.381700662206327, 41.915578061658763 ], [ -71.381700673590132, 41.922699937863356 ], [ -71.381600674088588, 41.922899938274483 ], [ -71.381482612774064, 41.947766543460595 ], [ -71.381458414542394, 41.952863284384023 ], [ -71.381458404776183, 41.952865341376231 ], [ -71.381401741459925, 41.964800025821582 ], [ -71.381501744305609, 41.966700029800684 ], [ -71.381492730132933, 41.97140025839488 ], [ -71.381471029670053, 41.982715455585229 ], [ -71.381466484576265, 41.985085388207445 ], [ -71.364344808244198, 41.985294067061488 ], [ -71.342822865403065, 41.993547082179219 ], [ -71.338795876231487, 41.995093084995972 ], [ -71.326932908370736, 41.999648093266579 ], [ -71.303616960137177, 42.00858604893461 ], [ -71.288265993105981, 42.014463017541203 ], [ -71.275141007368134, 41.9962060811039 ], [ -71.268740002804378, 41.987301062268095 ], [ -71.291074928829502, 41.971862032652474 ], [ -71.296414911467764, 41.968164025517517 ], [ -71.307858874716274, 41.960248010192871 ], [ -71.33271579691592, 41.943033976618558 ], [ -71.335958786971986, 41.940786972210894 ], [ -71.340355774504289, 41.938280967346472 ], [ -71.352361740804199, 41.931421953985797 ], [ -71.352805739569462, 41.931168953491806 ], [ -71.353050738889465, 41.931029953220452 ], [ -71.37285068455266, 41.91971893103932 ], [ -71.381700660989694, 41.914816921388891 ], [ -71.381700662206327, 41.915578061658763 ] ] ] } },
{ "type": "Feature", "properties": { "STATEFP": "25", "COUNTYFP": "001", "COUSUBFP": "74385", "NAME": "Wellfleet", "NAMELSAD": "Wellfleet town", "GEOID": "2500174385" }, "geometry": { "type": "Polygon", "coordinates": [ [ [ -70.077294071732325, 41.957845765345084 ], [ -70.038801652564487, 41.962868813954252 ], [ -70.0280716416529, 41.963997818367986 ], [ -69.997126833178669, 41.966758443018321 ], [ -69.986197479246371, 41.949770209263839 ], [ -69.986086583866012, 41.949597837073341 ], [ -69.986025657918759, 41.949465801663386 ], [ -69.983711246017492, 41.944450133625324 ], [ -69.96859953446311, 41.911700849540388 ], [ -69.957461693440322, 41.879901386094268 ], [ -69.97964350811047, 41.877258844993612 ], [ -69.981583509086576, 41.877102843675999 ], [ -69.987754512995309, 41.877420839439296 ], [ -69.990117514147002, 41.877196837832997 ], [ -69.993011514816047, 41.876193835886767 ], [ -69.998831518895145, 41.876880831878807 ], [ -70.000526520726552, 41.877702830681152 ], [ -70.004498522937595, 41.877614827791774 ], [ -70.005373524227934, 41.878349827156988 ], [ -70.004604525492326, 41.879965827714194 ], [ -70.006445632429461, 41.880814311002524 ], [ -70.005764528275321, 41.881924826888707 ], [ -70.000189530055621, 41.886938830768749 ], [ -70.00292353535292, 41.890315828854099 ], [ -70.012155542970234, 41.891656822621805 ], [ -70.018498547089436, 41.891528818339118 ], [ -70.024241556681105, 41.896343814825386 ], [ -70.02433655969898, 41.898820814949403 ], [ -70.021213559004522, 41.900148817053207 ], [ -70.013607554649553, 41.901210821969997 ], [ -70.0134210034566, 41.904970264971944 ], [ -70.013370559817801, 41.905986822280255 ], [ -70.02009056683319, 41.907582818212447 ], [ -70.025554576023822, 41.911699815190609 ], [ -70.032306592340021, 41.920441812080256 ], [ -70.032025596776094, 41.924207812632794 ], [ -70.02870772157894, 41.927878108480385 ], [ -70.027393598868912, 41.929331815624373 ], [ -70.035236606998694, 41.93003981154947 ], [ -70.044996616061368, 41.930049806403517 ], [ -70.054963622330376, 41.927917800737262 ], [ -70.059004622752838, 41.925618798095627 ], [ -70.061618622047192, 41.923496796210777 ], [ -70.057816614436945, 41.920489797700036 ], [ -70.054204611955782, 41.920949799823987 ], [ -70.058948610606564, 41.917105796359394 ], [ -70.06313861138689, 41.91521079351881 ], [ -70.065672608281872, 41.9116587912103 ], [ -70.065724590709038, 41.89964178837409 ], [ -70.068987588041679, 41.896256785441665 ], [ -70.066372571637018, 41.886348784821116 ], [ -70.066847567508233, 41.883340783776212 ], [ -70.069011571200946, 41.884924782638301 ], [ -70.073040596232701, 41.899783783702674 ], [ -70.074007656041957, 41.938650793384078 ], [ -70.077226666470551, 41.94335879309827 ], [ -70.077294071732325, 41.957845765345084 ] ] ] } },
{ "type": "Feature", "properties": { "STATEFP": "25", "COUNTYFP": "023", "COUSUBFP": "54310", "NAME": "Plymouth", "NAMELSAD": "Plymouth town", "GEOID": "2502354310" }, "geometry": { "type": "MultiPolygon", "coordinates": [ [ [ [ -70.639657240459641, 42.010796577163006 ], [ -70.636389257702646, 42.013830560143546 ], [ -70.633952281918866, 42.012032566662818 ], [ -70.634428298245098, 42.004968600237888 ], [ -70.629859344941025, 42.001456612458568 ], [ -70.62420737661256, 42.006028586247503 ], [ -70.614225439856384, 42.011149554638898 ], [ -70.615554663215008, 42.013520180797208 ], [ -70.612655444550768, 42.013551542699133 ], [ -70.612823444306429, 42.013215544322811 ], [ -70.608900475131364, 42.013200541271537 ], [ -70.609303470725038, 42.01358353990873 ], [ -70.608473245349217, 42.013590694990569 ], [ -70.597894591192741, 42.004550569343188 ], [ -70.602706560841398, 42.002144584052296 ], [ -70.614048455645147, 42.00661257469222 ], [ -70.622544401645058, 42.002142602481129 ], [ -70.631921265546524, 41.9928645950882 ], [ -70.639139218081354, 41.9938956051882 ], [ -70.641201241588561, 42.005925601720421 ], [ -70.639657240459641, 42.010796577163006 ] ] ], [ [ [ -70.753527936872104, 41.933241393856839 ], [ -70.734936121619498, 41.945516448923485 ], [ -70.721708275086769, 41.95424548734006 ], [ -70.704270534191693, 41.972056562350204 ], [ -70.694525685192545, 41.981995600766354 ], [ -70.693745697557546, 41.982801603781361 ], [ -70.693459644786898, 41.983093430066248 ], [ -70.690987706636605, 41.981298595126653 ], [ -70.681358762306274, 41.979145578997745 ], [ -70.678823765184589, 41.977178568883673 ], [ -70.676258743611925, 41.972286546531436 ], [ -70.672700393540055, 41.968592498167617 ], [ -70.666618160722052, 41.962278320604476 ], [ -70.664483725388152, 41.960062489673973 ], [ -70.660166222695466, 41.957164616683315 ], [ -70.656512395420478, 41.954712197835747 ], [ -70.653203738442841, 41.952491454894833 ], [ -70.652379025980494, 41.95208250151596 ], [ -70.646786754264895, 41.949309440405187 ], [ -70.64535805288503, 41.949323060341058 ], [ -70.639758803208593, 41.949376438475902 ], [ -70.632013825088308, 41.946033423835274 ], [ -70.630575835073742, 41.946055423528975 ], [ -70.630322846157298, 41.947048427072517 ], [ -70.630337920027188, 41.947065697709782 ], [ -70.630578608787829, 41.947341462881063 ], [ -70.636385640396426, 41.953994775003089 ], [ -70.636936019180311, 41.954625362711319 ], [ -70.638467876797094, 41.956380464272996 ], [ -70.640133184413784, 41.95897227412091 ], [ -70.643956770953551, 41.964923133780104 ], [ -70.644006063269686, 41.964999850158335 ], [ -70.645936325051196, 41.968004024418505 ], [ -70.648314971744085, 41.97170604595145 ], [ -70.648687947991533, 41.97228652992564 ], [ -70.652902695870608, 41.976840652412115 ], [ -70.653009957513021, 41.976956550860059 ], [ -70.652508978346063, 41.978871558033397 ], [ -70.649361999903107, 41.978620554901035 ], [ -70.645547997681007, 41.975197539185075 ], [ -70.631574893768956, 41.953022449247889 ], [ -70.62394685147666, 41.943061411099102 ], [ -70.616492873783599, 41.940204399488678 ], [ -70.608167934202257, 41.940701399536024 ], [ -70.598080073539577, 41.947772420329457 ], [ -70.591595133957824, 41.949326423330866 ], [ -70.583574196280495, 41.950007422912279 ], [ -70.567769190788283, 41.939499388001437 ], [ -70.565976166938384, 41.93622737844337 ], [ -70.560776747858071, 41.933599931819153 ], [ -70.554616147170435, 41.930486767689757 ], [ -70.552943178575788, 41.929641359087263 ], [ -70.543977197631676, 41.926279350006467 ], [ -70.542181629228836, 41.926464686309394 ], [ -70.539191233677101, 41.926773351146437 ], [ -70.540069192338237, 41.923673343447774 ], [ -70.537872174530065, 41.920946336766917 ], [ -70.541935126284997, 41.918945331533102 ], [ -70.5449181043696, 41.918637330521932 ], [ -70.546388073834521, 41.916751325557193 ], [ -70.547412012825788, 41.911934313006462 ], [ -70.545950967154113, 41.90715830099662 ], [ -70.534285534281324, 41.892358907247896 ], [ -70.532085842639191, 41.889568262101108 ], [ -70.532973793888218, 41.885818252702308 ], [ -70.531440743935889, 41.880858241655588 ], [ -70.531326463487346, 41.878271362258751 ], [ -70.530979623734481, 41.870420217125975 ], [ -70.530495568216992, 41.865492205788541 ], [ -70.525568512153185, 41.858730193913914 ], [ -70.532551267290813, 41.84066214477614 ], [ -70.533151013526378, 41.83969273944934 ], [ -70.536265181387336, 41.834659126142618 ], [ -70.542066118008435, 41.831263110948804 ], [ -70.543169035312829, 41.82444609239213 ], [ -70.541030943699866, 41.815754073369341 ], [ -70.537290234960665, 41.810859127669204 ], [ -70.545869785989552, 41.803516035281412 ], [ -70.54588778574464, 41.803500035212615 ], [ -70.547559763534053, 41.802056028900338 ], [ -70.560881590521518, 41.790543976395668 ], [ -70.565363533902755, 41.786668957849542 ], [ -70.568570512919848, 41.785646949301977 ], [ -70.60293929767569, 41.774695852474828 ], [ -70.603945290841992, 41.7742958492342 ], [ -70.632555104210837, 41.7629037527322 ], [ -70.632644107379932, 41.763265753876325 ], [ -70.634318121383416, 41.765219757644552 ], [ -70.636310150981217, 41.768958767486623 ], [ -70.633483178039384, 41.771045780762186 ], [ -70.633054192324281, 41.772446786744965 ], [ -70.630080219729422, 41.774485799915311 ], [ -70.630720233728766, 41.776161804796416 ], [ -70.630688238831155, 41.776693806794285 ], [ -70.630573241146678, 41.776904807778926 ], [ -70.630351242533763, 41.776984808487363 ], [ -70.630198244743369, 41.777172809458371 ], [ -70.629984246647581, 41.777309810357728 ], [ -70.629809245590295, 41.777144810086845 ], [ -70.62964024854756, 41.777406811354751 ], [ -70.629457252699865, 41.777790813090107 ], [ -70.629058269045402, 41.779397819654832 ], [ -70.630971288314939, 41.782035825734667 ], [ -70.630496311704917, 41.784367835083671 ], [ -70.630636334948804, 41.786879843980032 ], [ -70.627395349329973, 41.787341851326595 ], [ -70.626406371326411, 41.789330860190255 ], [ -70.618221527819117, 41.802797921198248 ], [ -70.616634558765966, 41.805409932705942 ], [ -70.631656514517871, 41.806321913232821 ], [ -70.632841509773201, 41.80626291123108 ], [ -70.643564466521298, 41.805677892842105 ], [ -70.717536175152873, 41.801509761015446 ], [ -70.717773191360749, 41.80381377158394 ], [ -70.716925196303237, 41.804082774162907 ], [ -70.717780206590177, 41.805878781378539 ], [ -70.716580230153113, 41.80848579553242 ], [ -70.717159239451519, 41.810022801962162 ], [ -70.71525226753073, 41.812865818153767 ], [ -70.715898281241863, 41.815031827467422 ], [ -70.714541297049138, 41.816469836130608 ], [ -70.715041302538211, 41.817459840108228 ], [ -70.713700317536933, 41.81878384815694 ], [ -70.71161934402933, 41.821243862450963 ], [ -70.708555376324753, 41.823925878906834 ], [ -70.708287399493216, 41.82683189269887 ], [ -70.706359424319345, 41.829063905375492 ], [ -70.705014432688628, 41.829440908742122 ], [ -70.700711444573088, 41.82871391066638 ], [ -70.699726456443329, 41.829721916425186 ], [ -70.697570462725395, 41.829400917590476 ], [ -70.697547470081119, 41.830324921768323 ], [ -70.695195498721375, 41.832725935306193 ], [ -70.693733532891855, 41.836260952723606 ], [ -70.689827565293669, 41.838232965785629 ], [ -70.689657579052209, 41.839852973086259 ], [ -70.683788644894221, 41.844802000789741 ], [ -70.681142662615684, 41.84552800659165 ], [ -70.683548679211086, 41.84886401855497 ], [ -70.702512761768489, 41.870622099329772 ], [ -70.715944808770942, 41.886058163003881 ], [ -70.722660828662853, 41.893779196831275 ], [ -70.736425861879709, 41.909606270292485 ], [ -70.750651889370744, 41.925942352819618 ], [ -70.751154897206831, 41.927141359670621 ], [ -70.753527936872104, 41.933241393856839 ] ] ] ] } },
{ "type": "Feature", "properties": { "STATEFP": "25", "COUNTYFP": "017", "COUSUBFP": "69415", "NAME": "Tewksbury", "NAMELSAD": "Tewksbury town", "GEOID": "2501769415" }, "geometry": { "type": "Polygon", "coordinates": [ [ [ -71.283427060065662, 42.615298748001095 ], [ -71.277791058282077, 42.620846767352155 ], [ -71.276420049871831, 42.624396773220326 ], [ -71.276083047830127, 42.625267774701385 ], [ -71.275852046420525, 42.625868775727248 ], [ -71.274709039440197, 42.628858780918463 ], [ -71.272766015430037, 42.637340791892477 ], [ -71.271187996205271, 42.644241801451592 ], [ -71.27155498779436, 42.646190801105313 ], [ -71.271706980614212, 42.648017801500018 ], [ -71.275153937619635, 42.656215791642119 ], [ -71.264346974275767, 42.657666837453021 ], [ -71.258481999618354, 42.656922861302093 ], [ -71.257135004805988, 42.656931866912949 ], [ -71.256188007747539, 42.657144871053916 ], [ -71.239065020397689, 42.648914868296067 ], [ -71.229261002194818, 42.644206846116845 ], [ -71.198950951107946, 42.629651780142858 ], [ -71.176212917968556, 42.6187237332176 ], [ -71.175995917668416, 42.618620732781416 ], [ -71.171757912145878, 42.616544724253487 ], [ -71.172959922222006, 42.615011725033206 ], [ -71.176115934061826, 42.614610729839235 ], [ -71.178387956558552, 42.610798730498708 ], [ -71.177494961017786, 42.608957727614438 ], [ -71.182022977540541, 42.608430734411932 ], [ -71.181348975621873, 42.608372733291475 ], [ -71.16487896549539, 42.598020699472677 ], [ -71.16555696922228, 42.597621700227791 ], [ -71.175195020418158, 42.592265710947956 ], [ -71.180597070971316, 42.583628712232866 ], [ -71.188558143985617, 42.570893713365017 ], [ -71.190824164439263, 42.567268713522388 ], [ -71.192646179900294, 42.564582713791793 ], [ -71.198854186134426, 42.5675197250672 ], [ -71.211127199462055, 42.573312747822676 ], [ -71.211296199664588, 42.573389748137835 ], [ -71.225669217390177, 42.580035775461745 ], [ -71.237027232518983, 42.585310797678922 ], [ -71.251331245176431, 42.591908821089888 ], [ -71.262263194585543, 42.596946798336333 ], [ -71.272883144005192, 42.601852773455818 ], [ -71.280226108248399, 42.60523975464374 ], [ -71.296319027574313, 42.612666708825721 ], [ -71.283427060065662, 42.615298748001095 ] ] ] } },
{ "type": "Feature", "properties": { "STATEFP": "25", "COUNTYFP": "013", "COUSUBFP": "52144", "NAME": "Palmer Town", "NAMELSAD": "Palmer Town city", "GEOID": "2501352144" }, "geometry": { "type": "Polygon", "coordinates": [ [ [ -72.395478046028586, 42.185736726206684 ], [ -72.360766086051797, 42.189521758614127 ], [ -72.358219088986644, 42.189801761037771 ], [ -72.360159087364934, 42.190144760114705 ], [ -72.361667089497203, 42.193484764476963 ], [ -72.361275091163307, 42.194628766678434 ], [ -72.359384092692153, 42.194250767541504 ], [ -72.359859094486637, 42.196320770606548 ], [ -72.360999094347378, 42.19725677125011 ], [ -72.363529091482974, 42.197017768833732 ], [ -72.363853092185082, 42.197954770116539 ], [ -72.362646094051385, 42.198521772020591 ], [ -72.363477097083617, 42.202039777145025 ], [ -72.364603097154074, 42.203148778044039 ], [ -72.364979100685431, 42.206692783548789 ], [ -72.36466710163144, 42.207259784741119 ], [ -72.361991104445664, 42.207327787101597 ], [ -72.363292101679264, 42.206028783868227 ], [ -72.361477102870268, 42.205423784382788 ], [ -72.359038106568477, 42.206511788224809 ], [ -72.357338111054176, 42.209002793811756 ], [ -72.355018113263171, 42.2088537955267 ], [ -72.353714112573329, 42.207014793529531 ], [ -72.352323113996206, 42.20701379469503 ], [ -72.350369117658289, 42.20852579890478 ], [ -72.349305120602367, 42.210214802682408 ], [ -72.34739412247373, 42.210139804182326 ], [ -72.346547124049735, 42.210786806013594 ], [ -72.345540127683293, 42.213160810955848 ], [ -72.346193130107551, 42.215977815227767 ], [ -72.343207136081617, 42.218649822461344 ], [ -72.341680138274796, 42.219231824824462 ], [ -72.336320144076367, 42.219544830137337 ], [ -72.335968145105909, 42.220158831530135 ], [ -72.294493199458557, 42.231432890258851 ], [ -72.281295216670998, 42.235019909741169 ], [ -72.27767021829105, 42.23310290937092 ], [ -72.273772225165544, 42.235846918570218 ], [ -72.271439228080681, 42.236367921852789 ], [ -72.270548229789313, 42.237125924240161 ], [ -72.268231223813743, 42.229310910581042 ], [ -72.25761423517919, 42.229873921617951 ], [ -72.249755253272568, 42.239016948224467 ], [ -72.247013264510571, 42.242093957511152 ], [ -72.221218343219462, 42.245251990516103 ], [ -72.23912727085262, 42.226811933444068 ], [ -72.255674215788346, 42.209706881404216 ], [ -72.257504211905484, 42.207808875907965 ], [ -72.260159207130172, 42.20586886966457 ], [ -72.262792200891496, 42.202533860614629 ], [ -72.264108196318873, 42.199500853318192 ], [ -72.264691192769675, 42.196724847163956 ], [ -72.264398189674367, 42.193528840851201 ], [ -72.263276189843566, 42.192600839826291 ], [ -72.263132187344809, 42.190108834821537 ], [ -72.263750184810178, 42.18832283068236 ], [ -72.263924179857725, 42.18383082133991 ], [ -72.263247178696332, 42.182078818247561 ], [ -72.263951176510403, 42.180706814915219 ], [ -72.263204175206724, 42.178751811448478 ], [ -72.26165417487455, 42.176926808813057 ], [ -72.262368172774273, 42.175645805666591 ], [ -72.263938170182527, 42.174738802689326 ], [ -72.263472169131902, 42.173294800056212 ], [ -72.261603169373302, 42.171694798073617 ], [ -72.262069166925045, 42.169844793942474 ], [ -72.264742161235461, 42.167105786495782 ], [ -72.267114157556577, 42.165967782570704 ], [ -72.268231152922837, 42.162706775190394 ], [ -72.266821152070435, 42.160523771670292 ], [ -72.268220149401699, 42.159387768450742 ], [ -72.268381148063852, 42.158288766113387 ], [ -72.267156147398254, 42.156460763175474 ], [ -72.265897148356657, 42.156124763287728 ], [ -72.265273147413126, 42.154623760613418 ], [ -72.266775144679613, 42.153530757443789 ], [ -72.267956138340907, 42.148735746956355 ], [ -72.269252135731136, 42.147560743791388 ], [ -72.268995134262056, 42.14592774063064 ], [ -72.271573128538179, 42.143095733387327 ], [ -72.273080126707384, 42.142863732046202 ], [ -72.274455126206831, 42.143748733026648 ], [ -72.28039611960908, 42.14341472890257 ], [ -72.281477116475813, 42.141547724579233 ], [ -72.284644112721978, 42.141151721983562 ], [ -72.290696107334341, 42.142060720286011 ], [ -72.293820106023546, 42.143895722026954 ], [ -72.296385103114147, 42.143695720147171 ], [ -72.297266103087679, 42.144530721233124 ], [ -72.302666097052537, 42.144192717429725 ], [ -72.308739091263917, 42.144737714898667 ], [ -72.311384086887685, 42.143260710602867 ], [ -72.313757085151977, 42.143959710516818 ], [ -72.31440908727761, 42.146552714921988 ], [ -72.316527086890744, 42.148244716772069 ], [ -72.318883082368373, 42.146354711902475 ], [ -72.323392080906473, 42.149360714666024 ], [ -72.324731079898157, 42.149723714510152 ], [ -72.326142080285834, 42.151437716735671 ], [ -72.33029607655314, 42.152003715193985 ], [ -72.332479078945823, 42.15628972144529 ], [ -72.33497507889156, 42.158627723984196 ], [ -72.338691075860581, 42.159403722950714 ], [ -72.341514072583138, 42.159101720602528 ], [ -72.341997073609363, 42.160498722713129 ], [ -72.343334072921365, 42.161143722958123 ], [ -72.345086069997095, 42.16014372009252 ], [ -72.346507070137363, 42.161622721707332 ], [ -72.348421067289081, 42.160846719128244 ], [ -72.354506061054593, 42.16094971533439 ], [ -72.35794305535849, 42.159034709895749 ], [ -72.360592052215679, 42.158692707620972 ], [ -72.364949044169634, 42.155528699627091 ], [ -72.365533042582996, 42.154645697812242 ], [ -72.370135036767962, 42.153740693461714 ], [ -72.378777026540121, 42.152672686383895 ], [ -72.382553022240856, 42.152360683557525 ], [ -72.386187018318751, 42.152254681148477 ], [ -72.389031015440835, 42.152343679530667 ], [ -72.389044015507537, 42.152415679633748 ], [ -72.395250045234377, 42.184815724980332 ], [ -72.395478046028586, 42.185736726206684 ] ] ] } },
{ "type": "Feature", "properties": { "STATEFP": "25", "COUNTYFP": "009", "COUSUBFP": "16250", "NAME": "Danvers", "NAMELSAD": "Danvers town", "GEOID": "2500916250" }, "geometry": { "type": "Polygon", "coordinates": [ [ [ -71.001964641007106, 42.565610447200761 ], [ -70.9978346278901, 42.567082439924512 ], [ -70.996362616795182, 42.569148436856509 ], [ -70.9967666048436, 42.571279437704064 ], [ -70.994469599315025, 42.572381432919272 ], [ -70.993446590921337, 42.573938430794165 ], [ -70.992637574253905, 42.576972429124162 ], [ -70.989836552709463, 42.580972423322955 ], [ -70.99130154993702, 42.58140442637017 ], [ -70.990828543623778, 42.58256042539449 ], [ -70.991645521766529, 42.58645242711367 ], [ -70.988088512818777, 42.588217419748808 ], [ -70.987325509242154, 42.588893418172681 ], [ -70.985581504143894, 42.589885414567291 ], [ -70.986058493191194, 42.59183141557417 ], [ -70.974371480911529, 42.594538391418894 ], [ -70.96588545798673, 42.599004373964561 ], [ -70.964807455015389, 42.599581371751206 ], [ -70.958384436402781, 42.603177358585512 ], [ -70.954721425246859, 42.605321351094126 ], [ -70.943860403888038, 42.609573328864172 ], [ -70.932421385874306, 42.613237305481661 ], [ -70.931214390632178, 42.612438302962296 ], [ -70.931089390631882, 42.612443302705422 ], [ -70.929451410469667, 42.608979299170088 ], [ -70.933858462275197, 42.599580307822372 ], [ -70.929546491309694, 42.594595298676609 ], [ -70.927496505116352, 42.592227294318391 ], [ -70.922341510384484, 42.591512283606598 ], [ -70.908380617926653, 42.573048253541586 ], [ -70.908399626423389, 42.571541253487304 ], [ -70.908588705109466, 42.557584253013758 ], [ -70.908899709813511, 42.556735253612445 ], [ -70.912393765462397, 42.546694260333346 ], [ -70.908398773011271, 42.545557251866711 ], [ -70.909928783629596, 42.543597254963267 ], [ -70.907921802614908, 42.540334250536866 ], [ -70.909290800886779, 42.540570253434403 ], [ -70.913489794597183, 42.541470262329369 ], [ -70.919409785470776, 42.542787274863926 ], [ -70.919412785402344, 42.542799274870902 ], [ -70.921432782316288, 42.54324427914522 ], [ -70.927826766129286, 42.545796292722969 ], [ -70.928733770481315, 42.544976294589922 ], [ -70.936648756311442, 42.547097311324549 ], [ -70.94095676066128, 42.546104320337101 ], [ -70.945535750012141, 42.547771330023821 ], [ -70.954662735253578, 42.549946349265326 ], [ -70.963114721598174, 42.551964367059803 ], [ -70.979832694757846, 42.55594240218867 ], [ -70.999319654477645, 42.562226443022531 ], [ -71.002812655835399, 42.563359448362121 ], [ -71.001964641007106, 42.565610447200761 ] ] ] } },
{ "type": "Feature", "properties": { "STATEFP": "25", "COUNTYFP": "027", "COUSUBFP": "55395", "NAME": "Princeton", "NAMELSAD": "Princeton town", "GEOID": "2502755395" }, "geometry": { "type": "Polygon", "coordinates": [ [ [ -71.920294505233485, 42.474538769173186 ], [ -71.933192434163473, 42.482922750376659 ], [ -71.919836547017596, 42.491446740494482 ], [ -71.909650602770824, 42.48449175597851 ], [ -71.88459781119019, 42.502504736781525 ], [ -71.874866825388537, 42.509519728466245 ], [ -71.864532835568127, 42.516932720504158 ], [ -71.861041864593346, 42.516373723335519 ], [ -71.856838869640484, 42.519082720902865 ], [ -71.849405931272813, 42.517902726925684 ], [ -71.84737197476467, 42.514704733353256 ], [ -71.842006012525232, 42.514678736187221 ], [ -71.842328029534201, 42.512629739382071 ], [ -71.822320255235596, 42.504274762377975 ], [ -71.830021201542507, 42.492185775020289 ], [ -71.835606119445373, 42.483595783483217 ], [ -71.831717118273232, 42.477850791876442 ], [ -71.827801115704077, 42.472060800087455 ], [ -71.827900089982549, 42.467111806008397 ], [ -71.827191076576383, 42.463567810440523 ], [ -71.824063087555771, 42.461819813262586 ], [ -71.823347068983011, 42.457374818662167 ], [ -71.821833070767212, 42.455920820677271 ], [ -71.822080062781652, 42.454687822070859 ], [ -71.820108061152609, 42.452096825457176 ], [ -71.820993048414607, 42.45069782692741 ], [ -71.819491054781295, 42.450195827765896 ], [ -71.817660045716451, 42.446463832353196 ], [ -71.813149067314953, 42.445562834034462 ], [ -71.814233052396006, 42.443998835642056 ], [ -71.821562983061369, 42.438914840586705 ], [ -71.831746890338934, 42.431825848163513 ], [ -71.886353474306716, 42.395876899105062 ], [ -71.887762465142373, 42.394949900702414 ], [ -71.906038418826782, 42.407103883328986 ], [ -71.965443175639862, 42.446606810100505 ], [ -71.920294505233485, 42.474538769173186 ] ] ] } },
{ "type": "Feature", "properties": { "STATEFP": "25", "COUNTYFP": "015", "COUSUBFP": "27690", "NAME": "Hadley", "NAMELSAD": "Hadley town", "GEOID": "2501527690" }, "geometry": { "type": "Polygon", "coordinates": [ [ [ -72.638910021209043, 42.347030660450201 ], [ -72.63751902330263, 42.349257663021405 ], [ -72.633941025779862, 42.351155666921244 ], [ -72.627857027996782, 42.351744671691392 ], [ -72.615220030647464, 42.350287679787307 ], [ -72.605903032851188, 42.349512685992188 ], [ -72.60297703372683, 42.349526688110465 ], [ -72.598394035428527, 42.350030691731376 ], [ -72.593236037819906, 42.351315696241208 ], [ -72.591375039071323, 42.352364698223127 ], [ -72.589220041093583, 42.354447701040826 ], [ -72.587593044129022, 42.358297704544874 ], [ -72.58745304608442, 42.361171706394032 ], [ -72.588417048220492, 42.36476570791524 ], [ -72.591210051430451, 42.37065370960741 ], [ -72.591805053557991, 42.374038711290581 ], [ -72.591402055603254, 42.376923713341085 ], [ -72.589579059860569, 42.382597718041289 ], [ -72.586389064813602, 42.388899723972337 ], [ -72.586176065492197, 42.389847724685588 ], [ -72.586991066465401, 42.391586725216399 ], [ -72.59023706864923, 42.395920725790269 ], [ -72.588887070782121, 42.398671728330783 ], [ -72.584712071882734, 42.398999731160103 ], [ -72.581291071580509, 42.397438732381005 ], [ -72.578967072042659, 42.397385733819483 ], [ -72.576673073278599, 42.398535735948251 ], [ -72.57530607509112, 42.400893738193496 ], [ -72.57476707791055, 42.405091740989668 ], [ -72.575054079275503, 42.407295742104196 ], [ -72.576458081738863, 42.411524743731732 ], [ -72.577916083025244, 42.413927744268776 ], [ -72.581143088102095, 42.422580747495502 ], [ -72.581103088107596, 42.42257874751774 ], [ -72.575917089430277, 42.42325575095537 ], [ -72.54419909711163, 42.427149771567791 ], [ -72.545822086721216, 42.41013876157534 ], [ -72.546776080537924, 42.400086755625971 ], [ -72.537844082880952, 42.400902761654187 ], [ -72.531586084521493, 42.401498765873995 ], [ -72.532253080947001, 42.395490762409452 ], [ -72.534576067827558, 42.373588749727809 ], [ -72.53545806288713, 42.365422744940531 ], [ -72.536463062442792, 42.365121744090494 ], [ -72.53578505964829, 42.359971741913775 ], [ -72.537042053515265, 42.35000373588737 ], [ -72.538301047409675, 42.340157729876516 ], [ -72.540902034556296, 42.319637717220118 ], [ -72.537986035843929, 42.320110719727872 ], [ -72.535151027675766, 42.30425171379585 ], [ -72.5399030258273, 42.304126709908275 ], [ -72.544658024972989, 42.305682706907263 ], [ -72.56495101627948, 42.303832689587523 ], [ -72.569306015066275, 42.304488686458683 ], [ -72.577285011109538, 42.302980679153819 ], [ -72.587961005346727, 42.300357668941167 ], [ -72.59532599851444, 42.294430659267924 ], [ -72.602123991441957, 42.288044649614214 ], [ -72.609947986311795, 42.285223641251605 ], [ -72.612006985722743, 42.2855726397515 ], [ -72.613137985755799, 42.286264639257048 ], [ -72.614448986111114, 42.287506638977334 ], [ -72.614700987930334, 42.290198640541782 ], [ -72.6137039898898, 42.292394642813463 ], [ -72.611289993254346, 42.295805647035564 ], [ -72.599228006207738, 42.307848664522595 ], [ -72.597169008838719, 42.310591667885028 ], [ -72.595272011945269, 42.314147671605923 ], [ -72.593694014089763, 42.316482674295507 ], [ -72.592722014802803, 42.317030675394534 ], [ -72.588321016962553, 42.317946679390268 ], [ -72.586607018086852, 42.318734681204404 ], [ -72.584238020651938, 42.321364684632975 ], [ -72.584380022307542, 42.323941686078228 ], [ -72.585786023217196, 42.326031686264884 ], [ -72.587460023380387, 42.3271206856489 ], [ -72.59294602198149, 42.327764681866249 ], [ -72.603414019821443, 42.329678675122111 ], [ -72.60822601947676, 42.331448672623004 ], [ -72.612283019491642, 42.333339670801521 ], [ -72.617706019988333, 42.336473668814058 ], [ -72.61849302023532, 42.337164668688217 ], [ -72.619499022058932, 42.340133669923929 ], [ -72.620793022900259, 42.341853670122092 ], [ -72.624558022823294, 42.343341668362875 ], [ -72.633691020874949, 42.344482662467222 ], [ -72.638016019336135, 42.34418865910272 ], [ -72.639129019930962, 42.345425659160775 ], [ -72.638910021209043, 42.347030660450201 ] ] ] } },
{ "type": "Feature", "properties": { "STATEFP": "25", "COUNTYFP": "009", "COUSUBFP": "70150", "NAME": "Topsfield", "NAMELSAD": "Topsfield town", "GEOID": "2500970150" }, "geometry": { "type": "Polygon", "coordinates": [ [ [ -70.983698372500996, 42.613598410928169 ], [ -70.982255355663483, 42.616677407998388 ], [ -70.976066332337822, 42.621101395358231 ], [ -70.976672325420282, 42.622318396620422 ], [ -70.976615321578379, 42.623009396514561 ], [ -70.971963311654051, 42.624964387016689 ], [ -70.969137311528783, 42.625093381230734 ], [ -70.968217305254555, 42.626251379371361 ], [ -70.968490300796333, 42.627039379947199 ], [ -70.972304288932406, 42.629022387791601 ], [ -70.974797256487193, 42.634745392989352 ], [ -70.97350024650838, 42.636580390374327 ], [ -70.973448244666059, 42.636912390274212 ], [ -70.976369222882767, 42.640713396294814 ], [ -70.975519214826491, 42.642187394587346 ], [ -70.969711201297883, 42.644812382812574 ], [ -70.960358179240416, 42.649077363895493 ], [ -70.964347116145419, 42.660232372271416 ], [ -70.967638064115064, 42.669442379136306 ], [ -70.968981042929073, 42.67319538192578 ], [ -70.967135046999545, 42.672521378190005 ], [ -70.965340050957678, 42.671866374555812 ], [ -70.936027102899644, 42.663486315082679 ], [ -70.927281083499537, 42.667207297580845 ], [ -70.920524068496448, 42.670077284089295 ], [ -70.916340121732048, 42.660753275116889 ], [ -70.904960116786711, 42.661986252163231 ], [ -70.903579126672923, 42.660278249257232 ], [ -70.903619131013187, 42.659508249287732 ], [ -70.905621135194266, 42.658704253289926 ], [ -70.905022172680148, 42.65208225164902 ], [ -70.901771169006807, 42.652839245100324 ], [ -70.898310196453139, 42.648095237748528 ], [ -70.900241199229285, 42.647539241635812 ], [ -70.897932215806676, 42.644683236743376 ], [ -70.896289221548983, 42.643723233332253 ], [ -70.895974246206464, 42.639372232383266 ], [ -70.902104249821221, 42.638518244822791 ], [ -70.904646251316535, 42.638164249983326 ], [ -70.907156266872292, 42.635319254922564 ], [ -70.907001270537378, 42.63467525456543 ], [ -70.904048283275898, 42.632524248395796 ], [ -70.906163294002795, 42.630547252591036 ], [ -70.907313293038769, 42.630676254950416 ], [ -70.908908298600593, 42.629632258146685 ], [ -70.91138629638111, 42.629935263232902 ], [ -70.91376430549586, 42.628231267995929 ], [ -70.916076303635677, 42.628476272740578 ], [ -70.916003308361113, 42.627640272543474 ], [ -70.91880931842114, 42.625750278181712 ], [ -70.91963931748117, 42.625886279888839 ], [ -70.919913321860662, 42.625098280407002 ], [ -70.917903329391947, 42.623836276219535 ], [ -70.918924335201666, 42.622766278252698 ], [ -70.918706329520489, 42.623783277862053 ], [ -70.920149332638331, 42.623175280785979 ], [ -70.924285328350678, 42.623781289294215 ], [ -70.925713332869208, 42.622924292177125 ], [ -70.927465365726604, 42.617015295476833 ], [ -70.930810388676178, 42.612802302148445 ], [ -70.931089390631882, 42.612443302705422 ], [ -70.931214390632178, 42.612438302962296 ], [ -70.932421385874306, 42.613237305481661 ], [ -70.943860403888038, 42.609573328864172 ], [ -70.954721425246859, 42.605321351094126 ], [ -70.958384436402781, 42.603177358585512 ], [ -70.964807455015389, 42.599581371751206 ], [ -70.966187446266332, 42.601089374636437 ], [ -70.96872444578139, 42.601070379873903 ], [ -70.970710435364111, 42.60285338400972 ], [ -70.973280433843229, 42.603019389315655 ], [ -70.975939421916138, 42.60504739483509 ], [ -70.98081341304588, 42.606438404902953 ], [ -70.982486397118691, 42.609228408384148 ], [ -70.985191382852847, 42.611680413978583 ], [ -70.983698372500996, 42.613598410928169 ] ] ] } },
{ "type": "Feature", "properties": { "STATEFP": "25", "COUNTYFP": "027", "COUSUBFP": "28950", "NAME": "Harvard", "NAMELSAD": "Harvard town", "GEOID": "2502728950" }, "geometry": { "type": "Polygon", "coordinates": [ [ [ -71.639207319660926, 42.530956668823386 ], [ -71.636651272082787, 42.533126659842878 ], [ -71.63643325759449, 42.534366655781447 ], [ -71.635886196359465, 42.540000637666132 ], [ -71.634012169029219, 42.54087563297557 ], [ -71.632018113486197, 42.544517619268447 ], [ -71.628476044674656, 42.548000604014966 ], [ -71.625126991664089, 42.55009859315696 ], [ -71.621097934903389, 42.551933582101 ], [ -71.619927918152953, 42.552501578722818 ], [ -71.607852866775872, 42.545379589402771 ], [ -71.602290813532377, 42.545203583814597 ], [ -71.594624754158517, 42.543377582250272 ], [ -71.593189735899145, 42.543833578927114 ], [ -71.593012733606997, 42.543894578497259 ], [ -71.591124709556837, 42.544503574051298 ], [ -71.588559668537897, 42.546294564144354 ], [ -71.580287551472537, 42.550466537668392 ], [ -71.577940532194376, 42.550045536566756 ], [ -71.575410511353041, 42.549592535414185 ], [ -71.556019349807897, 42.546118527910394 ], [ -71.538780203483412, 42.543029523205426 ], [ -71.533760268071006, 42.527653593080103 ], [ -71.531377297457766, 42.520351627202288 ], [ -71.52984128514413, 42.519840628683369 ], [ -71.532718353754092, 42.514649656152592 ], [ -71.534855386251991, 42.513329663850151 ], [ -71.550691668042901, 42.489140745677865 ], [ -71.560367775869437, 42.474349764229331 ], [ -71.543394616917013, 42.466451767617649 ], [ -71.548903686734675, 42.447307789524743 ], [ -71.600142157412009, 42.464750785579788 ], [ -71.635792528487741, 42.476890784326642 ], [ -71.633675508944876, 42.477508783106074 ], [ -71.634848527215112, 42.479962781154391 ], [ -71.63391652126802, 42.481293779616365 ], [ -71.63410352732177, 42.48287477818625 ], [ -71.632193507516305, 42.482777777685378 ], [ -71.632679518671779, 42.485185775565292 ], [ -71.634130534104671, 42.485351775863904 ], [ -71.633311527755239, 42.486169774836362 ], [ -71.631611508231316, 42.48542277500669 ], [ -71.630583503221274, 42.487690772538656 ], [ -71.628917488605197, 42.488841770919009 ], [ -71.627669487120571, 42.493758765849691 ], [ -71.62579547929559, 42.499107760143197 ], [ -71.626406487112561, 42.500093759188459 ], [ -71.63160551884593, 42.502666752703995 ], [ -71.633508540560442, 42.502564753751479 ], [ -71.634220530628141, 42.504360748356916 ], [ -71.631327460425851, 42.508332734443727 ], [ -71.631549448823733, 42.50976272997373 ], [ -71.630578438879326, 42.509715729635666 ], [ -71.629563412594237, 42.511298724004504 ], [ -71.628428408115411, 42.510511725963546 ], [ -71.62742237318659, 42.51300771727697 ], [ -71.629741391501852, 42.513659716469071 ], [ -71.629616368901992, 42.515844709331787 ], [ -71.631799390660348, 42.515978710233959 ], [ -71.631825381009406, 42.51699270700967 ], [ -71.630538365531322, 42.517188705568984 ], [ -71.630152345428272, 42.518833700020444 ], [ -71.631901361054886, 42.51911270028593 ], [ -71.633939354696011, 42.52193169273901 ], [ -71.636145366152945, 42.523097690678014 ], [ -71.63587035414055, 42.524023687581817 ], [ -71.638939338576819, 42.528782675268261 ], [ -71.639207319660926, 42.530956668823386 ] ] ] } },
{ "type": "Feature", "properties": { "STATEFP": "25", "COUNTYFP": "005", "COUSUBFP": "60645", "NAME": "Seekonk", "NAMELSAD": "Seekonk town", "GEOID": "2500560645" }, "geometry": { "type": "Polygon", "coordinates": [ [ [ -71.345889303128303, 41.825887914668812 ], [ -71.344897576476797, 41.828000738819 ], [ -71.342839951490859, 41.829553670807961 ], [ -71.339597591240121, 41.832000746948353 ], [ -71.337597597179951, 41.833700750406614 ], [ -71.337505117439008, 41.833770110547285 ], [ -71.335197603916868, 41.835500754055815 ], [ -71.340796266066263, 41.842456677694869 ], [ -71.341797608211067, 41.843700771286549 ], [ -71.342198609500869, 41.844800773583088 ], [ -71.341674034880057, 41.845920164229071 ], [ -71.334494638808167, 41.861240290096951 ], [ -71.333997652775324, 41.862300809518111 ], [ -71.337827347709577, 41.873168772795545 ], [ -71.337829531821541, 41.873174970900195 ], [ -71.338864512474117, 41.876112053997574 ], [ -71.340798675435209, 41.881600849842513 ], [ -71.339719562751839, 41.890089297752326 ], [ -71.339716447717734, 41.890113801037053 ], [ -71.339298698424059, 41.893399874224947 ], [ -71.339298698771742, 41.893599874639563 ], [ -71.339178417629455, 41.894562140778454 ], [ -71.338698708140328, 41.898399884555225 ], [ -71.338763201738743, 41.898392053721579 ], [ -71.338787708326038, 41.898593884962587 ], [ -71.32555273406777, 41.900356887829972 ], [ -71.321710741573199, 41.900870888663469 ], [ -71.312177760235357, 41.902136890705528 ], [ -71.300719782777676, 41.903661893154215 ], [ -71.298872732036898, 41.874854833782791 ], [ -71.298499721587135, 41.868951821622119 ], [ -71.296598668988509, 41.83933776064007 ], [ -71.296220658478816, 41.833445748512396 ], [ -71.294799619060186, 41.811413703178765 ], [ -71.293047569872428, 41.784089646990694 ], [ -71.292456553224127, 41.774880628062178 ], [ -71.316388367551795, 41.775507861418632 ], [ -71.31779552252253, 41.776101630832407 ], [ -71.317924756018897, 41.776157925146286 ], [ -71.327896517177209, 41.780501640038494 ], [ -71.329396518918784, 41.782600644399814 ], [ -71.329296526491433, 41.786800653088932 ], [ -71.330116692904298, 41.788356141207792 ], [ -71.331061284307395, 41.790147607791866 ], [ -71.332196532301154, 41.79230066451774 ], [ -71.333896533859203, 41.794500669102298 ], [ -71.335797531791954, 41.794800669757279 ], [ -71.339297529623536, 41.796300672928957 ], [ -71.340697531173831, 41.798300677101899 ], [ -71.340797534329838, 41.800200681043826 ], [ -71.339297543705015, 41.804400689721064 ], [ -71.33929754735577, 41.806500694074572 ], [ -71.339274159336256, 41.806605941351037 ], [ -71.33889755104866, 41.80830069779693 ], [ -71.339004294475671, 41.808549765652103 ], [ -71.339022258275563, 41.808591681161616 ], [ -71.339197551843057, 41.809000699254987 ], [ -71.347197564695449, 41.823100728716462 ], [ -71.345889303128303, 41.825887914668812 ] ] ] } },
{ "type": "Feature", "properties": { "STATEFP": "25", "COUNTYFP": "003", "COUSUBFP": "59665", "NAME": "Sandisfield", "NAMELSAD": "Sandisfield town", "GEOID": "2500359665" }, "geometry": { "type": "Polygon", "coordinates": [ [ [ -73.186718412024561, 42.155823086829294 ], [ -73.166170415156586, 42.157345067214287 ], [ -73.166789414022688, 42.162859073469214 ], [ -73.161969411987826, 42.178670084670117 ], [ -73.087539425328401, 42.186927017637998 ], [ -73.080096431321962, 42.139118959228298 ], [ -73.077916431674353, 42.138804956629357 ], [ -73.074199432137874, 42.139790953819684 ], [ -73.07054543265167, 42.140159950419708 ], [ -73.069181432954238, 42.13896694772756 ], [ -73.068499433339653, 42.135497943307456 ], [ -73.069441433245956, 42.13498594374019 ], [ -73.069826433337099, 42.133227942261222 ], [ -73.069284433609425, 42.130868939173524 ], [ -73.067205434183123, 42.127350933238603 ], [ -73.066573434473511, 42.124790929836642 ], [ -73.06425943493764, 42.122774925254248 ], [ -73.061383435566071, 42.119388918606965 ], [ -73.061205435683448, 42.118111917049099 ], [ -73.063352435585941, 42.115849916876542 ], [ -73.065744435375052, 42.114777918241714 ], [ -73.069226435019218, 42.113925920991512 ], [ -73.072671434794316, 42.111683922221275 ], [ -73.072896434884399, 42.110334921017952 ], [ -73.071836435092877, 42.109355918855222 ], [ -73.071866435191424, 42.108162917612496 ], [ -73.072888435172814, 42.107016917467043 ], [ -73.07484443502679, 42.106145918602493 ], [ -73.075035435089731, 42.105194917789895 ], [ -73.074166435480123, 42.101866913320933 ], [ -73.073086436262201, 42.094212904007115 ], [ -73.061804439159729, 42.070637866718464 ], [ -73.058152439710412, 42.066752858617228 ], [ -73.061741439814682, 42.061938857312846 ], [ -73.058011440235205, 42.059478850643082 ], [ -73.056127440395244, 42.058889847974029 ], [ -73.05465044057469, 42.057599844988637 ], [ -73.053904440793787, 42.054989841369753 ], [ -73.056548441162661, 42.04741883608439 ], [ -73.055806441362492, 42.045046832724708 ], [ -73.053287527956911, 42.039861792857558 ], [ -73.127276938066046, 42.04196407629491 ], [ -73.172124715216313, 42.043238349646707 ], [ -73.186300412562844, 42.153565084121119 ], [ -73.186718412024561, 42.155823086829294 ] ] ] } },
{ "type": "Feature", "properties": { "STATEFP": "25", "COUNTYFP": "017", "COUSUBFP": "56130", "NAME": "Reading", "NAMELSAD": "Reading town", "GEOID": "2501756130" }, "geometry": { "type": "Polygon", "coordinates": [ [ [ -71.136478075885051, 42.552366627850844 ], [ -71.131280060518776, 42.552684621051036 ], [ -71.129483047605859, 42.55451861968902 ], [ -71.127280042779716, 42.554261616562059 ], [ -71.123017012049928, 42.558564613149947 ], [ -71.120689996715356, 42.56056161102989 ], [ -71.116029977521862, 42.56196060531925 ], [ -71.113134974462568, 42.560868600756265 ], [ -71.110283964100091, 42.561411597083364 ], [ -71.107783942647217, 42.564572595137484 ], [ -71.1041699242177, 42.566370590917174 ], [ -71.103578929350405, 42.564904589411299 ], [ -71.092817925875622, 42.559271572026688 ], [ -71.089889922820674, 42.558221567582549 ], [ -71.070977882495683, 42.555888540939499 ], [ -71.075150015314705, 42.531034538310116 ], [ -71.079745047682763, 42.526724542521919 ], [ -71.080103050195618, 42.526387542842244 ], [ -71.081085057032055, 42.525472543718777 ], [ -71.083725064516472, 42.525260546872111 ], [ -71.093057133366301, 42.515528554263682 ], [ -71.095841153601313, 42.512623556311745 ], [ -71.097463168538738, 42.510245557174898 ], [ -71.094289176098698, 42.507086552179878 ], [ -71.099645191401706, 42.506430558009164 ], [ -71.100727213389618, 42.502241557367 ], [ -71.101786216266333, 42.502133558505363 ], [ -71.119760264821963, 42.500291577666516 ], [ -71.122395253434945, 42.504152582698019 ], [ -71.124190238953446, 42.508316587023934 ], [ -71.129932203436468, 42.519383600007103 ], [ -71.135454170458942, 42.53000061301001 ], [ -71.132516157521309, 42.531285610110629 ], [ -71.131295152124963, 42.531819608895795 ], [ -71.132482134500265, 42.536524613152892 ], [ -71.134922098550561, 42.546203622064148 ], [ -71.136478075885051, 42.552366627850844 ] ] ] } },
{ "type": "Feature", "properties": { "STATEFP": "25", "COUNTYFP": "017", "COUSUBFP": "62535", "NAME": "Somerville", "NAMELSAD": "Somerville city", "GEOID": "2501762535" }, "geometry": { "type": "Polygon", "coordinates": [ [ [ -71.134528510226602, 42.405812610645434 ], [ -71.13386950599579, 42.407041609614097 ], [ -71.132396498377005, 42.408969607459746 ], [ -71.132887492739641, 42.411972607537543 ], [ -71.132517486080999, 42.414572606628639 ], [ -71.132435484455542, 42.415215606415885 ], [ -71.131584481265904, 42.415789605275386 ], [ -71.131629479500575, 42.416621605185824 ], [ -71.127435466733957, 42.418134599809726 ], [ -71.126839468390457, 42.416801599306282 ], [ -71.126992469118051, 42.416629599521919 ], [ -71.129922483073898, 42.413326603666377 ], [ -71.127040478870342, 42.412327600301957 ], [ -71.127868484638611, 42.410580601612644 ], [ -71.126150483738243, 42.409268599719447 ], [ -71.125687481099945, 42.40998359903093 ], [ -71.1233604776737, 42.409190596297996 ], [ -71.123294477575399, 42.409168596220333 ], [ -71.123882480997381, 42.408228597097875 ], [ -71.121668478602913, 42.407087594552927 ], [ -71.117419471920073, 42.405828589505838 ], [ -71.115541469251511, 42.405144587290046 ], [ -71.114916474524406, 42.402166586969081 ], [ -71.113868474827171, 42.400984585846949 ], [ -71.110750470721229, 42.399702582162405 ], [ -71.104464461397612, 42.397583574637942 ], [ -71.101763457373323, 42.396680571392977 ], [ -71.100394455331781, 42.396223569745715 ], [ -71.099608451565203, 42.397120568646777 ], [ -71.098349445527489, 42.398559566890107 ], [ -71.096301436959592, 42.400340564113918 ], [ -71.095526435733177, 42.400113563179488 ], [ -71.093883433134678, 42.399631561197026 ], [ -71.093007432073492, 42.399229560157004 ], [ -71.085687412515355, 42.40065055088926 ], [ -71.083423408875305, 42.40001254814706 ], [ -71.077152402069942, 42.396777540681065 ], [ -71.075996400335896, 42.396395539277435 ], [ -71.075586401985021, 42.39524653888045 ], [ -71.073496405014865, 42.391795536604029 ], [ -71.077405426343987, 42.386166542080822 ], [ -71.077638427600959, 42.385837542408439 ], [ -71.078727433463527, 42.384305543941757 ], [ -71.079428437237212, 42.383319544931069 ], [ -71.080932443259456, 42.382132546960634 ], [ -71.080701445186733, 42.381038546784566 ], [ -71.075657435767752, 42.380195540472251 ], [ -71.072689444693523, 42.373221537374263 ], [ -71.074353449925226, 42.372549539567572 ], [ -71.074946450432677, 42.372917540289819 ], [ -71.075911450167823, 42.37400454141499 ], [ -71.080984461455657, 42.374042547891314 ], [ -71.081963464604726, 42.37361554918806 ], [ -71.085443471447434, 42.374044553586899 ], [ -71.086985476625856, 42.373274555645018 ], [ -71.08751247752339, 42.37340155630406 ], [ -71.089783481393823, 42.373947559142188 ], [ -71.092826487685628, 42.374184563000583 ], [ -71.094749491757227, 42.37429156544323 ], [ -71.097416497431766, 42.374427568831621 ], [ -71.101611506974706, 42.374365574196396 ], [ -71.10320451063312, 42.374326576235887 ], [ -71.105427511128156, 42.376331578795629 ], [ -71.105943511194482, 42.376818579385088 ], [ -71.107272511334344, 42.378086580898305 ], [ -71.108457511695093, 42.379111582258922 ], [ -71.107855509759361, 42.379373581456669 ], [ -71.109649510512597, 42.380832583524487 ], [ -71.11064351093269, 42.381639584667425 ], [ -71.111656512958334, 42.381748585935178 ], [ -71.115584514122631, 42.385157590392637 ], [ -71.11615951387607, 42.385842591013663 ], [ -71.116860513559899, 42.386684591768301 ], [ -71.117737513572735, 42.387555592738558 ], [ -71.118159513467049, 42.388024593196931 ], [ -71.117452511074802, 42.388385592250906 ], [ -71.117085507575553, 42.389580591604378 ], [ -71.120214507725407, 42.392640595051539 ], [ -71.120974507040273, 42.393705595833616 ], [ -71.122987514525647, 42.392376598568482 ], [ -71.124368514757435, 42.393652600089638 ], [ -71.12736151373872, 42.39709560325651 ], [ -71.127719513627483, 42.397502603634308 ], [ -71.128790513289005, 42.398722604761801 ], [ -71.130724512685859, 42.400921606789794 ], [ -71.131300512499095, 42.401579607391085 ], [ -71.133628513439618, 42.403482609944525 ], [ -71.134514513887495, 42.404166610920399 ], [ -71.134528510226602, 42.405812610645434 ] ] ] } },
{ "type": "Feature", "properties": { "STATEFP": "25", "COUNTYFP": "005", "COUSUBFP": "00520", "NAME": "Acushnet", "NAMELSAD": "Acushnet town", "GEOID": "2500500520" }, "geometry": { "type": "Polygon", "coordinates": [ [ [ -70.942993148773994, 41.744668511862855 ], [ -70.922222125586771, 41.75484140646688 ], [ -70.926146143209593, 41.757017429967554 ], [ -70.926316151265226, 41.758845432682854 ], [ -70.907184132088247, 41.763543337150942 ], [ -70.904438101498286, 41.758000314449788 ], [ -70.886439074100267, 41.760232222167346 ], [ -70.870639995226327, 41.715957138192046 ], [ -70.865002987231051, 41.70016412394201 ], [ -70.859488980785869, 41.684736113756827 ], [ -70.858211979486683, 41.68116711192561 ], [ -70.889644031898158, 41.668501242641938 ], [ -70.905263056061045, 41.665904301359397 ], [ -70.905885057010167, 41.665803303661129 ], [ -70.914946070713555, 41.664290336867964 ], [ -70.917182073989665, 41.66360334486712 ], [ -70.9174820750723, 41.666303346870308 ], [ -70.915482073645848, 41.674103341696011 ], [ -70.916058075090206, 41.676447344650398 ], [ -70.916699076570268, 41.678376347791804 ], [ -70.917067077680429, 41.680588349979637 ], [ -70.918967081146263, 41.681825358101172 ], [ -70.919048081275676, 41.681799358420619 ], [ -70.919738082876222, 41.683583361908866 ], [ -70.923570089957707, 41.685747378636684 ], [ -70.924507092378249, 41.688604383919987 ], [ -70.925734095612995, 41.692346391016201 ], [ -70.926557097814836, 41.694826395872646 ], [ -70.928829104110918, 41.701821409830323 ], [ -70.931725112445733, 41.710564428518666 ], [ -70.93338311741077, 41.715599439737417 ], [ -70.939191135835586, 41.73318048187511 ], [ -70.942993148773994, 41.744668511862855 ] ] ] } },
{ "type": "Feature", "properties": { "STATEFP": "25", "COUNTYFP": "017", "COUSUBFP": "31085", "NAME": "Hopkinton", "NAMELSAD": "Hopkinton town", "GEOID": "2501731085" }, "geometry": { "type": "Polygon", "coordinates": [ [ [ -71.59931887153472, 42.225959064197276 ], [ -71.592868883952946, 42.24321101757819 ], [ -71.589855889652185, 42.251264996933195 ], [ -71.586759893123769, 42.259544988642453 ], [ -71.564564868888084, 42.266865981175272 ], [ -71.558533860497562, 42.267818980152818 ], [ -71.558503860597156, 42.267537980447194 ], [ -71.55658485768042, 42.26813397981153 ], [ -71.552412852513214, 42.267430980530641 ], [ -71.550115850634938, 42.266022982012373 ], [ -71.547949847947692, 42.265936982097919 ], [ -71.544618845270435, 42.264475983649405 ], [ -71.541692842327478, 42.263965984194598 ], [ -71.539632841370349, 42.262792985455889 ], [ -71.538011837133553, 42.264562983552224 ], [ -71.533937831109355, 42.265265982788243 ], [ -71.532255827682533, 42.266105981873757 ], [ -71.527995821487337, 42.26652498140438 ], [ -71.524931818678184, 42.265904982073245 ], [ -71.522385814377927, 42.266436981481895 ], [ -71.522178814075886, 42.266453981462512 ], [ -71.522757837051728, 42.255206993823165 ], [ -71.513221834199626, 42.253067996322841 ], [ -71.486001846206278, 42.246960002692475 ], [ -71.486111840104215, 42.241332028004123 ], [ -71.486273830223183, 42.232209069015248 ], [ -71.486297829175399, 42.231250073330912 ], [ -71.475359840680142, 42.229485073309903 ], [ -71.467110852050382, 42.230773061488271 ], [ -71.463921851953131, 42.226718077586092 ], [ -71.460271846308018, 42.216251122621728 ], [ -71.479593810659139, 42.205559184050273 ], [ -71.48234580546054, 42.204035192712901 ], [ -71.496335777220054, 42.195058241873397 ], [ -71.502626770099866, 42.191416257700723 ], [ -71.50689477038425, 42.18892726412696 ], [ -71.523219782445807, 42.189332245180303 ], [ -71.535890791796035, 42.189649230619537 ], [ -71.539277794289305, 42.189730226764667 ], [ -71.555738798599052, 42.182503234798361 ], [ -71.555067800134665, 42.184476228664614 ], [ -71.556447803311812, 42.186614219650167 ], [ -71.555817806163446, 42.189843209061337 ], [ -71.556782809511745, 42.192450198987814 ], [ -71.57227182073855, 42.192733182587183 ], [ -71.571548822143967, 42.194653177113075 ], [ -71.578225827380791, 42.195202168977062 ], [ -71.582910831020712, 42.195559163428435 ], [ -71.589216842571815, 42.202906135965485 ], [ -71.602221865971913, 42.218101084194757 ], [ -71.59931887153472, 42.225959064197276 ] ] ] } },
{ "type": "Feature", "properties": { "STATEFP": "25", "COUNTYFP": "003", "COUSUBFP": "45420", "NAME": "New Marlborough", "NAMELSAD": "New Marlborough town", "GEOID": "2500345420" }, "geometry": { "type": "Polygon", "coordinates": [ [ [ -73.304356637737442, 42.106707074945355 ], [ -73.291265573775817, 42.120739098370507 ], [ -73.294417570095689, 42.141614121599758 ], [ -73.29708856590247, 42.159210141655393 ], [ -73.287242531342216, 42.159197144497234 ], [ -73.289136528670113, 42.172284159116252 ], [ -73.282770509009552, 42.16953715747114 ], [ -73.275111483795783, 42.168108157760187 ], [ -73.273242478385455, 42.166302156265822 ], [ -73.27170947337973, 42.16580915612851 ], [ -73.247076398518004, 42.168576161463697 ], [ -73.224465407646775, 42.148187118161111 ], [ -73.186300412562844, 42.153565084121119 ], [ -73.172124715216313, 42.043238349646707 ], [ -73.229797433045377, 42.044877021804773 ], [ -73.231055432967793, 42.044945023240196 ], [ -73.232958619385187, 42.045006224531114 ], [ -73.233362584378156, 42.045019214944901 ], [ -73.293096636820835, 42.046940010600849 ], [ -73.294419643089583, 42.046984009572618 ], [ -73.296329617831063, 42.047033733536296 ], [ -73.301898643385158, 42.088318053849214 ], [ -73.304356637737442, 42.106707074945355 ] ] ] } },
{ "type": "Feature", "properties": { "STATEFP": "25", "COUNTYFP": "011", "COUSUBFP": "25730", "NAME": "Gill", "NAMELSAD": "Gill town", "GEOID": "2501125730" }, "geometry": { "type": "Polygon", "coordinates": [ [ [ -72.552685869374159, 42.612194978359973 ], [ -72.5522458616569, 42.614994983209506 ], [ -72.551859859854233, 42.615388984304587 ], [ -72.549253848773645, 42.617546990972833 ], [ -72.550061833290172, 42.624570000833131 ], [ -72.548919828184466, 42.625532003858041 ], [ -72.549711827548862, 42.626558004390198 ], [ -72.551697831251374, 42.627009002405806 ], [ -72.550689824697599, 42.628686006363573 ], [ -72.551361822349349, 42.630327007978067 ], [ -72.550042815216258, 42.631890012218506 ], [ -72.548431809331248, 42.632622015597534 ], [ -72.546825798125212, 42.635448022284358 ], [ -72.549065797840811, 42.637899022941149 ], [ -72.549134789792248, 42.641217028013287 ], [ -72.547922784658638, 42.641960030939657 ], [ -72.545751772556898, 42.644398037965871 ], [ -72.544534769716876, 42.644195039439829 ], [ -72.542465761201697, 42.645271044220067 ], [ -72.540757757112928, 42.645022046349773 ], [ -72.541330749230511, 42.648621051310826 ], [ -72.539958739248377, 42.650908057092408 ], [ -72.541265738607862, 42.652585057809517 ], [ -72.540784729074645, 42.655661063525393 ], [ -72.48950158542371, 42.662389105635967 ], [ -72.496201529002661, 42.678615157443637 ], [ -72.490113524732848, 42.679996138317591 ], [ -72.489376545336341, 42.674031125372387 ], [ -72.48648454824226, 42.673259114069808 ], [ -72.485053533861887, 42.677464116106549 ], [ -72.482503531887062, 42.678096108157106 ], [ -72.480669535636338, 42.677053100035394 ], [ -72.476775552110212, 42.672380079275825 ], [ -72.475789558074752, 42.6706800733416 ], [ -72.471810560423052, 42.670103058975315 ], [ -72.472048564449494, 42.668934058102757 ], [ -72.471481580305536, 42.664370049674588 ], [ -72.470344586586279, 42.662588043417365 ], [ -72.466410601206462, 42.658482025060096 ], [ -72.465355607200252, 42.656785019441138 ], [ -72.465086613546035, 42.654964016186362 ], [ -72.466547621949402, 42.652497017453314 ], [ -72.4721806376334, 42.6477930281171 ], [ -72.480924653347984, 42.642959046811939 ], [ -72.486053665950294, 42.639130055449229 ], [ -72.488837675989984, 42.636118058252357 ], [ -72.489358684505362, 42.633627055411125 ], [ -72.487854692052892, 42.631492047596893 ], [ -72.480321735808829, 42.619104007420297 ], [ -72.480011747123555, 42.615841001506837 ], [ -72.481968762115116, 42.611415999248436 ], [ -72.483822767344037, 42.609820001086824 ], [ -72.488576773694135, 42.6077680088463 ], [ -72.490999786266798, 42.604008007903332 ], [ -72.496429806006958, 42.598016009173215 ], [ -72.497070807438135, 42.597569009734841 ], [ -72.500091809880232, 42.596767014442712 ], [ -72.502995809404098, 42.598490014398472 ], [ -72.50445580745162, 42.599890015351626 ], [ -72.505627799249467, 42.603027019859674 ], [ -72.506744798988322, 42.60376901992241 ], [ -72.514365811997379, 42.604415012052442 ], [ -72.520591824104145, 42.604502004793851 ], [ -72.523765832160919, 42.603914999991943 ], [ -72.52888685113868, 42.600833988665961 ], [ -72.53190886112148, 42.599345982643435 ], [ -72.539065881501998, 42.596780970200626 ], [ -72.54109788624578, 42.596398967275285 ], [ -72.544229890034842, 42.597154964931036 ], [ -72.545084889205228, 42.598095965451336 ], [ -72.545429875965965, 42.603534973676609 ], [ -72.546138872714351, 42.605365975729725 ], [ -72.549420874083651, 42.607471975077942 ], [ -72.55271087216191, 42.611060976590601 ], [ -72.552685869374159, 42.612194978359973 ] ] ] } },
{ "type": "Feature", "properties": { "STATEFP": "25", "COUNTYFP": "017", "COUSUBFP": "61380", "NAME": "Sherborn", "NAMELSAD": "Sherborn town", "GEOID": "2501761380" }, "geometry": { "type": "Polygon", "coordinates": [ [ [ -71.418303924419746, 42.246503952502749 ], [ -71.419298906445178, 42.257280930610051 ], [ -71.417069907863436, 42.257720928540202 ], [ -71.408591913308882, 42.259392920726242 ], [ -71.397769920365988, 42.261527910883281 ], [ -71.393620909866428, 42.267364903183186 ], [ -71.393594909836835, 42.267387903146158 ], [ -71.390365901792492, 42.271915897272969 ], [ -71.386899907591555, 42.27129989528256 ], [ -71.381728916217227, 42.270382892286072 ], [ -71.376833924426876, 42.269488889440616 ], [ -71.36124395508395, 42.264814881445282 ], [ -71.3569079635935, 42.263494879152034 ], [ -71.357124967271304, 42.26194688035438 ], [ -71.35671096929002, 42.261344880451361 ], [ -71.356412974180827, 42.259557881428485 ], [ -71.354267979735155, 42.258360880613644 ], [ -71.353938983404348, 42.2570648812248 ], [ -71.351776989088165, 42.255815880404512 ], [ -71.344933002022984, 42.253839876439315 ], [ -71.341778006441032, 42.253536874202837 ], [ -71.342460013366392, 42.250454876658026 ], [ -71.332435024869042, 42.247728880244125 ], [ -71.329437027121742, 42.245301889837258 ], [ -71.329773025365498, 42.24259290339382 ], [ -71.330778023401109, 42.241050911723939 ], [ -71.331186021155986, 42.237584929033822 ], [ -71.329696020792895, 42.233327948818854 ], [ -71.331732017364843, 42.231436959589338 ], [ -71.333582014576919, 42.230396966035215 ], [ -71.336747009181053, 42.227492982538521 ], [ -71.341013002289955, 42.224472000346083 ], [ -71.341658000097141, 42.22192201324016 ], [ -71.343166997488808, 42.220613020681242 ], [ -71.340966998887978, 42.218108031359691 ], [ -71.338624001199406, 42.216894035663643 ], [ -71.338506000459205, 42.21523004371101 ], [ -71.339954997880398, 42.213873051329124 ], [ -71.346810990080527, 42.215589047664501 ], [ -71.348316987764832, 42.21488905210029 ], [ -71.349983985098859, 42.213951057795569 ], [ -71.351479981788557, 42.21154607048058 ], [ -71.352156978481091, 42.207371091178302 ], [ -71.350700979458722, 42.205783097915152 ], [ -71.346541984254443, 42.204641100722135 ], [ -71.346815983283165, 42.203557106173164 ], [ -71.344170985179431, 42.200703118340435 ], [ -71.361986958499656, 42.195761153685716 ], [ -71.378391934908464, 42.193472175004665 ], [ -71.384765925272063, 42.19201418593871 ], [ -71.380182938151606, 42.201759136586645 ], [ -71.388206929354183, 42.204303129715193 ], [ -71.388489931622644, 42.208005112321096 ], [ -71.389606930607414, 42.208614110175461 ], [ -71.39170692869962, 42.209742106231943 ], [ -71.393923923888124, 42.207089120279193 ], [ -71.397220920312151, 42.208057117894711 ], [ -71.397342921520163, 42.209892109306438 ], [ -71.398603920874748, 42.211207103945092 ], [ -71.402227917671837, 42.213131097327732 ], [ -71.403709917100244, 42.214861090192755 ], [ -71.401953919765376, 42.215420086355493 ], [ -71.407331915058336, 42.218164077159351 ], [ -71.409285912941158, 42.218611076418568 ], [ -71.41002291212007, 42.218749076283899 ], [ -71.410091912876197, 42.219816071327898 ], [ -71.408631916205593, 42.221718061380166 ], [ -71.409680916704374, 42.224014051348234 ], [ -71.410064918110081, 42.226397040444994 ], [ -71.412339916489998, 42.227885035106205 ], [ -71.413045917026949, 42.229639027403294 ], [ -71.412734918294035, 42.23074802198466 ], [ -71.413551920562441, 42.234815003544909 ], [ -71.416491918536863, 42.236677997014993 ], [ -71.41743691845025, 42.237957991741503 ], [ -71.420075915438261, 42.238122992946813 ], [ -71.418303924419746, 42.246503952502749 ] ] ] } },
{ "type": "Feature", "properties": { "STATEFP": "25", "COUNTYFP": "001", "COUSUBFP": "07980", "NAME": "Brewster", "NAMELSAD": "Brewster town", "GEOID": "2500107980" }, "geometry": { "type": "Polygon", "coordinates": [ [ [ -70.145107339416072, 41.744808659149172 ], [ -70.144192343820038, 41.746807659413079 ], [ -70.140044347072021, 41.747827664019646 ], [ -70.135298353131532, 41.750167668955697 ], [ -70.13281635468104, 41.750633672199406 ], [ -70.133075356800873, 41.751777672446742 ], [ -70.131004356721164, 41.751457674795553 ], [ -70.130740360734663, 41.753537676117418 ], [ -70.129579363852784, 41.75503867822971 ], [ -70.125867368246517, 41.756930683546948 ], [ -70.12280337046279, 41.757765687567343 ], [ -70.121963438371637, 41.758846428071386 ], [ -70.114619061634812, 41.761030737464175 ], [ -70.096062390859686, 41.766549722347868 ], [ -70.08299539672204, 41.76896173812726 ], [ -70.072458404212696, 41.772937751202377 ], [ -70.069672809556366, 41.772906282552782 ], [ -70.066365346998964, 41.772868918402395 ], [ -70.065028581801158, 41.772853817068992 ], [ -70.064315405011641, 41.772845760365762 ], [ -70.059428403242009, 41.774638450032683 ], [ -70.047955438244614, 41.778847055772076 ], [ -70.042699357413738, 41.780775133617816 ], [ -70.0366479620413, 41.782994954983579 ], [ -70.024735426906304, 41.787364806135869 ], [ -70.023031584080343, 41.788195295300895 ], [ -70.018891425477946, 41.786032812332479 ], [ -70.013105422646277, 41.783353818482269 ], [ -70.01145642070513, 41.781530820229086 ], [ -70.008426414173314, 41.775354823457981 ], [ -70.005366407507054, 41.768815826863197 ], [ -70.005378403041306, 41.764626826837855 ], [ -70.000334396700623, 41.75765483280221 ], [ -69.993189383501118, 41.747699840768838 ], [ -69.995031380786443, 41.745646839745945 ], [ -69.997577374105376, 41.740943839002014 ], [ -70.000647370011549, 41.738061836902325 ], [ -70.002010365650904, 41.7355548361679 ], [ -69.991780353977745, 41.728932849165567 ], [ -70.006573352782127, 41.72836183328905 ], [ -70.024441345662623, 41.727760811952635 ], [ -70.027021342805668, 41.726575809284924 ], [ -70.026576341400784, 41.725634810174746 ], [ -70.02820033880505, 41.724418808674059 ], [ -70.030291338083984, 41.724433806148546 ], [ -70.032031336461841, 41.723836804277063 ], [ -70.036371339452387, 41.726523798028758 ], [ -70.038632338883446, 41.726653795252659 ], [ -70.040825335463452, 41.725099793200179 ], [ -70.043357334598682, 41.725118790140911 ], [ -70.043249332339784, 41.723780790782371 ], [ -70.050611325982288, 41.721649782733117 ], [ -70.057023324057198, 41.721890774919856 ], [ -70.065221323509888, 41.723256764514694 ], [ -70.070216321545828, 41.723167758532604 ], [ -70.075538317159229, 41.721821752653931 ], [ -70.08159532080596, 41.724987744101639 ], [ -70.084918321598721, 41.726045739674014 ], [ -70.086964320672692, 41.725934737251436 ], [ -70.094051315466771, 41.724502729283479 ], [ -70.096372298452508, 41.716001729919505 ], [ -70.133848263883365, 41.706137689021048 ], [ -70.140210303939909, 41.726897672645755 ], [ -70.145827338556202, 41.744493658409077 ], [ -70.145107339416072, 41.744808659149172 ] ] ] } },
{ "type": "Feature", "properties": { "STATEFP": "25", "COUNTYFP": "023", "COUSUBFP": "31645", "NAME": "Hull", "NAMELSAD": "Hull town", "GEOID": "2502331645" }, "geometry": { "type": "MultiPolygon", "coordinates": [ [ [ [ -70.883352542459974, 42.340490284492645 ], [ -70.881583542199138, 42.341470281512471 ], [ -70.880207541742053, 42.342306279140729 ], [ -70.878634542859402, 42.34274227671731 ], [ -70.877583544126836, 42.342869275190559 ], [ -70.877166543397365, 42.343303274359307 ], [ -70.875989544617113, 42.34350527260986 ], [ -70.87519954535486, 42.343665271419802 ], [ -70.873953547434709, 42.343633269711617 ], [ -70.874386549848538, 42.342674270887407 ], [ -70.875264551388028, 42.341763272643433 ], [ -70.876050551851961, 42.341228274042834 ], [ -70.877096550387549, 42.341161275520179 ], [ -70.878874547944065, 42.341032278038597 ], [ -70.8800895462239, 42.340959279749612 ], [ -70.880621544722345, 42.341162280364507 ], [ -70.881681545038745, 42.34052628218096 ], [ -70.882656544382854, 42.340237283680104 ], [ -70.883465543718913, 42.340034284901485 ], [ -70.883352542459974, 42.340490284492645 ] ] ], [ [ [ -70.891755533975129, 42.3388552968607 ], [ -70.888610536593234, 42.339654292147515 ], [ -70.886251539497891, 42.339945288764035 ], [ -70.884777543826402, 42.339327287086896 ], [ -70.885956544653425, 42.33845528917216 ], [ -70.887529542886938, 42.338201291450311 ], [ -70.889544539263213, 42.338310294133791 ], [ -70.891018537649046, 42.338056296271894 ], [ -70.891804536144164, 42.338128297303321 ], [ -70.891755533975129, 42.3388552968607 ] ] ], [ [ [ -70.892296565414469, 42.328393302981908 ], [ -70.891110567283349, 42.328444301397646 ], [ -70.88895456954306, 42.328901298322876 ], [ -70.888775571223036, 42.328460298321687 ], [ -70.889151572826165, 42.327739299197511 ], [ -70.890770570463246, 42.327606301388322 ], [ -70.891952569598232, 42.327230303130456 ], [ -70.892492566203387, 42.328029303426312 ], [ -70.892296565414469, 42.328393302981908 ] ] ], [ [ [ -70.898407518880589, 42.340265305245794 ], [ -70.897210511486321, 42.343323302103904 ], [ -70.895600512304853, 42.3438912995911 ], [ -70.894605518526916, 42.342378298972442 ], [ -70.89460552488292, 42.34030830001479 ], [ -70.895156528378621, 42.338878301486183 ], [ -70.896714527081102, 42.338474303809932 ], [ -70.897354522939054, 42.339491304182602 ], [ -70.898407518880589, 42.340265305245794 ] ] ], [ [ [ -70.898439546414011, 42.331190309693149 ], [ -70.897259543973647, 42.332643307414294 ], [ -70.897063540311535, 42.333951306509583 ], [ -70.896031539695002, 42.334714304747706 ], [ -70.894601540896247, 42.335095302634436 ], [ -70.894065542140055, 42.334979301971991 ], [ -70.893967543787895, 42.334496302084872 ], [ -70.895013544168052, 42.333806303835331 ], [ -70.895692548738239, 42.331944305672671 ], [ -70.896080552949527, 42.3303543069783 ], [ -70.897554550785799, 42.330245308981482 ], [ -70.897853548964079, 42.330677309166006 ], [ -70.898586548262671, 42.330500310222519 ], [ -70.898439546414011, 42.331190309693149 ] ] ], [ [ [ -70.923920577581569, 42.305034353008907 ], [ -70.91749058790046, 42.305685345024486 ], [ -70.907556600158742, 42.307888332081561 ], [ -70.895862628057088, 42.305933318840559 ], [ -70.889456626003607, 42.310483308710992 ], [ -70.882680638848839, 42.310392300441968 ], [ -70.881900632276896, 42.305114388031441 ], [ -70.881242672437608, 42.300662304197722 ], [ -70.879298038052326, 42.297850076342982 ], [ -70.875859349589845, 42.29287722596645 ], [ -70.871853223133613, 42.287083776315114 ], [ -70.870873741379754, 42.285667301203517 ], [ -70.867559784792405, 42.282120476482049 ], [ -70.861807792346312, 42.275964297553038 ], [ -70.857338286183548, 42.272754195450318 ], [ -70.851093841500699, 42.268269291639221 ], [ -70.831075888429368, 42.267423271779968 ], [ -70.824661631879309, 42.265933912243682 ], [ -70.826986908471, 42.264367270126613 ], [ -70.836237886845552, 42.264663279215732 ], [ -70.838644885602704, 42.263497282543163 ], [ -70.840627889971955, 42.26098828644335 ], [ -70.84462788292096, 42.260425290826852 ], [ -70.848356881699999, 42.258336296027245 ], [ -70.850200876171883, 42.258726297552883 ], [ -70.851531872060733, 42.259045298631754 ], [ -70.857297862180303, 42.258098304940255 ], [ -70.863436846145987, 42.258721310535158 ], [ -70.866364836426442, 42.259653312811167 ], [ -70.867886827785398, 42.261235313311779 ], [ -70.868075821468622, 42.263029312368609 ], [ -70.867158817544237, 42.264844310298599 ], [ -70.867217810360643, 42.266987308998637 ], [ -70.873280782512964, 42.271456312477511 ], [ -70.876623767885434, 42.273752314605517 ], [ -70.881168755162903, 42.274682318860556 ], [ -70.883814750125254, 42.274483321767356 ], [ -70.887334910996117, 42.273086700980478 ], [ -70.890158467679527, 42.276186960280938 ], [ -70.890169731176627, 42.276199327576933 ], [ -70.902059693187027, 42.280409338258657 ], [ -70.903238687940799, 42.281334339109272 ], [ -70.901520687430391, 42.282693336599628 ], [ -70.89397270685258, 42.281475328950869 ], [ -70.884702737829684, 42.277782320887653 ], [ -70.878285749719879, 42.278310313703969 ], [ -70.879473735424611, 42.282002312854011 ], [ -70.879653769805032, 42.282313058811901 ], [ -70.880482038239677, 42.283742680560472 ], [ -70.883039708526582, 42.288157313307849 ], [ -70.885141790317135, 42.290586633776165 ], [ -70.886842687025961, 42.292552315195628 ], [ -70.887317670121377, 42.297651312993004 ], [ -70.89153067328418, 42.29839933661728 ], [ -70.893259655245288, 42.298706319386667 ], [ -70.903954625461907, 42.301694330545779 ], [ -70.910372620876586, 42.299057339285959 ], [ -70.91558860085064, 42.302462344032527 ], [ -70.923444585969449, 42.302397353401361 ], [ -70.923920577581569, 42.305034353008907 ] ] ], [ [ [ -70.951080566106199, 42.28972538922887 ], [ -70.948640565998929, 42.291636386005926 ], [ -70.941654578451775, 42.292213377896267 ], [ -70.935700578555441, 42.296522369781492 ], [ -70.935272564095072, 42.302100367559483 ], [ -70.929357572050876, 42.303320360121781 ], [ -70.926380583129713, 42.301405357241883 ], [ -70.926638588826322, 42.299203358319303 ], [ -70.930004588948918, 42.296810363071181 ], [ -70.935311591926393, 42.291926370750282 ], [ -70.937332606995682, 42.284915375151812 ], [ -70.942561589233435, 42.287521380218401 ], [ -70.949020580218971, 42.285945387824469 ], [ -70.951080566106199, 42.28972538922887 ] ] ] ] } },
{ "type": "Feature", "properties": { "STATEFP": "25", "COUNTYFP": "027", "COUSUBFP": "53225", "NAME": "Phillipston", "NAMELSAD": "Phillipston town", "GEOID": "2502753225" }, "geometry": { "type": "Polygon", "coordinates": [ [ [ -72.178104125844044, 42.579972508519276 ], [ -72.175556096229727, 42.589869484824909 ], [ -72.16758913855243, 42.5848714958804 ], [ -72.163141136709626, 42.588854485969442 ], [ -72.165514124233368, 42.590307482757552 ], [ -72.162406120565848, 42.593718474326025 ], [ -72.160523121042175, 42.595066470920727 ], [ -72.159573116447277, 42.597029466147568 ], [ -72.157628115043735, 42.598922461430718 ], [ -72.1571041145816, 42.599454460106671 ], [ -72.158910109379946, 42.599423460376869 ], [ -72.161301096116759, 42.601075456706369 ], [ -72.163602099834932, 42.59828846358559 ], [ -72.167894080214978, 42.600143459643796 ], [ -72.170742083657558, 42.596996467421981 ], [ -72.158045043596402, 42.617553417107708 ], [ -72.154785043783292, 42.620036410794533 ], [ -72.154375030680498, 42.623828401704401 ], [ -72.142140067154386, 42.623646400606575 ], [ -72.138952075347675, 42.623945399491532 ], [ -72.135640098263707, 42.620452407447736 ], [ -72.136228101453852, 42.619155410628011 ], [ -72.134238114593785, 42.617225415012349 ], [ -72.132677120498187, 42.61687441566567 ], [ -72.129708143711952, 42.613047424495079 ], [ -72.128699150449975, 42.612051426767799 ], [ -72.124802164771012, 42.611291428137719 ], [ -72.124787169416138, 42.610079431049662 ], [ -72.121595298974484, 42.578442506804578 ], [ -72.12693529512822, 42.575287514889069 ], [ -72.125729304499473, 42.573760518447727 ], [ -72.123730319974584, 42.571246524310837 ], [ -72.122630328511178, 42.569858527551155 ], [ -72.095391540634097, 42.535505608409828 ], [ -72.094308554010738, 42.532854614767189 ], [ -72.090636599658922, 42.52379863651543 ], [ -72.092177604422162, 42.521340642567338 ], [ -72.09083461141951, 42.520567644368796 ], [ -72.091946614988984, 42.518758648819372 ], [ -72.091157624045294, 42.51701165301666 ], [ -72.088572636730419, 42.515731655989171 ], [ -72.086692653209241, 42.51290666275635 ], [ -72.085289660699033, 42.512055664755046 ], [ -72.083766678671779, 42.508562673174666 ], [ -72.084034685652327, 42.506528678133421 ], [ -72.085013687963169, 42.505152681523178 ], [ -72.08358469515484, 42.504402683283466 ], [ -72.082372709676292, 42.501568690124785 ], [ -72.082483714822729, 42.500137693610796 ], [ -72.080339721960499, 42.499253695202093 ], [ -72.081903717292079, 42.498851695982871 ], [ -72.082039717401585, 42.495622701780661 ], [ -72.099688665875973, 42.484522721260383 ], [ -72.100941662232302, 42.483681722670873 ], [ -72.185642214462391, 42.550359579204319 ], [ -72.178104125844044, 42.579972508519276 ] ] ] } },
{ "type": "Feature", "properties": { "STATEFP": "25", "COUNTYFP": "023", "COUSUBFP": "57600", "NAME": "Rochester", "NAMELSAD": "Rochester town", "GEOID": "2502357600" }, "geometry": { "type": "Polygon", "coordinates": [ [ [ -70.921782280133215, 41.791244443806981 ], [ -70.89640025234192, 41.794320332781702 ], [ -70.874569229356439, 41.796803239886522 ], [ -70.84453220083347, 41.800344116631742 ], [ -70.77174114382909, 41.808921838811109 ], [ -70.771831133042426, 41.807198831189119 ], [ -70.771829126033936, 41.806092826047696 ], [ -70.772857102257689, 41.802094811936172 ], [ -70.776169081531521, 41.797996807653924 ], [ -70.776598079807044, 41.797614807820082 ], [ -70.777507077753285, 41.797058809339852 ], [ -70.77766607681545, 41.796868809190514 ], [ -70.777924071397138, 41.795936806146614 ], [ -70.777783062469737, 41.794544799252428 ], [ -70.778304053522206, 41.79297779456514 ], [ -70.778355039518019, 41.790721784674858 ], [ -70.778211031976653, 41.789552778764865 ], [ -70.777488022561286, 41.788241769516297 ], [ -70.777019012891401, 41.786824760932994 ], [ -70.776939007035224, 41.785911756431439 ], [ -70.776950000420953, 41.784852751696683 ], [ -70.77658096868457, 41.779892727489376 ], [ -70.775539942188303, 41.775975704607696 ], [ -70.775630928110701, 41.773707694735492 ], [ -70.775535922545899, 41.772850690358837 ], [ -70.774490899807986, 41.76955667003844 ], [ -70.776012880724721, 41.766042661828742 ], [ -70.777646868416156, 41.763551659068163 ], [ -70.77880885682076, 41.761313655134039 ], [ -70.780048868584359, 41.762792668267195 ], [ -70.786626845689995, 41.756862677375359 ], [ -70.787495805699066, 41.749811653227809 ], [ -70.785765803847582, 41.747397649779465 ], [ -70.793211823474266, 41.743167700818354 ], [ -70.793715831007617, 41.734701723656933 ], [ -70.791735828494538, 41.732584718441849 ], [ -70.793524833440927, 41.730983731508807 ], [ -70.795002838285541, 41.728604744689441 ], [ -70.796187840898014, 41.728358751288624 ], [ -70.799072859909998, 41.710108807167053 ], [ -70.839815939139982, 41.705730003902268 ], [ -70.843457946081116, 41.705344021100821 ], [ -70.844214948459367, 41.702629028013526 ], [ -70.843077946731, 41.70162502417643 ], [ -70.865002987231051, 41.70016412394201 ], [ -70.870639995226327, 41.715957138192046 ], [ -70.886439074100267, 41.760232222167346 ], [ -70.904438101498286, 41.758000314449788 ], [ -70.907184132088247, 41.763543337150942 ], [ -70.921782280133215, 41.791244443806981 ] ] ] } },
{ "type": "Feature", "properties": { "STATEFP": "25", "COUNTYFP": "013", "COUSUBFP": "30840", "NAME": "Holyoke", "NAMELSAD": "Holyoke city", "GEOID": "2501330840" }, "geometry": { "type": "Polygon", "coordinates": [ [ [ -72.690514863323557, 42.213075531547297 ], [ -72.67003288022272, 42.216503548784864 ], [ -72.667769895637718, 42.225455554687073 ], [ -72.656535905120563, 42.227738564963225 ], [ -72.65184192284714, 42.237638573987631 ], [ -72.634584967870154, 42.273942612717732 ], [ -72.613137985755799, 42.286264639257048 ], [ -72.612006985722743, 42.2855726397515 ], [ -72.609947986311795, 42.285223641251605 ], [ -72.605231987697039, 42.284462644722119 ], [ -72.601208987124878, 42.281258646072182 ], [ -72.600375984805794, 42.277392644330703 ], [ -72.599363983817057, 42.275335643896803 ], [ -72.598815980320211, 42.269901640943203 ], [ -72.599172978434382, 42.267380639043431 ], [ -72.600231976597257, 42.265384636856801 ], [ -72.607780969902606, 42.260579627136579 ], [ -72.611554965613493, 42.256912621400346 ], [ -72.615070960516135, 42.252013615031714 ], [ -72.618008955328875, 42.248368609985647 ], [ -72.62134194415647, 42.241819602819277 ], [ -72.624031933328098, 42.235358596418195 ], [ -72.623655928065858, 42.231655594410654 ], [ -72.623190927208327, 42.2309105943297 ], [ -72.622462926554448, 42.23021059449286 ], [ -72.615126925407623, 42.226809598335819 ], [ -72.6135639244511, 42.225581598794925 ], [ -72.611632921418263, 42.222771598471311 ], [ -72.610748917064825, 42.219419596911315 ], [ -72.607925914028129, 42.216229596946754 ], [ -72.603802912940012, 42.213866598490981 ], [ -72.596165914275431, 42.211785602837885 ], [ -72.593447915484404, 42.211556604735726 ], [ -72.591389913244157, 42.209113604468065 ], [ -72.590475910390438, 42.206684603324824 ], [ -72.590311906313417, 42.203680601182157 ], [ -72.591713901925587, 42.201115598238424 ], [ -72.597532892977114, 42.1971915911938 ], [ -72.601257887655876, 42.195009587009473 ], [ -72.606169879484483, 42.191367581054422 ], [ -72.609858874952224, 42.189789577457738 ], [ -72.614508869665954, 42.188123573200585 ], [ -72.621248862317131, 42.185969567299679 ], [ -72.622450860742006, 42.185410566148121 ], [ -72.623744858663841, 42.184551564752532 ], [ -72.625052855579568, 42.183020562937372 ], [ -72.626132852091217, 42.181124561058802 ], [ -72.627901842441432, 42.175379556398589 ], [ -72.62825783955283, 42.173589555082657 ], [ -72.628517836295686, 42.171510553653789 ], [ -72.628609828389983, 42.166226550375761 ], [ -72.627504823742356, 42.162585548791853 ], [ -72.627341823033419, 42.162031548545258 ], [ -72.646082810592233, 42.162317537949427 ], [ -72.667308796551353, 42.162652525905095 ], [ -72.68489078495854, 42.162936515890593 ], [ -72.686380809119029, 42.178390521097043 ], [ -72.686860816960348, 42.183389522745451 ], [ -72.686244826211222, 42.188828525286112 ], [ -72.690514863323557, 42.213075531547297 ] ] ] } },
{ "type": "Feature", "properties": { "STATEFP": "25", "COUNTYFP": "013", "COUSUBFP": "77890", "NAME": "West Springfield Town", "NAMELSAD": "West Springfield Town city", "GEOID": "2501377890" }, "geometry": { "type": "Polygon", "coordinates": [ [ [ -72.694679684663427, 42.106222489748646 ], [ -72.694531685231297, 42.106492489900205 ], [ -72.693027696640357, 42.112668492718925 ], [ -72.692494704217353, 42.11701249453111 ], [ -72.690763715213293, 42.122871497434488 ], [ -72.690927719719809, 42.125696498425178 ], [ -72.690188725279029, 42.128737499898335 ], [ -72.686357739977367, 42.135946504446999 ], [ -72.686871746137598, 42.139961505771169 ], [ -72.686959747241602, 42.14067850600788 ], [ -72.686690752667246, 42.143884507395356 ], [ -72.68915175485526, 42.14632350708343 ], [ -72.687973760693026, 42.149373508868642 ], [ -72.686652763809107, 42.150702510083924 ], [ -72.685537770901377, 42.154570512206703 ], [ -72.68489078495854, 42.162936515890593 ], [ -72.667308796551353, 42.162652525905095 ], [ -72.646082810592233, 42.162317537949427 ], [ -72.627341823033419, 42.162031548545258 ], [ -72.627851811712432, 42.15463254371997 ], [ -72.627713810786972, 42.153942543372239 ], [ -72.627035807405079, 42.151334542134897 ], [ -72.625784805779091, 42.14962954174451 ], [ -72.622418804288998, 42.146969541834686 ], [ -72.620207803548681, 42.145368541951086 ], [ -72.618500802541348, 42.143825541823908 ], [ -72.618362802467402, 42.143705541815834 ], [ -72.614967796084159, 42.13758853948589 ], [ -72.615256793151332, 42.135716538111197 ], [ -72.615793789303069, 42.133345536296275 ], [ -72.618231780831906, 42.128806532215776 ], [ -72.621480770967139, 42.123787527562833 ], [ -72.62198176766087, 42.12180252608762 ], [ -72.622131765422338, 42.120358525108593 ], [ -72.620719760045105, 42.115924522862173 ], [ -72.619127758506579, 42.113996522255128 ], [ -72.61717575676343, 42.111716521534134 ], [ -72.616271755963552, 42.110660521188827 ], [ -72.615208755117266, 42.1094795208137 ], [ -72.614194754849692, 42.108721520691766 ], [ -72.610508754454102, 42.106344520456346 ], [ -72.603790755927463, 42.103475520886597 ], [ -72.596320757332691, 42.100038521014334 ], [ -72.591989756371646, 42.096728520015375 ], [ -72.589821755158553, 42.094524519061437 ], [ -72.588522754485496, 42.093234518495905 ], [ -72.591762750011526, 42.092021516567584 ], [ -72.593725750134411, 42.093321516921378 ], [ -72.595871749043297, 42.093858516638214 ], [ -72.598842745526753, 42.093172515200273 ], [ -72.601296733250379, 42.085993509313099 ], [ -72.605331732140328, 42.087698509340768 ], [ -72.609560729755259, 42.088609508717369 ], [ -72.613493724790899, 42.087546506838244 ], [ -72.620913718463498, 42.087653504727918 ], [ -72.626818716575855, 42.089863504354156 ], [ -72.628974716589411, 42.091132504474366 ], [ -72.631089720775634, 42.095167506247599 ], [ -72.629515725340127, 42.097332508067609 ], [ -72.630846728523807, 42.100227509368736 ], [ -72.633347727008854, 42.100622508748955 ], [ -72.636187722797743, 42.099410507070949 ], [ -72.638634719826271, 42.098810505900062 ], [ -72.639401719286511, 42.098882505683349 ], [ -72.643500716577336, 42.099379504580305 ], [ -72.64905671123411, 42.098954502475273 ], [ -72.651430707693308, 42.09795950115506 ], [ -72.654704704386035, 42.097616499890066 ], [ -72.65736370085456, 42.096797498597802 ], [ -72.659223696536785, 42.095045497120346 ], [ -72.660520691536604, 42.09255849548488 ], [ -72.661428686016308, 42.089534493730397 ], [ -72.660754682339942, 42.086811492602081 ], [ -72.661519678529558, 42.084807491405591 ], [ -72.663890676228959, 42.084672490669426 ], [ -72.666317677081423, 42.086566490869387 ], [ -72.668391682783096, 42.091312492452069 ], [ -72.670283684360655, 42.09333449278585 ], [ -72.673245684254653, 42.094862492526936 ], [ -72.675716687830132, 42.098412493269294 ], [ -72.676711690356981, 42.100511493836748 ], [ -72.680177688168612, 42.100962492837645 ], [ -72.681441686673168, 42.100694492292575 ], [ -72.682208687414004, 42.101550492378891 ], [ -72.682660694748137, 42.10631149415785 ], [ -72.683257695324741, 42.106971494207258 ], [ -72.685046693924917, 42.107018493570003 ], [ -72.688685689638859, 42.106233491933736 ], [ -72.694868683947519, 42.105883489557627 ], [ -72.694679684663427, 42.106222489748646 ] ] ] } },
{ "type": "Feature", "properties": { "STATEFP": "25", "COUNTYFP": "027", "COUSUBFP": "69275", "NAME": "Templeton", "NAMELSAD": "Templeton town", "GEOID": "2502769275" }, "geometry": { "type": "Polygon", "coordinates": [ [ [ -72.138952075347675, 42.623945399491532 ], [ -72.116631130511379, 42.62660639028072 ], [ -72.075749255255616, 42.625234388424467 ], [ -72.074498262700899, 42.624247390673041 ], [ -72.055072378534206, 42.608931425779396 ], [ -72.04607343236674, 42.601834442184142 ], [ -72.035983492930256, 42.593856460731772 ], [ -72.038144489252062, 42.59315946267521 ], [ -72.041811483002007, 42.591977465966522 ], [ -72.042209491928489, 42.589363472438706 ], [ -72.039717505732838, 42.587696476288777 ], [ -72.038829514067999, 42.586219479836409 ], [ -72.041947511498648, 42.584499484379222 ], [ -72.041514518985906, 42.582893488288363 ], [ -72.042024529456498, 42.579793495965042 ], [ -72.040663537351961, 42.578793498296484 ], [ -72.036839553355335, 42.577584500913161 ], [ -72.03568654777483, 42.579909495074688 ], [ -72.034402551599939, 42.579903494966921 ], [ -72.031713566122519, 42.578209498889919 ], [ -72.032926569831417, 42.576323503656113 ], [ -72.031114576658396, 42.575947504415446 ], [ -72.031357581794239, 42.574435508168939 ], [ -72.027441595368387, 42.573929509059674 ], [ -72.026975598936957, 42.573365510410483 ], [ -72.023419608294233, 42.573672509327679 ], [ -72.019595610939135, 42.575912503433635 ], [ -72.018607610811429, 42.576699501393222 ], [ -72.016007629890311, 42.573772508403849 ], [ -72.017205632684721, 42.572138512560926 ], [ -72.019495630273227, 42.571009515562395 ], [ -72.016577643313354, 42.569882518093799 ], [ -72.014999655538688, 42.5679425227626 ], [ -72.027010638084533, 42.563240535427695 ], [ -72.020669672917009, 42.559126545075785 ], [ -72.001380779133228, 42.546613574638982 ], [ -72.03961375834443, 42.522439636937904 ], [ -72.082039717401585, 42.495622701780661 ], [ -72.081903717292079, 42.498851695982871 ], [ -72.080339721960499, 42.499253695202093 ], [ -72.082483714822729, 42.500137693610796 ], [ -72.082372709676292, 42.501568690124785 ], [ -72.08358469515484, 42.504402683283466 ], [ -72.085013687963169, 42.505152681523178 ], [ -72.084034685652327, 42.506528678133421 ], [ -72.083766678671779, 42.508562673174666 ], [ -72.085289660699033, 42.512055664755046 ], [ -72.086692653209241, 42.51290666275635 ], [ -72.088572636730419, 42.515731655989171 ], [ -72.091157624045294, 42.51701165301666 ], [ -72.091946614988984, 42.518758648819372 ], [ -72.09083461141951, 42.520567644368796 ], [ -72.092177604422162, 42.521340642567338 ], [ -72.090636599658922, 42.52379863651543 ], [ -72.094308554010738, 42.532854614767189 ], [ -72.095391540634097, 42.535505608409828 ], [ -72.122630328511178, 42.569858527551155 ], [ -72.123730319974584, 42.571246524310837 ], [ -72.125729304499473, 42.573760518447727 ], [ -72.12693529512822, 42.575287514889069 ], [ -72.121595298974484, 42.578442506804578 ], [ -72.124787169416138, 42.610079431049662 ], [ -72.124802164771012, 42.611291428137719 ], [ -72.128699150449975, 42.612051426767799 ], [ -72.129708143711952, 42.613047424495079 ], [ -72.132677120498187, 42.61687441566567 ], [ -72.134238114593785, 42.617225415012349 ], [ -72.136228101453852, 42.619155410628011 ], [ -72.135640098263707, 42.620452407447736 ], [ -72.138952075347675, 42.623945399491532 ] ] ] } },
{ "type": "Feature", "properties": { "STATEFP": "25", "COUNTYFP": "005", "COUSUBFP": "25240", "NAME": "Freetown", "NAMELSAD": "Freetown town", "GEOID": "2500525240" }, "geometry": { "type": "Polygon", "coordinates": [ [ [ -71.123989460387776, 41.766701716656833 ], [ -71.117189472120103, 41.773801726275153 ], [ -71.114489482711406, 41.778801730931278 ], [ -71.108989492627856, 41.784506737421729 ], [ -71.103084500763174, 41.789587743197359 ], [ -71.101604510202705, 41.793562745558333 ], [ -71.095943514574444, 41.797041749695616 ], [ -71.095443519982467, 41.799170750601149 ], [ -71.091044522531689, 41.801504753296179 ], [ -71.087722522360764, 41.802492755007371 ], [ -71.086465527679337, 41.804790756035224 ], [ -71.087673537559681, 41.807959756237899 ], [ -71.088713541664347, 41.809116756115245 ], [ -71.092829543349254, 41.808467754436116 ], [ -71.093317548090809, 41.810034754700482 ], [ -71.093149555728786, 41.812850755555253 ], [ -71.088462565594924, 41.817787758200836 ], [ -71.072273551452568, 41.817398762503394 ], [ -71.036570520010585, 41.816525772495709 ], [ -71.036308519189802, 41.816324772640442 ], [ -71.023157477179552, 41.806176781448926 ], [ -71.014591449154693, 41.799568788791696 ], [ -71.026288396003139, 41.77888879291725 ], [ -70.98796336334108, 41.783415750586606 ], [ -70.960648327277497, 41.786648620996431 ], [ -70.921782280133215, 41.791244443806981 ], [ -70.907184132088247, 41.763543337150942 ], [ -70.926316151265226, 41.758845432682854 ], [ -70.926146143209593, 41.757017429967554 ], [ -70.922222125586771, 41.75484140646688 ], [ -70.942993148773994, 41.744668511862855 ], [ -70.957804177145917, 41.737614583824495 ], [ -70.964649189692494, 41.734354615535821 ], [ -70.965395191040898, 41.734003618938736 ], [ -70.993567238711819, 41.720535738625379 ], [ -71.011896260626173, 41.711778742993864 ], [ -71.009541285359248, 41.746196815698056 ], [ -71.072030379909464, 41.757501759808306 ], [ -71.106094433489943, 41.763650730360801 ], [ -71.113368444686998, 41.76496672468155 ], [ -71.119947452462981, 41.765294719227313 ], [ -71.120076458693177, 41.767605720466229 ], [ -71.123989460387776, 41.766701716656833 ] ] ] } },
{ "type": "Feature", "properties": { "STATEFP": "25", "COUNTYFP": "013", "COUSUBFP": "08470", "NAME": "Brimfield", "NAMELSAD": "Brimfield town", "GEOID": "2501308470" }, "geometry": { "type": "Polygon", "coordinates": [ [ [ -72.273080126707384, 42.142863732046202 ], [ -72.271573128538179, 42.143095733387327 ], [ -72.268995134262056, 42.14592774063064 ], [ -72.269252135731136, 42.147560743791388 ], [ -72.267956138340907, 42.148735746956355 ], [ -72.266775144679613, 42.153530757443789 ], [ -72.265273147413126, 42.154623760613418 ], [ -72.265897148356657, 42.156124763287728 ], [ -72.267156147398254, 42.156460763175474 ], [ -72.268381148063852, 42.158288766113387 ], [ -72.268220149401699, 42.159387768450742 ], [ -72.266821152070435, 42.160523771670292 ], [ -72.268231152922837, 42.162706775190394 ], [ -72.267114157556577, 42.165967782570704 ], [ -72.264742161235461, 42.167105786495782 ], [ -72.262069166925045, 42.169844793942474 ], [ -72.261603169373302, 42.171694798073617 ], [ -72.263472169131902, 42.173294800056212 ], [ -72.263938170182527, 42.174738802689326 ], [ -72.262368172774273, 42.175645805666591 ], [ -72.26165417487455, 42.176926808813057 ], [ -72.263204175206724, 42.178751811448478 ], [ -72.263951176510403, 42.180706814915219 ], [ -72.263247178696332, 42.182078818247561 ], [ -72.263924179857725, 42.18383082133991 ], [ -72.255924185101762, 42.180975821354963 ], [ -72.207907286357568, 42.163878833938867 ], [ -72.200626302833399, 42.161286836180182 ], [ -72.199348297157286, 42.153706821696446 ], [ -72.141886459965434, 42.160999897400799 ], [ -72.135011479481847, 42.16178390625506 ], [ -72.135042450079197, 42.14060186248647 ], [ -72.135086410104705, 42.11180280297603 ], [ -72.135082409619372, 42.111444802241124 ], [ -72.135112380784292, 42.090664759302534 ], [ -72.192674239073156, 42.091543699080134 ], [ -72.270095076222148, 42.092521631821363 ], [ -72.272103099085271, 42.115988678403042 ], [ -72.274455126206831, 42.143748733026648 ], [ -72.273080126707384, 42.142863732046202 ] ] ] } },
{ "type": "Feature", "properties": { "STATEFP": "25", "COUNTYFP": "013", "COUSUBFP": "42530", "NAME": "Montgomery", "NAMELSAD": "Montgomery town", "GEOID": "2501342530" }, "geometry": { "type": "Polygon", "coordinates": [ [ [ -72.868469656339968, 42.223656715971245 ], [ -72.864278671480776, 42.232265712960682 ], [ -72.857633691033968, 42.240479704561878 ], [ -72.856670692817559, 42.240578702699459 ], [ -72.813421774306221, 42.245003618299457 ], [ -72.812575762355877, 42.234953612663688 ], [ -72.793413797877975, 42.23685357551107 ], [ -72.793291795753376, 42.235273574766985 ], [ -72.791986771260909, 42.217301566564075 ], [ -72.782110786820851, 42.217270547759185 ], [ -72.781038761080922, 42.199748540960812 ], [ -72.78576175532325, 42.200473549843956 ], [ -72.797891687622425, 42.165860560531435 ], [ -72.802505677838482, 42.162885567357797 ], [ -72.807513664256021, 42.15733957378589 ], [ -72.812874656100604, 42.155847582178659 ], [ -72.810909669102898, 42.163816581969471 ], [ -72.84615366720638, 42.200491660922566 ], [ -72.846922667056901, 42.201382662802473 ], [ -72.847574666717549, 42.201949664301509 ], [ -72.856601655116052, 42.203581681867057 ], [ -72.854544660428004, 42.205764679263595 ], [ -72.854170663018749, 42.207717679642585 ], [ -72.857517663011933, 42.212691688690178 ], [ -72.857808664470326, 42.214574690300871 ], [ -72.859650664353339, 42.217331695361686 ], [ -72.857565670608778, 42.220246693034468 ], [ -72.860108668450309, 42.222166699002557 ], [ -72.864867660737559, 42.222140708132869 ], [ -72.868469656339968, 42.223656715971245 ] ] ] } },
{ "type": "Feature", "properties": { "STATEFP": "25", "COUNTYFP": "013", "COUSUBFP": "70045", "NAME": "Tolland", "NAMELSAD": "Tolland town", "GEOID": "2501370045" }, "geometry": { "type": "Polygon", "coordinates": [ [ [ -73.07484443502679, 42.106145918602493 ], [ -73.072888435172814, 42.107016917467043 ], [ -73.071866435191424, 42.108162917612496 ], [ -73.071836435092877, 42.109355918855222 ], [ -73.072896434884399, 42.110334921017952 ], [ -73.072671434794316, 42.111683922221275 ], [ -73.069226435019218, 42.113925920991512 ], [ -73.065744435375052, 42.114777918241714 ], [ -73.063352435585941, 42.115849916876542 ], [ -73.061205435683448, 42.118111917049099 ], [ -73.061383435566071, 42.119388918606965 ], [ -73.06425943493764, 42.122774925254248 ], [ -73.066573434473511, 42.124790929836642 ], [ -73.067205434183123, 42.127350933238603 ], [ -73.069284433609425, 42.130868939173524 ], [ -73.069826433337099, 42.133227942261222 ], [ -73.069441433245956, 42.13498594374019 ], [ -73.068499433339653, 42.135497943307456 ], [ -73.069181432954238, 42.13896694772756 ], [ -73.07054543265167, 42.140159950419708 ], [ -73.072129432124086, 42.143547955682806 ], [ -73.07041843228518, 42.144748955193208 ], [ -73.070404432101981, 42.146955957537877 ], [ -73.071112431885069, 42.148205959606159 ], [ -73.034919437816797, 42.143651917228993 ], [ -72.98191246133014, 42.136693844474422 ], [ -72.970274461076642, 42.078605768254917 ], [ -72.978978084664604, 42.038509914585873 ], [ -72.999548444234222, 42.038652764403771 ], [ -73.008763750394436, 42.038860056943435 ], [ -73.053253441825831, 42.039860824358044 ], [ -73.053287527956911, 42.039861792857558 ], [ -73.055806441362492, 42.045046832724708 ], [ -73.056548441162661, 42.04741883608439 ], [ -73.053904440793787, 42.054989841369753 ], [ -73.05465044057469, 42.057599844988637 ], [ -73.056127440395244, 42.058889847974029 ], [ -73.058011440235205, 42.059478850643082 ], [ -73.061741439814682, 42.061938857312846 ], [ -73.058152439710412, 42.066752858617228 ], [ -73.061804439159729, 42.070637866718464 ], [ -73.073086436262201, 42.094212904007115 ], [ -73.074166435480123, 42.101866913320933 ], [ -73.075035435089731, 42.105194917789895 ], [ -73.07484443502679, 42.106145918602493 ] ] ] } },
{ "type": "Feature", "properties": { "STATEFP": "25", "COUNTYFP": "005", "COUSUBFP": "05280", "NAME": "Berkley", "NAMELSAD": "Berkley town", "GEOID": "2500505280" }, "geometry": { "type": "Polygon", "coordinates": [ [ [ -71.119442531490307, 41.795426737035577 ], [ -71.117551541234249, 41.799753740417344 ], [ -71.119092553092131, 41.803723741968874 ], [ -71.118863562058692, 41.807191744043543 ], [ -71.118329564322096, 41.808219744829437 ], [ -71.114911568189513, 41.810763747445947 ], [ -71.112363573572537, 41.813575749725281 ], [ -71.112699577429524, 41.814915750291398 ], [ -71.114499583264731, 41.816553750607049 ], [ -71.11538558900871, 41.81844375136243 ], [ -71.116101600065321, 41.822390753305172 ], [ -71.117702608080933, 41.824943754382836 ], [ -71.115294612499511, 41.827303756084234 ], [ -71.11457761847025, 41.8297507574772 ], [ -71.109516619906074, 41.831696759056712 ], [ -71.108427628046513, 41.835020760685069 ], [ -71.108381633159709, 41.836932761554429 ], [ -71.110913647669804, 41.841670763701131 ], [ -71.110528652479189, 41.843563764603836 ], [ -71.11284566403171, 41.847294766529863 ], [ -71.112845667733666, 41.848680767226838 ], [ -71.111700671946366, 41.850537768046642 ], [ -71.107819676693623, 41.853239768866985 ], [ -71.108685679483528, 41.854070769358579 ], [ -71.106838693710984, 41.859777771587837 ], [ -71.104275695086926, 41.860861771508759 ], [ -71.10491670295076, 41.863622772790038 ], [ -71.104321714820642, 41.868131774480943 ], [ -71.10311572267193, 41.871275775362058 ], [ -71.102871723199243, 41.871519775376598 ], [ -71.099743723943519, 41.872427774654128 ], [ -71.093594722157377, 41.873007772702266 ], [ -71.094200721339632, 41.872590772792307 ], [ -71.088502718480854, 41.872689770841539 ], [ -71.076446712652555, 41.872970766679281 ], [ -71.072191700904483, 41.869678765029732 ], [ -71.058295672591669, 41.862675761423148 ], [ -71.033354619314636, 41.850043760437153 ], [ -71.022224596650858, 41.845071761932651 ], [ -71.007455565819427, 41.838485765821488 ], [ -71.010944560021372, 41.83585576737498 ], [ -71.036570520010585, 41.816525772495709 ], [ -71.072273551452568, 41.817398762503394 ], [ -71.088462565594924, 41.817787758200836 ], [ -71.093149555728786, 41.812850755555253 ], [ -71.093317548090809, 41.810034754700482 ], [ -71.092829543349254, 41.808467754436116 ], [ -71.088713541664347, 41.809116756115245 ], [ -71.087673537559681, 41.807959756237899 ], [ -71.086465527679337, 41.804790756035224 ], [ -71.087722522360764, 41.802492755007371 ], [ -71.091044522531689, 41.801504753296179 ], [ -71.095443519982467, 41.799170750601149 ], [ -71.095943514574444, 41.797041749695616 ], [ -71.101604510202705, 41.793562745558333 ], [ -71.103084500763174, 41.789587743197359 ], [ -71.108989492627856, 41.784506737421729 ], [ -71.114489482711406, 41.778801730931278 ], [ -71.119610519876076, 41.790968734369429 ], [ -71.119442531490307, 41.795426737035577 ] ] ] } },
{ "type": "Feature", "properties": { "STATEFP": "25", "COUNTYFP": "005", "COUSUBFP": "77570", "NAME": "Westport", "NAMELSAD": "Westport town", "GEOID": "2500577570" }, "geometry": { "type": "Polygon", "coordinates": [ [ [ -71.138549534188442, 41.603429120181268 ], [ -71.135399452797969, 41.625648566598024 ], [ -71.13393844917276, 41.62870856978526 ], [ -71.133038446911669, 41.630968572178155 ], [ -71.134052448823979, 41.632019573223616 ], [ -71.134190448755731, 41.63399757526976 ], [ -71.132757445417738, 41.636435577931927 ], [ -71.125184427467047, 41.660929605869811 ], [ -71.119222415440319, 41.679820629555898 ], [ -71.119139415285289, 41.680088629904546 ], [ -71.118926414890097, 41.680757630779105 ], [ -71.114407407085636, 41.69280464730825 ], [ -71.105693393349796, 41.692804652144716 ], [ -71.076675346112197, 41.687469660186835 ], [ -71.075118340837918, 41.678069646654713 ], [ -71.06376331730101, 41.666849633430338 ], [ -71.061362311737398, 41.663666629038381 ], [ -71.057761302880166, 41.658233621116793 ], [ -71.054186293972577, 41.653262613651187 ], [ -71.051732287022787, 41.648450605954459 ], [ -71.048874277336211, 41.64014859205114 ], [ -71.047057272638995, 41.638078588639459 ], [ -71.046151270364106, 41.63721758721686 ], [ -71.044860267433336, 41.63661258627026 ], [ -71.043067261973533, 41.63327758047383 ], [ -71.038517249579613, 41.628044571218929 ], [ -71.036637243275734, 41.624095563991375 ], [ -71.037768245274293, 41.623411562750171 ], [ -71.037730244443082, 41.622142560424976 ], [ -71.036514238971421, 41.617367551598264 ], [ -71.038072238149553, 41.610204538599184 ], [ -71.038319237539184, 41.608222535008842 ], [ -71.036814228137914, 41.598175516316822 ], [ -71.039016231807835, 41.595656512221147 ], [ -71.039737232388362, 41.593718508879121 ], [ -71.044858242407045, 41.589785503237259 ], [ -71.044898241179624, 41.587307498855807 ], [ -71.040721228032666, 41.581936487842363 ], [ -71.034574207596606, 41.573322469644538 ], [ -71.032171198804974, 41.569053460600948 ], [ -71.031578195367089, 41.566058454688459 ], [ -71.029731186983412, 41.560555443345045 ], [ -71.029040183057333, 41.557364436903278 ], [ -71.030945184915055, 41.552400428598261 ], [ -71.030175180365745, 41.548604420946688 ], [ -71.031434182458014, 41.546514417804673 ], [ -71.029742173001068, 41.53916240275673 ], [ -71.028839168726094, 41.536527397096954 ], [ -71.026596158238917, 41.530417383706052 ], [ -71.032708174122149, 41.527773383526203 ], [ -71.029945159658567, 41.517869362531783 ], [ -71.028523152665528, 41.513706353333362 ], [ -71.022253534147453, 41.504471271592365 ], [ -71.022336127389636, 41.504346329320192 ], [ -71.035514164837025, 41.499047332450495 ], [ -71.038349170050864, 41.492182321187975 ], [ -71.033609152671957, 41.486802305668867 ], [ -71.035510155845131, 41.481639296897221 ], [ -71.038362164271248, 41.481105298342939 ], [ -71.041214178020724, 41.490541320552595 ], [ -71.041203621588053, 41.490908596332474 ], [ -71.041076570072477, 41.495328928958266 ], [ -71.041013181137373, 41.497534334929014 ], [ -71.048593207404039, 41.502659352515771 ], [ -71.05841823920484, 41.505967367928221 ], [ -71.068768097636493, 41.50842218620145 ], [ -71.070687277787258, 41.508877384518307 ], [ -71.085663323455236, 41.509292399463121 ], [ -71.086554564043951, 41.508679907006396 ], [ -71.09305234515908, 41.504214399526205 ], [ -71.106814387487447, 41.502469411034468 ], [ -71.113800409144346, 41.500106415246073 ], [ -71.115781412574663, 41.496509407928272 ], [ -71.120570428186014, 41.497448415257878 ], [ -71.122400434063408, 41.522156449139011 ], [ -71.12659566533155, 41.555179746690648 ], [ -71.127618523797025, 41.563231309743628 ], [ -71.131312449345558, 41.592308531202647 ], [ -71.131491976055401, 41.593253099423023 ], [ -71.1316184498192, 41.593918532991502 ], [ -71.136692019860064, 41.601383774270218 ], [ -71.137492461943424, 41.602561543248925 ], [ -71.138549534188442, 41.603429120181268 ] ] ] } },
{ "type": "Feature", "properties": { "STATEFP": "25", "COUNTYFP": "027", "COUSUBFP": "77010", "NAME": "Westminster", "NAMELSAD": "Westminster town", "GEOID": "2502777010" }, "geometry": { "type": "Polygon", "coordinates": [ [ [ -71.975585977841803, 42.535863616772673 ], [ -71.97252299550405, 42.536170617995843 ], [ -71.959406023129048, 42.54637860315534 ], [ -71.963924980782764, 42.549431593028586 ], [ -71.951807990108819, 42.560310577337539 ], [ -71.950907988695192, 42.561428575539033 ], [ -71.94379497511072, 42.570254561727296 ], [ -71.92350391240231, 42.595414526074109 ], [ -71.928022851264785, 42.602008507902625 ], [ -71.917618865403853, 42.605981510071196 ], [ -71.912929870830553, 42.607772511193083 ], [ -71.911409875857956, 42.607867512553355 ], [ -71.910661886850747, 42.606699515663067 ], [ -71.895295907934766, 42.611602521816096 ], [ -71.895974896772898, 42.612759518876672 ], [ -71.892895899992993, 42.613777520154621 ], [ -71.892139912717923, 42.612465523455064 ], [ -71.883051922310784, 42.615341527611207 ], [ -71.883629912276561, 42.616349525119745 ], [ -71.880601914732523, 42.617338526523589 ], [ -71.882034889231576, 42.619910520217459 ], [ -71.858659886361835, 42.629026529842278 ], [ -71.860591208202536, 42.591636592678285 ], [ -71.862084446427971, 42.563549640357607 ], [ -71.86234449291203, 42.558049649771363 ], [ -71.855132530269898, 42.558290654792025 ], [ -71.855486571079496, 42.553509662708635 ], [ -71.855592583485475, 42.55205466512276 ], [ -71.862509540495921, 42.55247365940221 ], [ -71.862954605425813, 42.5447026726942 ], [ -71.837808763706903, 42.543782691318867 ], [ -71.842006012525232, 42.514678736187221 ], [ -71.84737197476467, 42.514704733353256 ], [ -71.849405931272813, 42.517902726925684 ], [ -71.856838869640484, 42.519082720902865 ], [ -71.861041864593346, 42.516373723335519 ], [ -71.864532835568127, 42.516932720504158 ], [ -71.874866825388537, 42.509519728466245 ], [ -71.88459781119019, 42.502504736781525 ], [ -71.909650602770824, 42.48449175597851 ], [ -71.919836547017596, 42.491446740494482 ], [ -71.933975453634659, 42.501104717322498 ], [ -71.948360290349257, 42.510908689213274 ], [ -71.949794274613069, 42.511885686328739 ], [ -71.979686968572977, 42.532309622629988 ], [ -71.975585977841803, 42.535863616772673 ] ] ] } },
{ "type": "Feature", "properties": { "STATEFP": "25", "COUNTYFP": "003", "COUSUBFP": "04545", "NAME": "Becket", "NAMELSAD": "Becket town", "GEOID": "2500304545" }, "geometry": { "type": "Polygon", "coordinates": [ [ [ -73.160877409473684, 42.286598094921125 ], [ -73.160665410729081, 42.290697087860856 ], [ -73.159941414971499, 42.304207064627803 ], [ -73.159466422622714, 42.329737021519804 ], [ -73.104092473001486, 42.335551978886507 ], [ -73.064287512066073, 42.339731950040147 ], [ -73.062885502781739, 42.328950962579178 ], [ -73.056765504799401, 42.325944962398651 ], [ -73.052655506388319, 42.324288961751769 ], [ -73.049015506199027, 42.321417962777709 ], [ -73.046674507283768, 42.320744962021088 ], [ -73.045444506745341, 42.319395962771431 ], [ -73.040751511225722, 42.3201829587452 ], [ -73.039628510311147, 42.318630959757861 ], [ -73.038953506592293, 42.314954963457531 ], [ -73.036126507030289, 42.313561963070427 ], [ -73.034162506739293, 42.312119963305939 ], [ -73.03128150539159, 42.309301964374427 ], [ -73.029397505799409, 42.308567963828885 ], [ -73.026140507346128, 42.308013962090136 ], [ -73.025069509426046, 42.309092960169444 ], [ -73.022072512018099, 42.309504957596431 ], [ -73.020145511751537, 42.30825895752605 ], [ -73.018240514023972, 42.309004955386413 ], [ -73.01685751770583, 42.311088952253058 ], [ -73.0143295167627, 42.30903695256081 ], [ -73.01274151481897, 42.306766953721919 ], [ -73.010248513669239, 42.304681954000685 ], [ -73.006610516219482, 42.304793951221342 ], [ -73.005353517613131, 42.305199949902821 ], [ -73.005808519076481, 42.306470948990501 ], [ -73.003713522248219, 42.307728946249917 ], [ -73.003329525400474, 42.309784943982429 ], [ -73.002192526832772, 42.310238942737143 ], [ -73.001908529220714, 42.311784941048707 ], [ -73.000277531537137, 42.312596939129314 ], [ -73.00184944316976, 42.251016999448119 ], [ -73.004293442961981, 42.251347001513693 ], [ -73.00786644032469, 42.238408993562437 ], [ -73.03625843321187, 42.236152019136583 ], [ -73.036824432875065, 42.240184024076363 ], [ -73.04020443202856, 42.239809027003027 ], [ -73.079158422468183, 42.235481060820959 ], [ -73.090900419657075, 42.234175071047694 ], [ -73.092572418019941, 42.245505084682421 ], [ -73.120701410973467, 42.243182109923431 ], [ -73.121323410414234, 42.246059113535068 ], [ -73.122851409727033, 42.24810411716755 ], [ -73.122762409572715, 42.249376118405216 ], [ -73.120698410723222, 42.25121611520693 ], [ -73.12121041136956, 42.252618113600995 ], [ -73.161560399573716, 42.247603154671751 ], [ -73.160877409473684, 42.286598094921125 ] ] ] } },
{ "type": "Feature", "properties": { "STATEFP": "25", "COUNTYFP": "003", "COUSUBFP": "34340", "NAME": "Lanesborough", "NAMELSAD": "Lanesborough town", "GEOID": "2500334340" }, "geometry": { "type": "Polygon", "coordinates": [ [ [ -73.311742457666099, 42.504607744637163 ], [ -73.25827946045942, 42.588565724045758 ], [ -73.201851505543772, 42.579186725622215 ], [ -73.210602469816422, 42.565678725623435 ], [ -73.204494478794132, 42.564687726196013 ], [ -73.209356458550033, 42.557131726138813 ], [ -73.203503467264937, 42.556084726742995 ], [ -73.207233451463921, 42.550179726685002 ], [ -73.21210743037598, 42.542400726546546 ], [ -73.187487470160377, 42.538614729472513 ], [ -73.200893414760472, 42.51863872909562 ], [ -73.188433436250619, 42.516615730874094 ], [ -73.18956543133713, 42.514788730846 ], [ -73.165808473231451, 42.510932734413203 ], [ -73.182198422979198, 42.485414758875422 ], [ -73.214125360123276, 42.490154747082279 ], [ -73.238997309654636, 42.493845736949403 ], [ -73.239961307675273, 42.493977736562492 ], [ -73.271889344558616, 42.498706733352144 ], [ -73.281750370889483, 42.500171734234371 ], [ -73.311742457666099, 42.504607744637163 ] ] ] } },
{ "type": "Feature", "properties": { "STATEFP": "25", "COUNTYFP": "003", "COUSUBFP": "67595", "NAME": "Stockbridge", "NAMELSAD": "Stockbridge town", "GEOID": "2500367595" }, "geometry": { "type": "Polygon", "coordinates": [ [ [ -73.364732643223732, 42.319034122690077 ], [ -73.358527627249572, 42.31957212039373 ], [ -73.352296611203982, 42.320110118086191 ], [ -73.350510601151512, 42.339414079243546 ], [ -73.340988573082214, 42.351876052231326 ], [ -73.330770546736403, 42.351984049689783 ], [ -73.301643471648489, 42.352225042570289 ], [ -73.288138436829925, 42.35233603926649 ], [ -73.288153437879203, 42.349293045508126 ], [ -73.288214442203937, 42.336742071250981 ], [ -73.288278446752656, 42.323536098335751 ], [ -73.288632456221791, 42.297718151323522 ], [ -73.288953464552108, 42.275043197848703 ], [ -73.289192470964068, 42.257506233821289 ], [ -73.328248568582623, 42.258028238328812 ], [ -73.35882364502568, 42.258434241888466 ], [ -73.362727654788259, 42.258484242348239 ], [ -73.364463659129555, 42.258506242553267 ], [ -73.365924662613821, 42.259145241497393 ], [ -73.364732643223732, 42.319034122690077 ] ] ] } },
{ "type": "Feature", "properties": { "STATEFP": "25", "COUNTYFP": "003", "COUSUBFP": "79985", "NAME": "Williamstown", "NAMELSAD": "Williamstown town", "GEOID": "2500379985" }, "geometry": { "type": "Polygon", "coordinates": [ [ [ -73.274144769753391, 42.721184528273909 ], [ -73.273102148477619, 42.723993649233236 ], [ -73.264956740013105, 42.745939721083431 ], [ -73.213170024131713, 42.744911274291425 ], [ -73.16364187446284, 42.743927679407413 ], [ -73.165903743393343, 42.711831716167907 ], [ -73.175372734844046, 42.712283716689846 ], [ -73.175980722723992, 42.704031717392837 ], [ -73.176189718618033, 42.701246717628045 ], [ -73.177240697591756, 42.687036718809722 ], [ -73.167770707459596, 42.686653718516652 ], [ -73.169756669117405, 42.660172720887047 ], [ -73.171207632021279, 42.634458723097744 ], [ -73.171542623654815, 42.62870572358203 ], [ -73.261994541273637, 42.631328723868457 ], [ -73.307003703853184, 42.632653183088621 ], [ -73.274144769753391, 42.721184528273909 ] ] ] } },
{ "type": "Feature", "properties": { "STATEFP": "25", "COUNTYFP": "015", "COUSUBFP": "52560", "NAME": "Pelham", "NAMELSAD": "Pelham town", "GEOID": "2501552560" }, "geometry": { "type": "Polygon", "coordinates": [ [ [ -72.483696102937529, 42.407480789113528 ], [ -72.375022163514672, 42.420818790352442 ], [ -72.375377163069714, 42.419008790932558 ], [ -72.371967164374297, 42.415969791882219 ], [ -72.373535163200998, 42.41339179272429 ], [ -72.369917164740357, 42.410740793697194 ], [ -72.371411163659644, 42.408614794371807 ], [ -72.369969164355822, 42.40803179463682 ], [ -72.366576165629567, 42.403505796462284 ], [ -72.367995164740904, 42.402659796660622 ], [ -72.369364163673936, 42.400282797386119 ], [ -72.367911164143536, 42.397536798511709 ], [ -72.368825163482896, 42.39644079879865 ], [ -72.367125164226252, 42.394582799676698 ], [ -72.367718163819305, 42.394067799786143 ], [ -72.366699164049976, 42.391123801002657 ], [ -72.365497164698354, 42.39063280136731 ], [ -72.365964164198786, 42.388761801991606 ], [ -72.364270165133775, 42.388129802512246 ], [ -72.363814165240299, 42.38667180315057 ], [ -72.366830163266116, 42.38535280309879 ], [ -72.365837163579044, 42.382945804180167 ], [ -72.363724164744724, 42.381819805037601 ], [ -72.365807163454065, 42.381745804633638 ], [ -72.366659162820895, 42.380854804784335 ], [ -72.366141162826054, 42.378238805864846 ], [ -72.364190164113481, 42.37881580609092 ], [ -72.363723164136175, 42.37644280711136 ], [ -72.363989163648171, 42.373636808125021 ], [ -72.362765164254739, 42.372040809064679 ], [ -72.3608171654232, 42.371212809918781 ], [ -72.360765165201983, 42.368774810917202 ], [ -72.35803316679791, 42.366796812532783 ], [ -72.356365167871957, 42.366506813156477 ], [ -72.357321167099016, 42.36500881350522 ], [ -72.359258165701078, 42.363913813356938 ], [ -72.357241166652287, 42.359695815789493 ], [ -72.3589861651663, 42.356694816436082 ], [ -72.358969165073248, 42.355638816880145 ], [ -72.357193166177964, 42.354299818102298 ], [ -72.357947165536544, 42.353093818326847 ], [ -72.356448166363762, 42.350666819944664 ], [ -72.358406164906327, 42.349928819474556 ], [ -72.358028164980126, 42.347911820474657 ], [ -72.359376163779729, 42.345565820882911 ], [ -72.356564165597135, 42.343233823090358 ], [ -72.355030166670872, 42.342714823997888 ], [ -72.355396166222732, 42.340677824723791 ], [ -72.380368147804248, 42.340613813285131 ], [ -72.393708137701864, 42.339295807426261 ], [ -72.393470137651363, 42.338168807767055 ], [ -72.40545512831747, 42.336436802310466 ], [ -72.409417130895847, 42.358761798019366 ], [ -72.471385085432615, 42.351583774484503 ], [ -72.47228708474205, 42.351457774095771 ], [ -72.472452084993819, 42.352303774267234 ], [ -72.477301092590352, 42.376785779951327 ], [ -72.483696102937529, 42.407480789113528 ] ] ] } },
{ "type": "Feature", "properties": { "STATEFP": "25", "COUNTYFP": "015", "COUSUBFP": "72880", "NAME": "Ware", "NAMELSAD": "Ware town", "GEOID": "2501572880" }, "geometry": { "type": "Polygon", "coordinates": [ [ [ -72.354210164118001, 42.305683840798572 ], [ -72.351891166124631, 42.306411842025369 ], [ -72.351689166127045, 42.304261843147714 ], [ -72.35037316723205, 42.304167844088475 ], [ -72.349556168055528, 42.306030843765882 ], [ -72.350659167230731, 42.307389842393476 ], [ -72.352278165921291, 42.307937841071443 ], [ -72.349889167921447, 42.308042842596436 ], [ -72.351459166762595, 42.309992840664556 ], [ -72.350159167862287, 42.310311841355464 ], [ -72.348656169027294, 42.309175842866885 ], [ -72.345889171372946, 42.309968844277122 ], [ -72.343597173373865, 42.311886844783395 ], [ -72.342091174732744, 42.314330844473687 ], [ -72.337705178315474, 42.314538847079326 ], [ -72.335246180335858, 42.315141848263011 ], [ -72.334715180835332, 42.317617847195486 ], [ -72.332302182815084, 42.31940884760801 ], [ -72.32911818536563, 42.319686849316902 ], [ -72.328333185983453, 42.318557850457552 ], [ -72.327223186884368, 42.320466849954663 ], [ -72.327400186760684, 42.323476848022196 ], [ -72.328219186129772, 42.325247846492815 ], [ -72.326762187276415, 42.326813846340876 ], [ -72.326214187699122, 42.325157847657238 ], [ -72.324673188902167, 42.32676584750638 ], [ -72.326054187830337, 42.328477845700711 ], [ -72.324865188745704, 42.330819844875215 ], [ -72.322724190384633, 42.331038845847189 ], [ -72.323165190030167, 42.333522844044843 ], [ -72.317631194085493, 42.339625842752106 ], [ -72.315055195999037, 42.339410844097415 ], [ -72.314924195995332, 42.342644841946267 ], [ -72.31425319645146, 42.343687841528286 ], [ -72.312176197998824, 42.342801843063917 ], [ -72.30940919997559, 42.343760843609076 ], [ -72.308788200371964, 42.344890843066878 ], [ -72.306804201843335, 42.34428184437283 ], [ -72.306143202218109, 42.346126843300354 ], [ -72.303753203965087, 42.345756844595584 ], [ -72.301397205490389, 42.348228843707808 ], [ -72.298744207300345, 42.349321843946619 ], [ -72.296709208744389, 42.349368844735295 ], [ -72.295389209576683, 42.350568844306494 ], [ -72.29133321232996, 42.351735844955329 ], [ -72.288734214129434, 42.352023845728802 ], [ -72.288559214246675, 42.352077845751303 ], [ -72.284231217299308, 42.352009847494479 ], [ -72.281382221375679, 42.33612686272717 ], [ -72.278491223498762, 42.336464863827466 ], [ -72.277079225568059, 42.329404870975139 ], [ -72.280003223357312, 42.329090869713916 ], [ -72.274639231575435, 42.301962897795661 ], [ -72.268653236411552, 42.303523900449683 ], [ -72.261922241787488, 42.305257903318953 ], [ -72.261545242469438, 42.303330905520824 ], [ -72.244543267778681, 42.30603291480152 ], [ -72.232935301681877, 42.307874921756138 ], [ -72.210795366391054, 42.311379934527764 ], [ -72.212144362645219, 42.310217934946195 ], [ -72.212852361107849, 42.307565937690242 ], [ -72.213067361260258, 42.303808942174157 ], [ -72.212228363999401, 42.302564944382667 ], [ -72.212775362603935, 42.301513945249063 ], [ -72.216262352770713, 42.2993069451568 ], [ -72.21674535245289, 42.294055951183317 ], [ -72.213973360590003, 42.294256953244378 ], [ -72.210798369912325, 42.29447895560952 ], [ -72.203281392773405, 42.291181966075939 ], [ -72.20395739125486, 42.288877968445725 ], [ -72.207109382713995, 42.285245970338615 ], [ -72.212043368714291, 42.282651969266361 ], [ -72.212779369238419, 42.269804984536279 ], [ -72.217649354834521, 42.270171979531106 ], [ -72.217570355484185, 42.26819798201074 ], [ -72.21651436039393, 42.259647993465009 ], [ -72.216091362364267, 42.256196998106745 ], [ -72.211101377127221, 42.25567700371333 ], [ -72.211079378114462, 42.251262009237685 ], [ -72.210460376926378, 42.247205005594061 ], [ -72.21458436528124, 42.247571002149691 ], [ -72.214821366288035, 42.249041004985699 ], [ -72.218068356268404, 42.248605000759184 ], [ -72.221218343219462, 42.245251990516103 ], [ -72.247013264510571, 42.242093957511152 ], [ -72.249755253272568, 42.239016948224467 ], [ -72.25761423517919, 42.229873921617951 ], [ -72.268231223813743, 42.229310910581042 ], [ -72.270548229789313, 42.237125924240161 ], [ -72.271439228080681, 42.236367921852789 ], [ -72.273772225165544, 42.235846918570218 ], [ -72.27767021829105, 42.23310290937092 ], [ -72.281295216670998, 42.235019909741169 ], [ -72.294493199458557, 42.231432890258851 ], [ -72.335968145105909, 42.220158831530135 ], [ -72.335579147778276, 42.222241835542896 ], [ -72.336999147910447, 42.223683836793043 ], [ -72.335404153119427, 42.226966844018889 ], [ -72.335673153830982, 42.227867845356634 ], [ -72.333936157780258, 42.229869850497401 ], [ -72.334472159631119, 42.232061853865275 ], [ -72.3331951636642, 42.234570859506 ], [ -72.332948166666327, 42.237091864204146 ], [ -72.333776169411095, 42.240371869204502 ], [ -72.334786169415011, 42.241308869872384 ], [ -72.334881171412377, 42.243224873156642 ], [ -72.334942173271543, 42.244982876194733 ], [ -72.333578175459522, 42.245727878866276 ], [ -72.334974176741994, 42.248188881812709 ], [ -72.334759178970799, 42.251233884527529 ], [ -72.336237177616212, 42.255187880851551 ], [ -72.336681177272538, 42.258074878824964 ], [ -72.33841617560698, 42.259054876622912 ], [ -72.336762177235784, 42.259351878043873 ], [ -72.337763176294033, 42.260369876532593 ], [ -72.337375176718623, 42.261682876183251 ], [ -72.335852178224513, 42.262562877128396 ], [ -72.333930180083527, 42.262475878977753 ], [ -72.333658180392987, 42.264368878154585 ], [ -72.334443179686531, 42.266229876377189 ], [ -72.33289018120729, 42.26776087691767 ], [ -72.331611182476877, 42.270542876455636 ], [ -72.331645182462026, 42.271484875877391 ], [ -72.333071181149663, 42.27285287383576 ], [ -72.336892177588595, 42.273522870129511 ], [ -72.338807175857028, 42.275058867638094 ], [ -72.338292176502094, 42.279410865725929 ], [ -72.339620175348273, 42.280982863781141 ], [ -72.343618171739081, 42.281807860067786 ], [ -72.346790168961917, 42.283609856589017 ], [ -72.350680165517218, 42.284679852948734 ], [ -72.350750165549428, 42.285953852300274 ], [ -72.348851167612693, 42.291090851358845 ], [ -72.348631168046964, 42.294585849856134 ], [ -72.350041166819722, 42.294647848782702 ], [ -72.352635164641512, 42.295733846369963 ], [ -72.351770165572788, 42.298025845953156 ], [ -72.35080716642068, 42.298244846544407 ], [ -72.354498163300235, 42.298988843564317 ], [ -72.354896163032436, 42.299845842903501 ], [ -72.353754164238566, 42.302546842506338 ], [ -72.356018162380735, 42.303282840621193 ], [ -72.354210164118001, 42.305683840798572 ] ] ] } },
{ "type": "Feature", "properties": { "STATEFP": "25", "COUNTYFP": "027", "COUSUBFP": "30560", "NAME": "Holden", "NAMELSAD": "Holden town", "GEOID": "2502730560" }, "geometry": { "type": "Polygon", "coordinates": [ [ [ -71.928860233118371, 42.36820295306039 ], [ -71.92352925950091, 42.371686945565926 ], [ -71.887762465142373, 42.394949900702414 ], [ -71.886353474306716, 42.395876899105062 ], [ -71.831746890338934, 42.431825848163513 ], [ -71.817779816760449, 42.40395588108715 ], [ -71.824163792009685, 42.404853880559017 ], [ -71.810574603143763, 42.359782929408425 ], [ -71.805481522368254, 42.342809946080223 ], [ -71.804346503606908, 42.339018949676053 ], [ -71.80204346484696, 42.331344956808458 ], [ -71.803791454471792, 42.330281958785626 ], [ -71.811842407995002, 42.325360968182061 ], [ -71.816831380289159, 42.322291974244344 ], [ -71.822944347901, 42.318588981832988 ], [ -71.826673328727594, 42.316312986604068 ], [ -71.828864317727692, 42.314980989444209 ], [ -71.833862293199331, 42.311922996066407 ], [ -71.845417240050949, 42.304859012008045 ], [ -71.859063183657057, 42.296523031974182 ], [ -71.863135168165343, 42.294037038170799 ], [ -71.865222160458927, 42.292762041390795 ], [ -71.875389125189699, 42.286544057502866 ], [ -71.882155136551049, 42.291955054298583 ], [ -71.879521145977463, 42.293724049841785 ], [ -71.878992160007826, 42.297516043862224 ], [ -71.880516160253194, 42.298197043861144 ], [ -71.881700156478729, 42.297586045558063 ], [ -71.89145313708967, 42.295745054891384 ], [ -71.90100917460569, 42.31335303313832 ], [ -71.904861188029301, 42.320879023155008 ], [ -71.911224206339426, 42.333299005990071 ], [ -71.903504232032361, 42.335673998529998 ], [ -71.905838239201387, 42.340507991726227 ], [ -71.901722253551, 42.341663988100215 ], [ -71.905408264659116, 42.349427977041529 ], [ -71.91876922176769, 42.347982984591063 ], [ -71.928112232693223, 42.366700955479672 ], [ -71.928860233118371, 42.36820295306039 ] ] ] } },
{ "type": "Feature", "properties": { "STATEFP": "25", "COUNTYFP": "027", "COUSUBFP": "34165", "NAME": "Lancaster", "NAMELSAD": "Lancaster town", "GEOID": "2502734165" }, "geometry": { "type": "Polygon", "coordinates": [ [ [ -71.724174501923457, 42.49111079942459 ], [ -71.716742252676639, 42.518970757047533 ], [ -71.712618183209457, 42.521204750304292 ], [ -71.712170173952259, 42.521595749285382 ], [ -71.702237929213524, 42.533894717970021 ], [ -71.678970731227153, 42.530429704738403 ], [ -71.675742703435091, 42.529950703119532 ], [ -71.665329613370673, 42.52839669828623 ], [ -71.63587035414055, 42.524023687581817 ], [ -71.636145366152945, 42.523097690678014 ], [ -71.633939354696011, 42.52193169273901 ], [ -71.631901361054886, 42.51911270028593 ], [ -71.630152345428272, 42.518833700020444 ], [ -71.630538365531322, 42.517188705568984 ], [ -71.631825381009406, 42.51699270700967 ], [ -71.631799390660348, 42.515978710233959 ], [ -71.629616368901992, 42.515844709331787 ], [ -71.629741391501852, 42.513659716469071 ], [ -71.62742237318659, 42.51300771727697 ], [ -71.628428408115411, 42.510511725963546 ], [ -71.629563412594237, 42.511298724004504 ], [ -71.630578438879326, 42.509715729635666 ], [ -71.631549448823733, 42.50976272997373 ], [ -71.631327460425851, 42.508332734443727 ], [ -71.634220530628141, 42.504360748356916 ], [ -71.633508540560442, 42.502564753751479 ], [ -71.63160551884593, 42.502666752703995 ], [ -71.626406487112561, 42.500093759188459 ], [ -71.62579547929559, 42.499107760143197 ], [ -71.627669487120571, 42.493758765849691 ], [ -71.628917488605197, 42.488841770919009 ], [ -71.630583503221274, 42.487690772538656 ], [ -71.631611508231316, 42.48542277500669 ], [ -71.633311527755239, 42.486169774836362 ], [ -71.634130534104671, 42.485351775863904 ], [ -71.632679518671779, 42.485185775565292 ], [ -71.632193507516305, 42.482777777685378 ], [ -71.63410352732177, 42.48287477818625 ], [ -71.63391652126802, 42.481293779616365 ], [ -71.634848527215112, 42.479962781154391 ], [ -71.633675508944876, 42.477508783106074 ], [ -71.635792528487741, 42.476890784326642 ], [ -71.642427602546078, 42.479502783901268 ], [ -71.653969584235981, 42.440365823150991 ], [ -71.656741574243767, 42.430956832395445 ], [ -71.681068791594214, 42.435432834236352 ], [ -71.686039837059766, 42.436335834660603 ], [ -71.68819285694876, 42.436743834833699 ], [ -71.695868885963023, 42.429993842473046 ], [ -71.701439904376073, 42.425101847919564 ], [ -71.706159918184071, 42.420951852478048 ], [ -71.71836394636972, 42.410219864008461 ], [ -71.718442042489215, 42.425855851181019 ], [ -71.718623264874466, 42.461967821568976 ], [ -71.718701335432414, 42.473373812226015 ], [ -71.728387442253876, 42.475127813683784 ], [ -71.724174501923457, 42.49111079942459 ] ] ] } },
{ "type": "Feature", "properties": { "STATEFP": "25", "COUNTYFP": "027", "COUSUBFP": "46925", "NAME": "Northbridge", "NAMELSAD": "Northbridge town", "GEOID": "2502746925" }, "geometry": { "type": "Polygon", "coordinates": [ [ [ -71.697565845653017, 42.113131143825207 ], [ -71.692010846811755, 42.120292148476011 ], [ -71.694132849223948, 42.121126142796697 ], [ -71.70464086108494, 42.125254115563301 ], [ -71.693713860976359, 42.136159126507479 ], [ -71.691401869678245, 42.149201115585811 ], [ -71.692366874536532, 42.154296107957705 ], [ -71.69368788111629, 42.161214097851904 ], [ -71.691418880931678, 42.163108099085079 ], [ -71.679010873807542, 42.165789113953529 ], [ -71.673457869635243, 42.165772122054079 ], [ -71.672327868787391, 42.165770123700689 ], [ -71.642168846107836, 42.165662167786373 ], [ -71.628126821283317, 42.149912223868199 ], [ -71.605782780345521, 42.124857328619733 ], [ -71.602269778219409, 42.125628334093562 ], [ -71.598982772733464, 42.122678349259886 ], [ -71.597635771800356, 42.12285335172092 ], [ -71.592748766646935, 42.121648365853382 ], [ -71.592634759406351, 42.114238387347733 ], [ -71.595987760624098, 42.112605384116151 ], [ -71.59736376138359, 42.112201381994446 ], [ -71.597870761674244, 42.112063381177748 ], [ -71.5981497618247, 42.111977380755206 ], [ -71.598650762069639, 42.11179638006783 ], [ -71.598960762313936, 42.111781379373355 ], [ -71.601952764383526, 42.111332373486206 ], [ -71.603531766438934, 42.11211036763958 ], [ -71.623400776615213, 42.105134336924849 ], [ -71.646837789166668, 42.096887294660924 ], [ -71.650870791412714, 42.095496286671541 ], [ -71.654062794903808, 42.096356276642638 ], [ -71.657253798393981, 42.097226266692203 ], [ -71.679971822968227, 42.103396198617105 ], [ -71.68505083015981, 42.106924181273008 ], [ -71.685541830851975, 42.107265179628733 ], [ -71.691034834007297, 42.105452168324888 ], [ -71.707691843858768, 42.100070131868073 ], [ -71.697565845653017, 42.113131143825207 ] ] ] } },
{ "type": "Feature", "properties": { "STATEFP": "25", "COUNTYFP": "027", "COUSUBFP": "53120", "NAME": "Petersham", "NAMELSAD": "Petersham town", "GEOID": "2502753120" }, "geometry": { "type": "Polygon", "coordinates": [ [ [ -72.31363119506014, 42.396403805324184 ], [ -72.31508819415123, 42.39885580347741 ], [ -72.314040194732243, 42.399182803359892 ], [ -72.312569195397131, 42.403502800491083 ], [ -72.313572194733979, 42.406639798244434 ], [ -72.310357196418607, 42.407928797504766 ], [ -72.310273196340489, 42.41067379555291 ], [ -72.309302196846346, 42.410856795451267 ], [ -72.308616197018466, 42.414690792700966 ], [ -72.306481198024784, 42.416467791406781 ], [ -72.306681197770374, 42.419200789400399 ], [ -72.305610198243045, 42.42035678852082 ], [ -72.302279199915674, 42.420315788457124 ], [ -72.300992200443076, 42.421944787167646 ], [ -72.30128520017783, 42.423618785894092 ], [ -72.302457199574405, 42.424018785646737 ], [ -72.300329200577721, 42.424561785118527 ], [ -72.297096201987713, 42.426592783332495 ], [ -72.293556203373242, 42.43002178030288 ], [ -72.292091204071284, 42.429965780220662 ], [ -72.290888204222796, 42.434044776725806 ], [ -72.288674205076433, 42.435574775185152 ], [ -72.290726203958783, 42.437339773966023 ], [ -72.287278205524558, 42.437245773589865 ], [ -72.287340205359854, 42.438457772564483 ], [ -72.283259206845926, 42.441188769599414 ], [ -72.291288199439521, 42.479524739085406 ], [ -72.244868174174769, 42.513438669411883 ], [ -72.196385187773629, 42.548919583405571 ], [ -72.185642214462391, 42.550359579204319 ], [ -72.100941662232302, 42.483681722670873 ], [ -72.205150361102369, 42.417678803658539 ], [ -72.219029324218141, 42.395492826281689 ], [ -72.228553294846591, 42.39972981748226 ], [ -72.229904290732819, 42.400075816559252 ], [ -72.230759288394736, 42.399066817405028 ], [ -72.233293280879664, 42.398789816742735 ], [ -72.236519271571922, 42.397251817240289 ], [ -72.236774271068654, 42.396066818487199 ], [ -72.238512266049781, 42.395268818693587 ], [ -72.239273264190061, 42.393380820513691 ], [ -72.238144267797722, 42.392307822192215 ], [ -72.237980268641749, 42.390689824092227 ], [ -72.240341261829002, 42.389606824309119 ], [ -72.241601258357193, 42.388287825243545 ], [ -72.244323250232554, 42.388279824073642 ], [ -72.258159227378229, 42.393506814856842 ], [ -72.264118225167678, 42.386619820899149 ], [ -72.265786224071704, 42.387147820082689 ], [ -72.268474221928741, 42.390297816563752 ], [ -72.270378220783485, 42.390428816142695 ], [ -72.272861219487098, 42.389347816776542 ], [ -72.272337219903193, 42.3886778174938 ], [ -72.273679219421055, 42.386612819205503 ], [ -72.274019219531951, 42.384541821079807 ], [ -72.278643217050984, 42.382179822338607 ], [ -72.28002621659067, 42.379284824653347 ], [ -72.281501215752584, 42.378664824875734 ], [ -72.281205216196284, 42.376688826701951 ], [ -72.279550217523536, 42.374600828976803 ], [ -72.281739216472218, 42.371953830774558 ], [ -72.28503821421144, 42.37307682891857 ], [ -72.285213214890646, 42.366431834625956 ], [ -72.284382216043184, 42.361468839198331 ], [ -72.285501215395158, 42.360555839616069 ], [ -72.284676216049263, 42.359772840574735 ], [ -72.285959215404546, 42.357817841819589 ], [ -72.284140216804019, 42.356583843539902 ], [ -72.287170214833452, 42.355521843351255 ], [ -72.28643821566699, 42.352697846044393 ], [ -72.288531214257517, 42.352158845693715 ], [ -72.288559214246675, 42.352077845751303 ], [ -72.288734214129434, 42.352023845728802 ], [ -72.29133321232996, 42.351735844955329 ], [ -72.295389209576683, 42.350568844306494 ], [ -72.296709208744389, 42.349368844735295 ], [ -72.298744207300345, 42.349321843946619 ], [ -72.301397205490389, 42.348228843707808 ], [ -72.303753203965087, 42.345756844595584 ], [ -72.306143202218109, 42.346126843300354 ], [ -72.306804201843335, 42.34428184437283 ], [ -72.308788200371964, 42.344890843066878 ], [ -72.30940919997559, 42.343760843609076 ], [ -72.312176197998824, 42.342801843063917 ], [ -72.31425319645146, 42.343687841528286 ], [ -72.314277196280202, 42.348337838318407 ], [ -72.312611197377095, 42.350795837288516 ], [ -72.312219197586643, 42.352523836233445 ], [ -72.313653196516569, 42.354335834425825 ], [ -72.313121196837557, 42.355696833679438 ], [ -72.313799196295705, 42.35779083198382 ], [ -72.311546197798791, 42.358849832035375 ], [ -72.312965196708475, 42.362113829270157 ], [ -72.31050519826934, 42.364293828526115 ], [ -72.313108196376746, 42.368556824744324 ], [ -72.315655194682691, 42.369478823383446 ], [ -72.3145671953299, 42.371404822369271 ], [ -72.311431197323131, 42.372205822653676 ], [ -72.312087196839116, 42.373764821385691 ], [ -72.313159196160356, 42.373586821234476 ], [ -72.312066196746912, 42.376430819520763 ], [ -72.313641195712279, 42.377583818344775 ], [ -72.313117195998714, 42.378750817655714 ], [ -72.314350195133301, 42.381655815379709 ], [ -72.312924195973281, 42.382686814958696 ], [ -72.310852197105646, 42.385865813123182 ], [ -72.311646196596186, 42.386608812455172 ], [ -72.31004319752428, 42.387389812182775 ], [ -72.312572195960925, 42.388669810850942 ], [ -72.312658195824071, 42.390931809258028 ], [ -72.314508194712133, 42.39165480848142 ], [ -72.313391195327569, 42.392758807880092 ], [ -72.315819193861302, 42.394539806330911 ], [ -72.31363119506014, 42.396403805324184 ] ] ] } },
{ "type": "Feature", "properties": { "STATEFP": "25", "COUNTYFP": "027", "COUSUBFP": "63345", "NAME": "Southbridge Town", "NAMELSAD": "Southbridge Town city", "GEOID": "2502763345" }, "geometry": { "type": "Polygon", "coordinates": [ [ [ -72.07443548115684, 42.058459758931903 ], [ -72.066425521815205, 42.072085795455074 ], [ -72.062839531323419, 42.072590800374734 ], [ -72.060565535608262, 42.071814801260039 ], [ -72.059410541844059, 42.07396080688499 ], [ -72.060865546149174, 42.078877815327104 ], [ -72.059023556606363, 42.082594824892581 ], [ -72.05715556211247, 42.083164828072654 ], [ -72.053406570248612, 42.082494830761114 ], [ -72.053202572127859, 42.083346832715428 ], [ -72.052096583065676, 42.088417844227877 ], [ -72.046762620835253, 42.103440880518377 ], [ -72.046116622587263, 42.103517881368298 ], [ -72.040498637838041, 42.104188888760916 ], [ -72.042014646315565, 42.111644902276183 ], [ -72.039613653506137, 42.112303906184032 ], [ -72.039076649490795, 42.109057900170001 ], [ -72.036190657508769, 42.109482904124178 ], [ -72.035995655929995, 42.108238901809393 ], [ -72.030844671585726, 42.109797910489313 ], [ -72.031760676967551, 42.114387918812717 ], [ -72.029051685096164, 42.115114923182794 ], [ -72.027603675758655, 42.107405909115457 ], [ -72.025495681976977, 42.107929912436191 ], [ -72.02728667253686, 42.10502690463661 ], [ -72.017725690937482, 42.101705908178864 ], [ -72.002993718936082, 42.096588913682517 ], [ -72.000469726414906, 42.097253917738577 ], [ -71.998137729786905, 42.097866920253004 ], [ -71.996079712463342, 42.08727790013149 ], [ -71.993879714300618, 42.087519901725912 ], [ -71.994873709887955, 42.085359896966082 ], [ -71.993359711447027, 42.085688898406097 ], [ -71.992663707478073, 42.083144893806917 ], [ -71.996587703092018, 42.082122889637738 ], [ -71.995745695469793, 42.077449880860975 ], [ -71.992501698971623, 42.078186884229659 ], [ -71.992843688958104, 42.072561873045331 ], [ -71.99333167610979, 42.065378858677938 ], [ -71.991562664315794, 42.057823845253559 ], [ -71.98982166372403, 42.056706844440157 ], [ -71.98824566116528, 42.054510841467909 ], [ -71.989044643441119, 42.044584821782188 ], [ -71.994697615102325, 42.03102379007963 ], [ -71.993102686527862, 42.026915196910572 ], [ -72.010040279199984, 42.027019023828672 ], [ -72.010044995404797, 42.027019052738737 ], [ -72.034579347443909, 42.027169447038851 ], [ -72.063496457880277, 42.027346707423327 ], [ -72.099725636415357, 42.028801040097797 ], [ -72.07443548115684, 42.058459758931903 ] ] ] } },
{ "type": "Feature", "properties": { "STATEFP": "25", "COUNTYFP": "027", "COUSUBFP": "73895", "NAME": "Webster", "NAMELSAD": "Webster town", "GEOID": "2502773895" }, "geometry": { "type": "Polygon", "coordinates": [ [ [ -71.889073716605253, 42.03756390296919 ], [ -71.887509723494333, 42.041853908845788 ], [ -71.887310725362184, 42.043168910371783 ], [ -71.886332729761847, 42.045950914071234 ], [ -71.887426733159032, 42.049265916510414 ], [ -71.887173735362097, 42.05081191830341 ], [ -71.88372073800933, 42.050729921088738 ], [ -71.880473741930714, 42.051782924800349 ], [ -71.880736742499749, 42.052396925176758 ], [ -71.880387746709488, 42.05550692845312 ], [ -71.880248750156611, 42.05814793109991 ], [ -71.88232574935472, 42.058767930116801 ], [ -71.882132753405401, 42.061835933261769 ], [ -71.881771755015734, 42.062889934553098 ], [ -71.87911875975874, 42.065083938559177 ], [ -71.878840761138918, 42.066017939640709 ], [ -71.879083763678651, 42.068175941522505 ], [ -71.881509771720431, 42.075892947378811 ], [ -71.840595814743594, 42.089323980516824 ], [ -71.830064825064923, 42.092777987478101 ], [ -71.817205798194095, 42.057886979257226 ], [ -71.804567338978401, 42.023603699111312 ], [ -71.841647835665, 42.023932377536127 ], [ -71.845712964648925, 42.023968410512857 ], [ -71.860397496179758, 42.024098573041996 ], [ -71.865952226394626, 42.024147809741159 ], [ -71.877397353868133, 42.024249258481298 ], [ -71.882833794927294, 42.024297446688905 ], [ -71.8839484714279, 42.02430732709869 ], [ -71.885260704062802, 42.025276894233372 ], [ -71.887040706350831, 42.028291895432083 ], [ -71.887475711055245, 42.032224899013372 ], [ -71.889313713803318, 42.035569900667127 ], [ -71.889073716605253, 42.03756390296919 ] ] ] } },
{ "type": "Feature", "properties": { "STATEFP": "25", "COUNTYFP": "023", "COUSUBFP": "09000", "NAME": "Brockton", "NAMELSAD": "Brockton city", "GEOID": "2502309000" }, "geometry": { "type": "Polygon", "coordinates": [ [ [ -71.079343943396694, 42.095993313519543 ], [ -71.067006925800214, 42.100905269232442 ], [ -71.061256917217918, 42.103194248647874 ], [ -71.057766911911258, 42.104570236235858 ], [ -71.044305890613245, 42.109878188478 ], [ -71.041056885258641, 42.111169176931604 ], [ -71.034188873731324, 42.113872152686426 ], [ -71.025534858691358, 42.117293122133496 ], [ -71.021859852140921, 42.1187451091863 ], [ -71.016723842862618, 42.120753091217956 ], [ -71.002029815251134, 42.126506039922653 ], [ -71.001974815148046, 42.12652603973843 ], [ -71.001162821738532, 42.122908055791356 ], [ -70.99974183414416, 42.116565084276083 ], [ -70.998594846383511, 42.111636107669078 ], [ -70.979117874991459, 42.114077091436634 ], [ -70.978774876937166, 42.113397094693333 ], [ -70.980818877834949, 42.111182106002538 ], [ -70.980663881950264, 42.109255115403961 ], [ -70.978105889285445, 42.107761122210817 ], [ -70.977392894854503, 42.105564132863542 ], [ -70.977875895617814, 42.104768136862873 ], [ -70.9767259017339, 42.102659147021676 ], [ -70.976741905777786, 42.100603157132973 ], [ -70.975072917190303, 42.096229178406887 ], [ -70.975250927818621, 42.090694205687917 ], [ -70.975835929271128, 42.089478211736477 ], [ -70.975002933544161, 42.087995218955044 ], [ -70.975387933908479, 42.087496221448802 ], [ -70.976527932581888, 42.087239222818845 ], [ -70.976067944922349, 42.081371251647838 ], [ -70.975707954023235, 42.077052272883847 ], [ -70.975231966357441, 42.071178301791697 ], [ -70.980789962453272, 42.068858313195022 ], [ -70.982995963630941, 42.066595324239138 ], [ -70.989919967629106, 42.059487358590637 ], [ -70.987159997908364, 42.046568421553047 ], [ -70.989428995239237, 42.046290422629539 ], [ -70.996674986755906, 42.04540142602918 ], [ -71.01759399358555, 42.042832468110774 ], [ -71.022924996689298, 42.042178480412225 ], [ -71.025709974354143, 42.054789424286135 ], [ -71.044308986269641, 42.05281346549004 ], [ -71.069596001993247, 42.049704523731407 ], [ -71.071197993009818, 42.05645949343409 ], [ -71.074206976718585, 42.06911643660041 ], [ -71.076069966981649, 42.076954401354278 ], [ -71.07875895339275, 42.08827435037923 ], [ -71.080483944966502, 42.095539317620521 ], [ -71.079343943396694, 42.095993313519543 ] ] ] } },
{ "type": "Feature", "properties": { "STATEFP": "25", "COUNTYFP": "023", "COUSUBFP": "27795", "NAME": "Halifax", "NAMELSAD": "Halifax town", "GEOID": "2502327795" }, "geometry": { "type": "Polygon", "coordinates": [ [ [ -70.912227088566254, 41.978448646727792 ], [ -70.911481097103803, 41.980227648993043 ], [ -70.901400119162943, 41.982981652261003 ], [ -70.89977614501565, 41.988284660745755 ], [ -70.899186182466508, 41.99632167386725 ], [ -70.899188182693294, 41.996371673948019 ], [ -70.899572193996505, 42.002975663889224 ], [ -70.898769185464261, 42.008817633074123 ], [ -70.897745174348898, 42.016449592736741 ], [ -70.896944171004918, 42.019149578562143 ], [ -70.894518162420113, 42.026442540221417 ], [ -70.864435210668205, 42.020970577080277 ], [ -70.860165223271053, 42.016159604733666 ], [ -70.852844233131108, 42.015863608415991 ], [ -70.850809235858122, 42.015788609403003 ], [ -70.849223237988909, 42.015725610198736 ], [ -70.837572249170279, 42.018543597569391 ], [ -70.833464253167804, 42.019548592970352 ], [ -70.821369265231155, 42.022446579529195 ], [ -70.81497927173416, 42.023975572292585 ], [ -70.813403275008838, 42.023022578162454 ], [ -70.813734278824555, 42.019613597735017 ], [ -70.811856283733221, 42.017629609680668 ], [ -70.809390288108929, 42.016668615909524 ], [ -70.809677289410047, 42.015308623699532 ], [ -70.807252295490301, 42.012876638487178 ], [ -70.80686829878772, 42.010568651988571 ], [ -70.809598299908089, 42.006848672675623 ], [ -70.81869927861203, 41.996724697435383 ], [ -70.819974256012998, 41.993003684043572 ], [ -70.822886204879453, 41.984503654294748 ], [ -70.848740084896704, 41.966680604143853 ], [ -70.863067023860168, 41.95680258574324 ], [ -70.860883015951515, 41.95498857970609 ], [ -70.869128977497894, 41.94827756981563 ], [ -70.900598027561387, 41.962733619973761 ], [ -70.908534038248092, 41.966387629234241 ], [ -70.90728604404039, 41.967472630249929 ], [ -70.90727805623898, 41.97019963415952 ], [ -70.908870064796091, 41.972411637796441 ], [ -70.908625073135894, 41.974238640288412 ], [ -70.911727082671817, 41.977007644737959 ], [ -70.912227088566254, 41.978448646727792 ] ] ] } },
{ "type": "Feature", "properties": { "STATEFP": "25", "COUNTYFP": "023", "COUSUBFP": "30210", "NAME": "Hingham", "NAMELSAD": "Hingham town", "GEOID": "2502330210" }, "geometry": { "type": "Polygon", "coordinates": [ [ [ -70.932435706344251, 42.252643380154886 ], [ -70.919320730841605, 42.254702366882015 ], [ -70.917081733404117, 42.25559936437417 ], [ -70.91819171789362, 42.260099363687139 ], [ -70.917390708734601, 42.263898361396997 ], [ -70.90899072597351, 42.264398352735107 ], [ -70.908286635883186, 42.264714682500191 ], [ -70.90752073545201, 42.262305352178601 ], [ -70.906850899140565, 42.262327256060061 ], [ -70.903881743250295, 42.262424348493383 ], [ -70.899817756215086, 42.261149345046761 ], [ -70.895873760478167, 42.262656340383948 ], [ -70.893784766202899, 42.262315338469335 ], [ -70.89386076981981, 42.261084339169422 ], [ -70.895879769067193, 42.259845341788328 ], [ -70.896751774084734, 42.257556343777225 ], [ -70.898367771389672, 42.257231345510633 ], [ -70.897893776218467, 42.256000345649753 ], [ -70.892857795745527, 42.253411342102439 ], [ -70.891116067166166, 42.250803341795503 ], [ -70.890024814219345, 42.249169345644567 ], [ -70.887217924596115, 42.247403274132793 ], [ -70.88426983332937, 42.245548359811806 ], [ -70.883995531656524, 42.245669092254559 ], [ -70.883580145621195, 42.245851922239154 ], [ -70.880922876414431, 42.247021505330949 ], [ -70.877753844043696, 42.248416338266608 ], [ -70.875529824690886, 42.256862323498616 ], [ -70.878760810592865, 42.258962325421663 ], [ -70.882801772473229, 42.268109324266888 ], [ -70.887334910996117, 42.273086700980478 ], [ -70.883814750125254, 42.274483321767356 ], [ -70.881168755162903, 42.274682318860556 ], [ -70.876623767885434, 42.273752314605517 ], [ -70.873280782512964, 42.271456312477511 ], [ -70.867217810360643, 42.266987308998637 ], [ -70.867158817544237, 42.264844310298599 ], [ -70.868075821468622, 42.263029312368609 ], [ -70.867886827785398, 42.261235313311779 ], [ -70.866364836426442, 42.259653312811167 ], [ -70.863436846145987, 42.258721310535158 ], [ -70.857297862180303, 42.258098304940255 ], [ -70.851531872060733, 42.259045298631754 ], [ -70.850200876171883, 42.258726297552883 ], [ -70.848356881699999, 42.258336296027245 ], [ -70.84462788292096, 42.260425290826852 ], [ -70.844753884882934, 42.259778291431331 ], [ -70.845698888659371, 42.258071293621164 ], [ -70.847290898742912, 42.254100298074569 ], [ -70.848937901685431, 42.252139301068539 ], [ -70.848227909857201, 42.250245301768075 ], [ -70.849277912003188, 42.247330317825281 ], [ -70.841241934529521, 42.244545326048723 ], [ -70.841152936380439, 42.243345332714426 ], [ -70.844664929757798, 42.24227034191447 ], [ -70.853380913462971, 42.239606364555407 ], [ -70.840800978578926, 42.213117502401509 ], [ -70.827016024671281, 42.200785562346141 ], [ -70.838865007700079, 42.194805604128518 ], [ -70.852165986043687, 42.190461636970078 ], [ -70.861437972834366, 42.186352665470523 ], [ -70.870248960565007, 42.182470692062275 ], [ -70.887603939649793, 42.173334751413684 ], [ -70.890291936830621, 42.171735761445987 ], [ -70.893516933504927, 42.169813773442499 ], [ -70.912889907948141, 42.162255823218125 ], [ -70.913749906844942, 42.161919825394975 ], [ -70.924877892791102, 42.157579853251306 ], [ -70.923324877761644, 42.167935798744793 ], [ -70.921367859038682, 42.180979729851849 ], [ -70.921168857156999, 42.182300722859601 ], [ -70.919458840997819, 42.193702662398209 ], [ -70.91868583374756, 42.198858634991034 ], [ -70.916997818040002, 42.210117574998598 ], [ -70.916264811291313, 42.214995548943982 ], [ -70.914745797390751, 42.225114494778467 ], [ -70.916334792819939, 42.225717492910277 ], [ -70.92049078340672, 42.225799495859917 ], [ -70.922090780703869, 42.225299499761135 ], [ -70.923490776538856, 42.225899497779373 ], [ -70.923751772202735, 42.22805448680208 ], [ -70.922390773092289, 42.229299479206354 ], [ -70.925790752320111, 42.236799443168955 ], [ -70.929591733219567, 42.242699416020777 ], [ -70.931290726460276, 42.244298409311504 ], [ -70.931110723160245, 42.246392398355177 ], [ -70.931019722221848, 42.247040394931297 ], [ -70.931191719053999, 42.248599387055563 ], [ -70.933491711186633, 42.249999381999871 ], [ -70.932435706344251, 42.252643380154886 ] ] ] } },
{ "type": "Feature", "properties": { "STATEFP": "25", "COUNTYFP": "021", "COUSUBFP": "55745", "NAME": "Quincy", "NAMELSAD": "Quincy city", "GEOID": "2502155745" }, "geometry": { "type": "Polygon", "coordinates": [ [ [ -71.093189810475778, 42.213935756138206 ], [ -71.080163778724952, 42.218858712612899 ], [ -71.073388761679723, 42.221464689819435 ], [ -71.053246708580446, 42.229527620796162 ], [ -71.061090705275376, 42.242383569621076 ], [ -71.051271675063802, 42.247779529128515 ], [ -71.038855633140969, 42.254608500202416 ], [ -71.034969619572067, 42.256756494526741 ], [ -71.032078609492501, 42.258348490318873 ], [ -71.031388606011262, 42.259211489296348 ], [ -71.03187260634769, 42.25955148997366 ], [ -71.033119607218708, 42.260425491716795 ], [ -71.034279608026495, 42.261239493335687 ], [ -71.036983609907125, 42.26313749709967 ], [ -71.040249612182009, 42.265427501628039 ], [ -71.041459612982777, 42.266294503299697 ], [ -71.041672613169681, 42.266426503594808 ], [ -71.041730612603075, 42.266739503659899 ], [ -71.041635608711161, 42.268389503434406 ], [ -71.042270600059851, 42.272914504081612 ], [ -71.042782591883409, 42.277101504567533 ], [ -71.041594586982441, 42.278097502843309 ], [ -71.040494576031648, 42.281897501095756 ], [ -71.039293569085942, 42.283798499316958 ], [ -71.039080568233317, 42.28396549901089 ], [ -71.038127687307195, 42.284714545158721 ], [ -71.037264563740138, 42.284143496466491 ], [ -71.037113940289672, 42.284216337943555 ], [ -71.032812548901902, 42.286296490158065 ], [ -71.032108542262719, 42.288564489081132 ], [ -71.033373541838913, 42.290035490774947 ], [ -71.039050532129622, 42.300137498135399 ], [ -71.036797524259072, 42.301391494976777 ], [ -71.030394511827708, 42.30049548621966 ], [ -71.025837503336163, 42.299697479983465 ], [ -71.023297501507813, 42.297947476543492 ], [ -71.02336750939817, 42.294473476747093 ], [ -71.021523505526332, 42.29434547420157 ], [ -71.020328609177312, 42.295368655774794 ], [ -71.01963856942838, 42.295959532095068 ], [ -71.014941931397303, 42.299981231169134 ], [ -71.014654661737993, 42.300227218218545 ], [ -71.014503079512593, 42.300357017044071 ], [ -71.014251475282123, 42.30057246403036 ], [ -71.013903468145145, 42.303428463499671 ], [ -71.010807458766422, 42.304509459240911 ], [ -71.01067479452999, 42.304333999789449 ], [ -71.009102459939996, 42.302254456933589 ], [ -71.001309439715598, 42.303454446238469 ], [ -70.994908442123105, 42.305384438316175 ], [ -70.99047044446506, 42.308022432854898 ], [ -70.987428454677058, 42.306079429272202 ], [ -70.990246453972503, 42.304072432766567 ], [ -71.005206454843716, 42.300598451599136 ], [ -71.006110464603964, 42.297124452869539 ], [ -71.004616467114261, 42.29448045082556 ], [ -71.011204513198052, 42.291010697567842 ], [ -71.012769495043443, 42.29018646216862 ], [ -71.020210511136455, 42.290494472488987 ], [ -71.022310521006233, 42.288187475471005 ], [ -71.020915940502903, 42.286300766519247 ], [ -71.020145770613027, 42.285258814171655 ], [ -71.01725346768373, 42.281345856941655 ], [ -71.01613852566382, 42.279837467065462 ], [ -71.013152143267433, 42.278590859239721 ], [ -71.008794539320391, 42.276771861365113 ], [ -70.998341509340634, 42.272408442709185 ], [ -70.996002526953546, 42.26683644036914 ], [ -70.995797639765229, 42.266788867381443 ], [ -70.986674698963554, 42.264670601508044 ], [ -70.98527855642277, 42.264346429612957 ], [ -70.980714564267004, 42.265317424925549 ], [ -70.973357586201558, 42.263008417773634 ], [ -70.97047969195367, 42.265034015651437 ], [ -70.96849919776011, 42.266427980921314 ], [ -70.968009439525389, 42.266772695868951 ], [ -70.964885590202485, 42.26897140829238 ], [ -70.958812800872707, 42.270248189282583 ], [ -70.957240676911795, 42.270578722383505 ], [ -70.956219604466654, 42.270793398989326 ], [ -70.954105598695691, 42.274792395917615 ], [ -70.95572458330173, 42.279418396650861 ], [ -70.954894582340614, 42.280465395529284 ], [ -70.953186587509094, 42.279853393813937 ], [ -70.949284610561477, 42.274204390962637 ], [ -70.950111422796994, 42.269303910641902 ], [ -70.950449626160704, 42.267299393825887 ], [ -70.952173630808645, 42.264061396326937 ], [ -70.951185640320617, 42.261265395985028 ], [ -70.951803640778536, 42.260557396761563 ], [ -70.954091959158418, 42.261174744082069 ], [ -70.959361618537045, 42.262596403843041 ], [ -70.962111617081419, 42.260736406927194 ], [ -70.96380361280336, 42.260921408570603 ], [ -70.964242096274475, 42.260589175466833 ], [ -70.965429612222067, 42.259689410385583 ], [ -70.965811616165482, 42.257764411076359 ], [ -70.960204634005251, 42.255770405983135 ], [ -70.958390635823392, 42.256686404047869 ], [ -70.957270642743808, 42.254987403307382 ], [ -70.960186643947722, 42.251876406706465 ], [ -70.962212481657247, 42.24865574009867 ], [ -70.962402646687821, 42.248353417359652 ], [ -70.962271585826358, 42.247428355805368 ], [ -70.962131013572034, 42.246436160382771 ], [ -70.965410642686408, 42.24679042793489 ], [ -70.967124643609949, 42.244255442105995 ], [ -70.968591647708436, 42.240399462561484 ], [ -70.967991653745969, 42.237998473942227 ], [ -70.972758644521875, 42.237145482331734 ], [ -70.977500631269905, 42.238370480448701 ], [ -70.979909630068107, 42.236209493153837 ], [ -70.981151628174658, 42.23574149652103 ], [ -70.996191599191491, 42.233203521747313 ], [ -71.002103597029688, 42.232218532794384 ], [ -71.005482606904948, 42.230847544328135 ], [ -71.00685361090909, 42.230280549062897 ], [ -71.007212611954259, 42.230132550300794 ], [ -71.008337615223638, 42.229668554181906 ], [ -71.010790622297677, 42.228667562597657 ], [ -71.01823163815844, 42.22840757478432 ], [ -71.020195642341449, 42.228337578008386 ], [ -71.033000669547661, 42.227883599026221 ], [ -71.034168674114923, 42.226660606663962 ], [ -71.04493871498849, 42.215383677268299 ], [ -71.044925721769005, 42.211309697028469 ], [ -71.044883729752883, 42.206483720396029 ], [ -71.044942729860963, 42.206484720479601 ], [ -71.048025735907899, 42.206294726023465 ], [ -71.049490738021476, 42.206668726401446 ], [ -71.053056746219895, 42.205691736499013 ], [ -71.060388758854799, 42.206313744462918 ], [ -71.065118768931626, 42.205447755780696 ], [ -71.069410778151905, 42.204563766539728 ], [ -71.073886786933727, 42.204182775123897 ], [ -71.080463798025391, 42.204929781339303 ], [ -71.082419802058638, 42.204610785839485 ], [ -71.082727803050702, 42.204289787876405 ], [ -71.093189810475778, 42.213935756138206 ] ] ] } },
{ "type": "Feature", "properties": { "STATEFP": "25", "COUNTYFP": "025", "COUSUBFP": "13205", "NAME": "Chelsea", "NAMELSAD": "Chelsea city", "GEOID": "2502513205" }, "geometry": { "type": "Polygon", "coordinates": [ [ [ -71.050695353516161, 42.391995507999553 ], [ -71.050002348675264, 42.393470507033399 ], [ -71.053297350014105, 42.396177510967398 ], [ -71.051945343773951, 42.397618509181093 ], [ -71.048145337465257, 42.396633504507925 ], [ -71.046161329901068, 42.398034501947407 ], [ -71.046148329851917, 42.398043501930665 ], [ -71.040887309820477, 42.401748495177117 ], [ -71.040568308587439, 42.401981494768812 ], [ -71.039487302505307, 42.403625493342155 ], [ -71.039075300164157, 42.404262492799113 ], [ -71.037743292605583, 42.406317491048391 ], [ -71.037097288939322, 42.407314490201912 ], [ -71.03562928047414, 42.409640488281809 ], [ -71.034910276115099, 42.410875487340256 ], [ -71.033442267255055, 42.413379485425907 ], [ -71.033181264831725, 42.414205485069886 ], [ -71.03135526452229, 42.412511482904314 ], [ -71.029013264169208, 42.41031848011562 ], [ -71.026888267808658, 42.40654947763673 ], [ -71.026468267817634, 42.406123477133136 ], [ -71.023928263834492, 42.405360474020256 ], [ -71.021634259074617, 42.40519347118957 ], [ -71.02082826101261, 42.403512470239356 ], [ -71.018126255267987, 42.403377466896224 ], [ -71.017826255698196, 42.402882466536283 ], [ -71.013007244958771, 42.402863460564397 ], [ -71.010892242604172, 42.40179445795858 ], [ -71.010861242770559, 42.401688457921637 ], [ -71.009396240617775, 42.401182456110028 ], [ -71.009377241315747, 42.400849456090555 ], [ -71.009629243398436, 42.400166456412222 ], [ -71.012434254261549, 42.39810445993237 ], [ -71.013395257984911, 42.397397461141907 ], [ -71.016094267365077, 42.395896464538218 ], [ -71.01779428274034, 42.390696466782856 ], [ -71.020512295627398, 42.387640470277745 ], [ -71.022672303527784, 42.386264473039297 ], [ -71.027712319768767, 42.384040479477299 ], [ -71.03199532812549, 42.38459648486829 ], [ -71.038357338072601, 42.386528492808495 ], [ -71.039262339426728, 42.38683049393395 ], [ -71.043264355605629, 42.383593499163311 ], [ -71.044298358780352, 42.383208500493588 ], [ -71.04728436084379, 42.385283504142187 ], [ -71.048186361967979, 42.385685505255424 ], [ -71.055295374744489, 42.387096514124039 ], [ -71.050695353516161, 42.391995507999553 ] ] ] } },
{ "type": "Feature", "properties": { "STATEFP": "25", "COUNTYFP": "021", "COUSUBFP": "44105", "NAME": "Needham", "NAMELSAD": "Needham town", "GEOID": "2502144105" }, "geometry": { "type": "Polygon", "coordinates": [ [ [ -71.299758017388243, 42.269327834128006 ], [ -71.299746016721073, 42.269612833979892 ], [ -71.295654014801983, 42.272483829673327 ], [ -71.294844014430126, 42.273051828829921 ], [ -71.279686007989895, 42.283649813604086 ], [ -71.271912004995997, 42.28909280619164 ], [ -71.269409004098875, 42.290836803866092 ], [ -71.266270002985792, 42.293032800985792 ], [ -71.259200000618179, 42.297975794661362 ], [ -71.255410999409023, 42.300631791361717 ], [ -71.245653981153652, 42.307444779830483 ], [ -71.233006932748438, 42.31626575985068 ], [ -71.229733924884798, 42.316485755353504 ], [ -71.229404924205269, 42.316458754916425 ], [ -71.227543922407392, 42.315399752715855 ], [ -71.226286922474245, 42.314116751396128 ], [ -71.227068928115358, 42.312397752972124 ], [ -71.226311931183233, 42.310283752575067 ], [ -71.226688936623844, 42.308249753697005 ], [ -71.22411093296229, 42.30729975046107 ], [ -71.220508926864952, 42.306406745802548 ], [ -71.218190920766403, 42.30679574252261 ], [ -71.213275911128633, 42.306160735986808 ], [ -71.211289913544704, 42.303105734124024 ], [ -71.211253915357887, 42.302265734308911 ], [ -71.211565921779822, 42.299729735445226 ], [ -71.207881919279373, 42.297156731084037 ], [ -71.206350922343844, 42.294266729760182 ], [ -71.205240930433902, 42.289567729498458 ], [ -71.202975927566683, 42.288573726618957 ], [ -71.201590924310395, 42.288632724677832 ], [ -71.196732919111085, 42.28607771858816 ], [ -71.195793916727339, 42.286195717249164 ], [ -71.195268911558387, 42.287964716061708 ], [ -71.193220906829353, 42.288013713200442 ], [ -71.190886906499671, 42.285822710506075 ], [ -71.191247913689253, 42.282991711723923 ], [ -71.190753915168983, 42.281839711323592 ], [ -71.188212912592675, 42.280437708116828 ], [ -71.196694956994378, 42.269223722911107 ], [ -71.197043958275842, 42.26900472346216 ], [ -71.200056968141965, 42.267645728087523 ], [ -71.203280976322219, 42.267246732765628 ], [ -71.208394986525803, 42.267843739854818 ], [ -71.211174994035233, 42.267297743947822 ], [ -71.218107006629026, 42.268654753388653 ], [ -71.21812600881978, 42.267702753689662 ], [ -71.219576020849161, 42.26382275686997 ], [ -71.223759032381622, 42.262899763094431 ], [ -71.225657033886122, 42.26413276543007 ], [ -71.229174041796853, 42.264147770428316 ], [ -71.231718058559352, 42.259269775539011 ], [ -71.232286061751154, 42.258424776609701 ], [ -71.236485068077442, 42.259824782177205 ], [ -71.240556078661356, 42.259211788185823 ], [ -71.24521108908975, 42.259251794824635 ], [ -71.247093096084626, 42.258038797909464 ], [ -71.248845105576407, 42.255591801219474 ], [ -71.256595102225091, 42.254838808173751 ], [ -71.262237089455226, 42.257546811493476 ], [ -71.263106084857725, 42.259106811570931 ], [ -71.265455080212959, 42.259926813025999 ], [ -71.264849091455233, 42.255348814300497 ], [ -71.265307091787363, 42.254972814792907 ], [ -71.26757908808824, 42.255430816354455 ], [ -71.270732079300188, 42.257640817886305 ], [ -71.271439075265803, 42.259024817869445 ], [ -71.27056407184557, 42.260945816450764 ], [ -71.27214706739845, 42.262058817185469 ], [ -71.277661064831506, 42.260366821987773 ], [ -71.279529063252227, 42.260101823497351 ], [ -71.283958052133286, 42.262615825710341 ], [ -71.284824046069829, 42.264757825405894 ], [ -71.286510041008853, 42.266054826063367 ], [ -71.287519041745526, 42.265232827169683 ], [ -71.289857037224706, 42.265967828545378 ], [ -71.291941031625228, 42.267281829456365 ], [ -71.293676031501747, 42.266460831101334 ], [ -71.294864033726157, 42.264929832691962 ], [ -71.295284029045305, 42.266686832165163 ], [ -71.296444026883719, 42.267012832853133 ], [ -71.300981021552374, 42.266975836167944 ], [ -71.299758017388243, 42.269327834128006 ] ] ] } },
{ "type": "Feature", "properties": { "STATEFP": "25", "COUNTYFP": "003", "COUSUBFP": "24120", "NAME": "Florida", "NAMELSAD": "Florida town", "GEOID": "2500324120" }, "geometry": { "type": "Polygon", "coordinates": [ [ [ -73.063280796121745, 42.654702721081534 ], [ -73.061825814633934, 42.675263717100314 ], [ -73.059472843825176, 42.708394710560505 ], [ -73.048442763271325, 42.741639904865906 ], [ -73.042195080456509, 42.741515830226803 ], [ -73.023014895384478, 42.741134925088339 ], [ -73.023708875618084, 42.702689709889576 ], [ -72.99787790341064, 42.701263709357534 ], [ -72.949639006005214, 42.705110715268226 ], [ -72.948703006951362, 42.70363471566349 ], [ -72.950229002103683, 42.701164715893121 ], [ -72.951690998634277, 42.70050971581248 ], [ -72.953879992543335, 42.698157715951034 ], [ -72.951735995281311, 42.695652716690063 ], [ -72.951646994321052, 42.693950717010921 ], [ -72.952948989886167, 42.691293717335384 ], [ -72.954352986354294, 42.690275717353586 ], [ -72.957386980082688, 42.690112717019687 ], [ -72.959334975742493, 42.689517716900902 ], [ -72.961374970780668, 42.688224716911826 ], [ -72.963801965407555, 42.687491716774026 ], [ -72.971583950607723, 42.689054715539569 ], [ -72.973519946536186, 42.688807715363282 ], [ -72.977494936811567, 42.685912715532673 ], [ -72.976986936031992, 42.682792716276452 ], [ -72.975609937410752, 42.680423716942578 ], [ -72.975825936396063, 42.679421717138361 ], [ -72.977256933331148, 42.679050717071298 ], [ -72.983883920322612, 42.679384716309038 ], [ -72.988896909950768, 42.678662715959753 ], [ -72.989771907974287, 42.678218715975916 ], [ -72.988532908890889, 42.675331716787362 ], [ -72.989250906885616, 42.674232716979006 ], [ -72.994664896249105, 42.674321716436346 ], [ -72.995538893929975, 42.673155716641034 ], [ -72.993267897308513, 42.671045717371328 ], [ -72.988583904530444, 42.667375718670286 ], [ -72.985528909694906, 42.665937719267284 ], [ -72.982405915349958, 42.665200719696792 ], [ -72.980037919323763, 42.664107720137757 ], [ -72.976554924398755, 42.661231721050264 ], [ -72.975208926751478, 42.660823721242053 ], [ -72.972844932425247, 42.662721721016304 ], [ -72.968762941234004, 42.664246721021861 ], [ -72.963947950586572, 42.664293721403318 ], [ -72.96209395590418, 42.66702272101498 ], [ -72.960442959350488, 42.667386721084902 ], [ -72.957431964945613, 42.666971721422605 ], [ -72.954720969332158, 42.665623721905085 ], [ -72.954357967944532, 42.662460722523235 ], [ -72.95553296364848, 42.659373723010255 ], [ -72.955572960377964, 42.654512723919744 ], [ -72.954274960991626, 42.651712724526256 ], [ -72.952912963020466, 42.65089472476145 ], [ -72.951095960024617, 42.641355726598867 ], [ -72.951038959894348, 42.641005726664844 ], [ -72.954220954307502, 42.641461726432958 ], [ -72.960123943273373, 42.641305726186154 ], [ -72.962593938894585, 42.6416147260095 ], [ -72.964708933384927, 42.639062726423766 ], [ -72.967032927975595, 42.637232726698024 ], [ -72.966312927832831, 42.634859727210966 ], [ -72.966720926224696, 42.633459727482084 ], [ -72.968424922671673, 42.632726727574301 ], [ -72.969539920565921, 42.632600727562874 ], [ -72.971078918662897, 42.634096727195455 ], [ -72.973746914188055, 42.634765726955862 ], [ -72.974402911706278, 42.632582727403168 ], [ -72.98062390297352, 42.637163726161795 ], [ -72.982041900861176, 42.638042725904434 ], [ -72.984633896401689, 42.638604725666013 ], [ -72.98601589291701, 42.636880726009501 ], [ -72.987356890310437, 42.636611726019105 ], [ -72.986379891050973, 42.634676726510619 ], [ -72.988834886597516, 42.634737726405874 ], [ -72.990839882563279, 42.634035726500962 ], [ -72.995756873257605, 42.633382726486929 ], [ -72.997183870759073, 42.633585726386457 ], [ -72.998812868466274, 42.634946725985365 ], [ -73.001175865044047, 42.635652725742624 ], [ -73.000091867338881, 42.637312725337907 ], [ -73.001054866563308, 42.638368725056331 ], [ -73.003596863201494, 42.638489724991715 ], [ -73.006125860891586, 42.640575724439778 ], [ -73.008746857686674, 42.641124724275215 ], [ -73.009542857966025, 42.643595723661186 ], [ -73.00872685941232, 42.644281723499333 ], [ -73.009984858539923, 42.64572072313775 ], [ -73.011646856328255, 42.6456557231432 ], [ -73.011576857285064, 42.647220722763315 ], [ -73.063641791642183, 42.649797722022534 ], [ -73.063280796121745, 42.654702721081534 ] ] ] } },
{ "type": "Feature", "properties": { "STATEFP": "25", "COUNTYFP": "009", "COUSUBFP": "27900", "NAME": "Hamilton", "NAMELSAD": "Hamilton town", "GEOID": "2500927900" }, "geometry": { "type": "Polygon", "coordinates": [ [ [ -70.91963931748117, 42.625886279888839 ], [ -70.91880931842114, 42.625750278181712 ], [ -70.916003308361113, 42.627640272543474 ], [ -70.916076303635677, 42.628476272740578 ], [ -70.91376430549586, 42.628231267995929 ], [ -70.91138629638111, 42.629935263232902 ], [ -70.908908298600593, 42.629632258146685 ], [ -70.907313293038769, 42.630676254950416 ], [ -70.906163294002795, 42.630547252591036 ], [ -70.904048283275898, 42.632524248395796 ], [ -70.907001270537378, 42.63467525456543 ], [ -70.907156266872292, 42.635319254922564 ], [ -70.904646251316535, 42.638164249983326 ], [ -70.902104249821221, 42.638518244822791 ], [ -70.895974246206464, 42.639372232383266 ], [ -70.896289221548983, 42.643723233332253 ], [ -70.897932215806676, 42.644683236743376 ], [ -70.900241199229285, 42.647539241635812 ], [ -70.898310196453139, 42.648095237748528 ], [ -70.901771169006807, 42.652839245100324 ], [ -70.905022172680148, 42.65208225164902 ], [ -70.905621135194266, 42.658704253289926 ], [ -70.903619131013187, 42.659508249287732 ], [ -70.900979126772839, 42.660342243998244 ], [ -70.898265132204585, 42.659466238443692 ], [ -70.893988131377839, 42.659747229803472 ], [ -70.889170138313588, 42.658673219967497 ], [ -70.886581135957314, 42.659171214762061 ], [ -70.885322141307157, 42.658266212141896 ], [ -70.886160149242642, 42.656838213728896 ], [ -70.883241159853881, 42.655058207671694 ], [ -70.879340166370042, 42.654034199676857 ], [ -70.876654158962452, 42.655427194344902 ], [ -70.877160153409406, 42.656390195451323 ], [ -70.875051148141353, 42.65738619126104 ], [ -70.872356149376088, 42.657254185788673 ], [ -70.870045138443601, 42.659253181282317 ], [ -70.867904148560157, 42.657539176792739 ], [ -70.861995144786121, 42.658390164899757 ], [ -70.859773150308428, 42.657489160312899 ], [ -70.863280213721566, 42.646221166371348 ], [ -70.85762624059376, 42.641687154432709 ], [ -70.857003238228813, 42.642124153206154 ], [ -70.856249235342489, 42.642657151722595 ], [ -70.849997228586346, 42.644056139134186 ], [ -70.846744218829059, 42.645878132702997 ], [ -70.846573214153992, 42.646704132441336 ], [ -70.83727920876369, 42.647958113680055 ], [ -70.836829204447454, 42.648729112850873 ], [ -70.832879205436882, 42.648686104818815 ], [ -70.831650209142097, 42.64807810225161 ], [ -70.830946220543282, 42.646106100593933 ], [ -70.831481232879696, 42.64392910143264 ], [ -70.830958243191603, 42.642142100162687 ], [ -70.832929247863618, 42.641257104076431 ], [ -70.832508254189747, 42.64016410309425 ], [ -70.834051253538405, 42.640225106245801 ], [ -70.832799263358055, 42.638549103503699 ], [ -70.82409129017681, 42.634162085222286 ], [ -70.823936266455945, 42.63831408540284 ], [ -70.821882254341745, 42.640502081479184 ], [ -70.821846243864968, 42.642334081627759 ], [ -70.816928250748205, 42.641299071483182 ], [ -70.813075255896138, 42.640532063536156 ], [ -70.812378284117102, 42.635632061490682 ], [ -70.811850343354294, 42.625316059093137 ], [ -70.818628344425562, 42.624880072921506 ], [ -70.818586362378682, 42.621746072448857 ], [ -70.816111379793512, 42.618798067005137 ], [ -70.80945544690222, 42.607346051859523 ], [ -70.800888479482936, 42.602011033486278 ], [ -70.800830517820728, 42.595337032462666 ], [ -70.814542525569934, 42.593414060583484 ], [ -70.837590484383085, 42.599660108978277 ], [ -70.874657418768095, 42.609695186397843 ], [ -70.880327408112692, 42.611350198205578 ], [ -70.884204400772617, 42.612493206272944 ], [ -70.887919393759745, 42.613586213997408 ], [ -70.918924335201666, 42.622766278252698 ], [ -70.917903329391947, 42.623836276219535 ], [ -70.919913321860662, 42.625098280407002 ], [ -70.91963931748117, 42.625886279888839 ] ] ] } },
{ "type": "Feature", "properties": { "STATEFP": "25", "COUNTYFP": "009", "COUSUBFP": "37560", "NAME": "Lynnfield", "NAMELSAD": "Lynnfield town", "GEOID": "2500937560" }, "geometry": { "type": "Polygon", "coordinates": [ [ [ -71.070977882495683, 42.555888540939499 ], [ -71.064936835070014, 42.562115534523883 ], [ -71.057039753068182, 42.57401852658684 ], [ -71.053005746661071, 42.572993520536073 ], [ -71.052771754239501, 42.571371519819721 ], [ -71.051872747886193, 42.572114518706961 ], [ -71.049752747052139, 42.571090515445505 ], [ -71.044680722991629, 42.57294850857636 ], [ -71.044280717053084, 42.57387650818486 ], [ -71.041531711146121, 42.573489504156363 ], [ -71.040097716906232, 42.571588501755876 ], [ -71.037662712164433, 42.571163498204427 ], [ -71.036664706778993, 42.57164849685892 ], [ -71.035459710617857, 42.57025849491724 ], [ -71.034846733837583, 42.565499493307662 ], [ -71.031901793286565, 42.552656487357154 ], [ -71.031557800031024, 42.551202486690492 ], [ -71.019694836854597, 42.538455469693929 ], [ -71.016989845651423, 42.535544466006243 ], [ -71.005287885098497, 42.522991450860339 ], [ -70.999376892498432, 42.51938444312357 ], [ -70.996527902997229, 42.517654437079173 ], [ -70.987144937959016, 42.51189941712444 ], [ -70.986910938734667, 42.511773416626028 ], [ -70.989339938455075, 42.511685421787796 ], [ -70.992741934529334, 42.512197429020894 ], [ -70.988640950638313, 42.509536420285556 ], [ -70.99530797055786, 42.505571434452598 ], [ -70.996885962044672, 42.507011437816075 ], [ -71.001735964644766, 42.507077446427928 ], [ -71.0116230168436, 42.501647457444001 ], [ -71.014670021239738, 42.50209346088095 ], [ -71.035839052451777, 42.505191485092546 ], [ -71.034900042107594, 42.506757484270445 ], [ -71.036946027630137, 42.510420487206709 ], [ -71.036633019871317, 42.511765487063414 ], [ -71.036556016192876, 42.512434487082537 ], [ -71.039483012086009, 42.5145354908652 ], [ -71.038302000307709, 42.5162614897705 ], [ -71.040107999513054, 42.517236492081501 ], [ -71.040988988056753, 42.519846493603353 ], [ -71.040912978160435, 42.521717493852421 ], [ -71.038598960885182, 42.523959491442575 ], [ -71.0409829547404, 42.526261494764633 ], [ -71.057513005870106, 42.524172514526697 ], [ -71.058380010763287, 42.523620515439958 ], [ -71.060673008284212, 42.525226518661526 ], [ -71.061963016084576, 42.524298519983937 ], [ -71.065855022944888, 42.524827524883527 ], [ -71.066354024253272, 42.524809525487733 ], [ -71.067267025625839, 42.524982526654561 ], [ -71.075150015314705, 42.531034538310116 ], [ -71.070977882495683, 42.555888540939499 ] ] ] } },
{ "type": "Feature", "properties": { "STATEFP": "25", "COUNTYFP": "009", "COUSUBFP": "40430", "NAME": "Merrimac", "NAMELSAD": "Merrimac town", "GEOID": "2500940430" }, "geometry": { "type": "Polygon", "coordinates": [ [ [ -71.053563968628097, 42.833152777555512 ], [ -71.047499659685627, 42.844088317506056 ], [ -71.044399641877206, 42.848788306230752 ], [ -71.034843225114869, 42.856245159658997 ], [ -71.031199585068592, 42.859088286182832 ], [ -71.004637246102803, 42.863152621280754 ], [ -70.986486502628551, 42.849826301026333 ], [ -70.979791508429372, 42.844861302112648 ], [ -70.976693515748664, 42.838373306680026 ], [ -70.974760520325461, 42.834324309260737 ], [ -70.969178533732304, 42.82249531567718 ], [ -70.972421531934359, 42.823942317503757 ], [ -70.978718530841164, 42.824588323005955 ], [ -70.986110531340771, 42.823729331213059 ], [ -70.990535532653226, 42.822289337340244 ], [ -70.995058532847466, 42.821859342439339 ], [ -70.998227534214223, 42.820432347535991 ], [ -71.000739539175441, 42.818189352842111 ], [ -71.00134554398754, 42.815786356533991 ], [ -71.000958545934765, 42.812778360403783 ], [ -70.999712544774596, 42.810690362180104 ], [ -70.999609544941094, 42.810544362257076 ], [ -71.020014606155101, 42.819026363131158 ], [ -71.02331461583934, 42.820408362462508 ], [ -71.053589118994395, 42.833107424860231 ], [ -71.053563968628097, 42.833152777555512 ] ] ] } },
{ "type": "Feature", "properties": { "STATEFP": "25", "COUNTYFP": "009", "COUSUBFP": "46365", "NAME": "North Andover", "NAMELSAD": "North Andover town", "GEOID": "2500946365" }, "geometry": { "type": "Polygon", "coordinates": [ [ [ -71.144866472667431, 42.698989733528144 ], [ -71.142777464617367, 42.698922729317005 ], [ -71.139964434176292, 42.703379726477017 ], [ -71.137115418327582, 42.704386721349891 ], [ -71.137284409242866, 42.706639723065862 ], [ -71.136291402718754, 42.707213721398261 ], [ -71.135055390919035, 42.708769719820623 ], [ -71.133617373414637, 42.711434718471203 ], [ -71.133497363686573, 42.713548719479384 ], [ -71.134965349380451, 42.718221725306876 ], [ -71.134197331861344, 42.721504725666776 ], [ -71.131716312706772, 42.723501721636723 ], [ -71.126384266659343, 42.728827713407441 ], [ -71.125342255273551, 42.730392712061764 ], [ -71.124460245896785, 42.731653710876166 ], [ -71.118605198462504, 42.736622700961803 ], [ -71.11644717799409, 42.739085697569259 ], [ -71.115578165078304, 42.74110369671692 ], [ -71.112282163245922, 42.738348688147951 ], [ -71.108631161479295, 42.735280678742413 ], [ -71.09646216153061, 42.724096647701401 ], [ -71.095022145310153, 42.7262516455773 ], [ -71.093667137259715, 42.726741642913183 ], [ -71.091752140861729, 42.72426963784752 ], [ -71.095309166276678, 42.722056644407779 ], [ -71.091749169990607, 42.718121635334178 ], [ -71.09059316243949, 42.718698633161395 ], [ -71.075133167440015, 42.704497596214445 ], [ -71.064490173174391, 42.694716571912181 ], [ -71.046768186800193, 42.678435533500085 ], [ -71.040518192861285, 42.672687520563962 ], [ -71.037574208080102, 42.667654514192819 ], [ -71.022309290799114, 42.641635483277312 ], [ -71.043344411153313, 42.632520518134967 ], [ -71.054557473968345, 42.627651536017481 ], [ -71.055648501776261, 42.622880536668667 ], [ -71.058765581585732, 42.609076538228955 ], [ -71.0761666612309, 42.60413556432654 ], [ -71.093255607031281, 42.626983600693407 ], [ -71.118755539307315, 42.661022661384195 ], [ -71.126834521035832, 42.671814682226241 ], [ -71.127503519679223, 42.672688683975714 ], [ -71.128826516883294, 42.674449687469412 ], [ -71.134451527954724, 42.676777699471792 ], [ -71.134537528128391, 42.676812699655848 ], [ -71.133675513013856, 42.679524699631912 ], [ -71.133644512463107, 42.679623699631541 ], [ -71.135084512597189, 42.680855703120798 ], [ -71.139218513230148, 42.684375713215061 ], [ -71.137876505762307, 42.684903710947815 ], [ -71.139475509319752, 42.685511714415426 ], [ -71.137678498351988, 42.686437711503757 ], [ -71.139808503389219, 42.687185716100146 ], [ -71.137318484362382, 42.689342712578394 ], [ -71.137934474299144, 42.692222715546791 ], [ -71.140803478204134, 42.693935722257613 ], [ -71.142543483732325, 42.694247725888374 ], [ -71.143394475191826, 42.697027729340348 ], [ -71.145712477590322, 42.698626734981261 ], [ -71.144866472667431, 42.698989733528144 ] ] ] } },
{ "type": "Feature", "properties": { "STATEFP": "25", "COUNTYFP": "009", "COUSUBFP": "60015", "NAME": "Saugus", "NAMELSAD": "Saugus town", "GEOID": "2500960015" }, "geometry": { "type": "Polygon", "coordinates": [ [ [ -71.054214171997018, 42.476902506335087 ], [ -71.052629148051935, 42.486056503889721 ], [ -71.050252141703055, 42.486532501173279 ], [ -71.04694913116569, 42.487963497355885 ], [ -71.045209125610441, 42.488719495349791 ], [ -71.041859107970353, 42.493291491325067 ], [ -71.039908097711816, 42.49594848900005 ], [ -71.040325096938403, 42.496711489425003 ], [ -71.042087097380204, 42.498270491303821 ], [ -71.043774091080977, 42.501198493315471 ], [ -71.042229081705059, 42.502342491805287 ], [ -71.038721071871748, 42.502719487935842 ], [ -71.035839052451777, 42.505191485092546 ], [ -71.014670021239738, 42.50209346088095 ], [ -71.0116230168436, 42.501647457444001 ], [ -71.00308101483283, 42.496406447882364 ], [ -71.001706019815245, 42.492789446356213 ], [ -70.994908058461959, 42.474905434191982 ], [ -70.994800059164433, 42.47462043398162 ], [ -70.9935330674369, 42.471279431535542 ], [ -70.991695079563939, 42.466430428059091 ], [ -70.989338095280885, 42.460231423724629 ], [ -70.989058096786081, 42.459658423210456 ], [ -70.985680100023316, 42.459216416685372 ], [ -70.987227103035394, 42.4574844197899 ], [ -70.986694110121903, 42.45459541894477 ], [ -70.985969104485363, 42.45722441737913 ], [ -70.983108103142072, 42.458609411748583 ], [ -70.979494111293519, 42.456195404989906 ], [ -70.983353114294673, 42.453807412604739 ], [ -70.983828117331001, 42.452375413623876 ], [ -70.979083124322102, 42.450862404732092 ], [ -70.968594147914402, 42.444395385788383 ], [ -70.971594149754864, 42.442695391622109 ], [ -70.975194160961365, 42.436895399003888 ], [ -70.979454167145079, 42.43281440720812 ], [ -70.982294168270457, 42.431295412483671 ], [ -70.98370816616135, 42.43166241500748 ], [ -70.99012015313501, 42.434876426441193 ], [ -70.992023153210297, 42.434134429937089 ], [ -70.997234155661673, 42.4310504394548 ], [ -70.99734715552826, 42.431065439658461 ], [ -70.999857152801511, 42.431295444186297 ], [ -71.002150154560326, 42.432607447024573 ], [ -71.005920162008337, 42.433043451545423 ], [ -71.006974162596237, 42.433837452802386 ], [ -71.01077716946304, 42.434567457349679 ], [ -71.011416167724775, 42.435990458093428 ], [ -71.010105159912726, 42.438187456496685 ], [ -71.012269161326159, 42.439723459052814 ], [ -71.009671152586463, 42.441046455942555 ], [ -71.011924155129506, 42.442163458603638 ], [ -71.01324015463149, 42.443707460139336 ], [ -71.014610154171024, 42.445288461732872 ], [ -71.018757152676656, 42.450117466520581 ], [ -71.025836180504442, 42.444708475036713 ], [ -71.027572179993157, 42.446677477020636 ], [ -71.039968176317473, 42.460734490924843 ], [ -71.04159117583103, 42.462575492711231 ], [ -71.046949174220046, 42.468652498552636 ], [ -71.047778173970443, 42.469592499448773 ], [ -71.053365172288764, 42.475924505434755 ], [ -71.054214171997018, 42.476902506335087 ] ] ] } },
{ "type": "Feature", "properties": { "STATEFP": "25", "COUNTYFP": "017", "COUSUBFP": "05070", "NAME": "Belmont", "NAMELSAD": "Belmont town", "GEOID": "2501705070" }, "geometry": { "type": "Polygon", "coordinates": [ [ [ -71.207603664742464, 42.409779699837955 ], [ -71.203178644707052, 42.414278693187711 ], [ -71.202612642208948, 42.414825692348487 ], [ -71.194257626766074, 42.413389682494021 ], [ -71.19529762507706, 42.415171683309083 ], [ -71.194521623871708, 42.414936682420311 ], [ -71.194492623687495, 42.414989682371235 ], [ -71.194291622492628, 42.415320682040452 ], [ -71.184547608983095, 42.411645671019869 ], [ -71.183712607728268, 42.411373670060669 ], [ -71.181634604189099, 42.410881667626647 ], [ -71.177705596910926, 42.410211662956058 ], [ -71.17442459146794, 42.409369659115505 ], [ -71.16392557620425, 42.405714646984805 ], [ -71.164054577059233, 42.405462647198767 ], [ -71.157473569143306, 42.402433639694927 ], [ -71.156389566509048, 42.402526638331679 ], [ -71.155539565577726, 42.402094637366567 ], [ -71.152245561080065, 42.400815633537896 ], [ -71.154940574415576, 42.397563637550284 ], [ -71.156362581444327, 42.395851639675911 ], [ -71.156385581560954, 42.395822639710616 ], [ -71.158387588805937, 42.394592642467522 ], [ -71.158447589030104, 42.394552642550906 ], [ -71.157317594588562, 42.390952641885633 ], [ -71.158229605716912, 42.386908643874875 ], [ -71.160398611399785, 42.386541646686375 ], [ -71.160332611472171, 42.386443646623896 ], [ -71.157971614359894, 42.382804644405468 ], [ -71.157792615293431, 42.38221064430261 ], [ -71.155623612073583, 42.38148064170533 ], [ -71.156231615334221, 42.380635642650276 ], [ -71.154706622133133, 42.376087641644304 ], [ -71.154373623617218, 42.37509464142218 ], [ -71.155414625811503, 42.375156642737757 ], [ -71.158345630361822, 42.376055646289529 ], [ -71.160189633495179, 42.376500648546006 ], [ -71.160942634848155, 42.376649649473777 ], [ -71.163363639932967, 42.376801652525188 ], [ -71.164483642254496, 42.376885653933535 ], [ -71.166466646044938, 42.377176656395186 ], [ -71.169996652524418, 42.377813660746767 ], [ -71.17122965424214, 42.378278662210541 ], [ -71.171371654533388, 42.378290662388409 ], [ -71.173424657728731, 42.378915664856272 ], [ -71.175485661294786, 42.379383667367286 ], [ -71.177654665356783, 42.379738670039366 ], [ -71.179532668588664, 42.380172672321308 ], [ -71.181106672091033, 42.380183674316527 ], [ -71.183000676031398, 42.380318676687907 ], [ -71.185162680714015, 42.380390679414091 ], [ -71.18646168376668, 42.380327681078015 ], [ -71.187109685139944, 42.380362681891739 ], [ -71.189241689097798, 42.380726684506392 ], [ -71.190225688918034, 42.381785685488722 ], [ -71.192801688444476, 42.3845586880472 ], [ -71.194177688211383, 42.386030689408472 ], [ -71.19446068820109, 42.386316689692073 ], [ -71.194954684901603, 42.388272689811735 ], [ -71.196742683789864, 42.390543691472317 ], [ -71.197940681425735, 42.392783692391248 ], [ -71.196330675011893, 42.394030690051338 ], [ -71.196627672977939, 42.395228690111949 ], [ -71.19942967453872, 42.397319693062343 ], [ -71.20062167238882, 42.399457693982164 ], [ -71.201799670707103, 42.401373694937014 ], [ -71.201969667914369, 42.402781694772671 ], [ -71.202628667315338, 42.403701695343386 ], [ -71.211261681280021, 42.406073705371512 ], [ -71.207603664742464, 42.409779699837955 ] ] ] } },
{ "type": "Feature", "properties": { "STATEFP": "25", "COUNTYFP": "017", "COUSUBFP": "11000", "NAME": "Cambridge", "NAMELSAD": "Cambridge city", "GEOID": "2501711000" }, "geometry": { "type": "Polygon", "coordinates": [ [ [ -71.160398611399785, 42.386541646686375 ], [ -71.158229605716912, 42.386908643874875 ], [ -71.157317594588562, 42.390952641885633 ], [ -71.158447589030104, 42.394552642550906 ], [ -71.158387588805937, 42.394592642467522 ], [ -71.156385581560954, 42.395822639710616 ], [ -71.156362581444327, 42.395851639675911 ], [ -71.154940574415576, 42.397563637550284 ], [ -71.152245561080065, 42.400815633537896 ], [ -71.143593549360389, 42.397411623437023 ], [ -71.143557549243909, 42.397427623389113 ], [ -71.142803546546318, 42.397877622364426 ], [ -71.141436541060827, 42.398958620459439 ], [ -71.140372536722822, 42.399830618973745 ], [ -71.136253524723486, 42.401070613629422 ], [ -71.134921518398357, 42.402561611709949 ], [ -71.134514513887495, 42.404166610920399 ], [ -71.133628513439618, 42.403482609944525 ], [ -71.131300512499095, 42.401579607391085 ], [ -71.130724512685859, 42.400921606789794 ], [ -71.128790513289005, 42.398722604761801 ], [ -71.127719513627483, 42.397502603634308 ], [ -71.12736151373872, 42.39709560325651 ], [ -71.124368514757435, 42.393652600089638 ], [ -71.122987514525647, 42.392376598568482 ], [ -71.120974507040273, 42.393705595833616 ], [ -71.120214507725407, 42.392640595051539 ], [ -71.117085507575553, 42.389580591604378 ], [ -71.117452511074802, 42.388385592250906 ], [ -71.118159513467049, 42.388024593196931 ], [ -71.117737513572735, 42.387555592738558 ], [ -71.116860513559899, 42.386684591768301 ], [ -71.11615951387607, 42.385842591013663 ], [ -71.115584514122631, 42.385157590392637 ], [ -71.111656512958334, 42.381748585935178 ], [ -71.11064351093269, 42.381639584667425 ], [ -71.109649510512597, 42.380832583524487 ], [ -71.107855509759361, 42.379373581456669 ], [ -71.108457511695093, 42.379111582258922 ], [ -71.107272511334344, 42.378086580898305 ], [ -71.105943511194482, 42.376818579385088 ], [ -71.105427511128156, 42.376331578795629 ], [ -71.10320451063312, 42.374326576235887 ], [ -71.101611506974706, 42.374365574196396 ], [ -71.097416497431766, 42.374427568831621 ], [ -71.094749491757227, 42.37429156544323 ], [ -71.092826487685628, 42.374184563000583 ], [ -71.089783481393823, 42.373947559142188 ], [ -71.08751247752339, 42.37340155630406 ], [ -71.086985476625856, 42.373274555645018 ], [ -71.085443471447434, 42.374044553586899 ], [ -71.081963464604726, 42.37361554918806 ], [ -71.080984461455657, 42.374042547891314 ], [ -71.075911450167823, 42.37400454141499 ], [ -71.074946450432677, 42.372917540289819 ], [ -71.074353449925226, 42.372549539567572 ], [ -71.072689444693523, 42.373221537374263 ], [ -71.072466445453273, 42.37265753714312 ], [ -71.070545441820741, 42.372355534713904 ], [ -71.067115435336049, 42.3718155303727 ], [ -71.064059434767614, 42.369000526698088 ], [ -71.069478446819772, 42.36904553365212 ], [ -71.070575451582329, 42.368014535156682 ], [ -71.070644451884476, 42.367948535251536 ], [ -71.071537455761032, 42.36710953647863 ], [ -71.07479247051603, 42.363772540995718 ], [ -71.075657477282022, 42.361612542328089 ], [ -71.076092481012637, 42.36037954301473 ], [ -71.077952488861868, 42.358734545593457 ], [ -71.085175510441317, 42.356332555235944 ], [ -71.087511517419642, 42.355556558364135 ], [ -71.091235528505052, 42.354337563358754 ], [ -71.093002533464855, 42.353893565716341 ], [ -71.09789054616995, 42.35311957219016 ], [ -71.103032559070471, 42.352513578982858 ], [ -71.104316562201731, 42.352402580674784 ], [ -71.110358575357324, 42.352585588538609 ], [ -71.110589575808774, 42.352615588835839 ], [ -71.113196580555396, 42.353109592165886 ], [ -71.116852583666457, 42.355384596586077 ], [ -71.117165580757458, 42.356996596744295 ], [ -71.116681575775118, 42.358735595847321 ], [ -71.11659757458068, 42.359184595669205 ], [ -71.116704570183245, 42.361254595489108 ], [ -71.116936565277513, 42.363676595415527 ], [ -71.116921563969072, 42.364245595308347 ], [ -71.117230557669799, 42.367366595224091 ], [ -71.118960558428597, 42.368759597230458 ], [ -71.12320456754739, 42.368937602652288 ], [ -71.128203568367994, 42.373571608287371 ], [ -71.130997573914215, 42.373891611802748 ], [ -71.133179582291419, 42.372337614863604 ], [ -71.13176258466288, 42.369863613480668 ], [ -71.132373588215287, 42.368890614434527 ], [ -71.136658602623697, 42.366751620323072 ], [ -71.139892615065506, 42.364439624912151 ], [ -71.143667622095222, 42.36508062966054 ], [ -71.143900621390088, 42.365627629857016 ], [ -71.14246161504478, 42.367016627741684 ], [ -71.140599604136199, 42.370016624789173 ], [ -71.139992594804369, 42.373568623354217 ], [ -71.143925602488181, 42.374073628284648 ], [ -71.14383159957498, 42.375277627935994 ], [ -71.145695603890289, 42.375216630325703 ], [ -71.145937604482157, 42.375194630638696 ], [ -71.149864614955732, 42.374450635796158 ], [ -71.150301615863512, 42.374482636347786 ], [ -71.154373623617218, 42.37509464142218 ], [ -71.154706622133133, 42.376087641644304 ], [ -71.156231615334221, 42.380635642650276 ], [ -71.155623612073583, 42.38148064170533 ], [ -71.157792615293431, 42.38221064430261 ], [ -71.157971614359894, 42.382804644405468 ], [ -71.160332611472171, 42.386443646623896 ], [ -71.160398611399785, 42.386541646686375 ] ] ] } },
{ "type": "Feature", "properties": { "STATEFP": "25", "COUNTYFP": "017", "COUSUBFP": "17475", "NAME": "Dracut", "NAMELSAD": "Dracut town", "GEOID": "2501717475" }, "geometry": { "type": "Polygon", "coordinates": [ [ [ -71.378761402424857, 42.683004301417562 ], [ -71.374013390829745, 42.689369310683311 ], [ -71.374366369947225, 42.693263300465269 ], [ -71.369724405726046, 42.698576346176615 ], [ -71.367434209313316, 42.698522085153691 ], [ -71.365186036502251, 42.69846881977864 ], [ -71.351873444996926, 42.6981534078745 ], [ -71.351796738034849, 42.698149995606848 ], [ -71.351623684649425, 42.698142297420603 ], [ -71.330330181370812, 42.697195066921715 ], [ -71.330205544951497, 42.697189522531893 ], [ -71.313491834771625, 42.697096758076647 ], [ -71.313446264592955, 42.697096505152928 ], [ -71.294204704317607, 42.696989710519716 ], [ -71.288832222803407, 42.702007716747893 ], [ -71.278928718566391, 42.711257795167427 ], [ -71.278516603888903, 42.711804791495894 ], [ -71.27540660301996, 42.715932670003809 ], [ -71.26790471694413, 42.725889866166497 ], [ -71.266374284776859, 42.727196220553317 ], [ -71.255604740006163, 42.736388949815058 ], [ -71.255198511546652, 42.73663829658345 ], [ -71.255146741699079, 42.736553952840971 ], [ -71.2512358123128, 42.72122196078724 ], [ -71.247912853326937, 42.708118949216249 ], [ -71.245936871595731, 42.700308936656192 ], [ -71.244271887141963, 42.693745926198766 ], [ -71.238433943087387, 42.670762890329797 ], [ -71.238178946754871, 42.669418888430201 ], [ -71.240396964216814, 42.666729889691737 ], [ -71.242489986875839, 42.662345888843468 ], [ -71.2441719958573, 42.661513891023091 ], [ -71.250112018492317, 42.660986900618816 ], [ -71.251716014390411, 42.660331893077256 ], [ -71.254966010344091, 42.657774876761181 ], [ -71.256188007747539, 42.657144871053916 ], [ -71.257135004805988, 42.656931866912949 ], [ -71.258481999618354, 42.656922861302093 ], [ -71.264346974275767, 42.657666837453021 ], [ -71.275153937619635, 42.656215791642119 ], [ -71.280041925717143, 42.65434177080553 ], [ -71.286010921009293, 42.649558745614051 ], [ -71.286859920441657, 42.648867742151808 ], [ -71.287866911358449, 42.650247738332297 ], [ -71.291079881872889, 42.654717725657228 ], [ -71.294263852309925, 42.659139712349536 ], [ -71.299568802200156, 42.666514688525801 ], [ -71.300638798807697, 42.666292683854522 ], [ -71.303371790179071, 42.665723671980551 ], [ -71.31231476217306, 42.663875633692271 ], [ -71.319130741228932, 42.662441605114132 ], [ -71.322190731863799, 42.661808592443315 ], [ -71.325310722361507, 42.661164579628021 ], [ -71.327888714566797, 42.660628569122608 ], [ -71.329360710149771, 42.66031856316075 ], [ -71.341800673166048, 42.657728513698871 ], [ -71.357522627648251, 42.654453453622139 ], [ -71.36888154824301, 42.66175239233813 ], [ -71.366433533906942, 42.666677393178155 ], [ -71.369625508088518, 42.669333373650574 ], [ -71.371578525815764, 42.664144375763613 ], [ -71.373364508916509, 42.666122363756088 ], [ -71.376725435731743, 42.678064322310881 ], [ -71.378761402424857, 42.683004301417562 ] ] ] } },
{ "type": "Feature", "properties": { "STATEFP": "25", "COUNTYFP": "017", "COUSUBFP": "37875", "NAME": "Malden", "NAMELSAD": "Malden city", "GEOID": "2501737875" }, "geometry": { "type": "Polygon", "coordinates": [ [ [ -71.089062356419845, 42.42911455173558 ], [ -71.087853351296133, 42.43019855015342 ], [ -71.08725034114056, 42.43413854897409 ], [ -71.086849334367599, 42.436767548192279 ], [ -71.086339325771107, 42.440103547202845 ], [ -71.085639313961309, 42.444687545851529 ], [ -71.082116307773887, 42.443939541760948 ], [ -71.08291932096445, 42.438839543270802 ], [ -71.07401329904026, 42.439756532566662 ], [ -71.071619293155123, 42.439999529693317 ], [ -71.070553290499376, 42.440123528412897 ], [ -71.067657283396045, 42.440410524940596 ], [ -71.055430253300727, 42.441670510301108 ], [ -71.050272240612017, 42.442199504137754 ], [ -71.044176225612887, 42.442826496862764 ], [ -71.036828207538775, 42.443580488107123 ], [ -71.033680199796123, 42.443903484360547 ], [ -71.025836180504442, 42.444708475036713 ], [ -71.024996180843303, 42.443714474074866 ], [ -71.020377182700187, 42.438249468746456 ], [ -71.021005186623256, 42.437116469526842 ], [ -71.021348188750864, 42.436504469953668 ], [ -71.023002199084559, 42.433520472020675 ], [ -71.023036199296229, 42.433459472063298 ], [ -71.024088205825265, 42.431581473384291 ], [ -71.0282272314995, 42.424201478631964 ], [ -71.040934261562995, 42.423449494062865 ], [ -71.042793265959205, 42.423340496322425 ], [ -71.050663284864385, 42.42274750590289 ], [ -71.052833293247943, 42.421162508645814 ], [ -71.05458029967005, 42.420033510850068 ], [ -71.056046304884745, 42.419164512697996 ], [ -71.056568306836638, 42.418812513359974 ], [ -71.056813307770156, 42.418639513671437 ], [ -71.059855319634238, 42.41636951755747 ], [ -71.060131320759965, 42.416141517912706 ], [ -71.060484321990856, 42.415943518359811 ], [ -71.061542325123568, 42.415599519680697 ], [ -71.06227432697186, 42.41550452058339 ], [ -71.064540332530527, 42.415283523372729 ], [ -71.068133340926266, 42.415120527781404 ], [ -71.071124347940724, 42.414973531453647 ], [ -71.072825351953171, 42.414879533543598 ], [ -71.07319635699065, 42.412995534179529 ], [ -71.075862362347991, 42.413265537420898 ], [ -71.07680136460371, 42.413195538578826 ], [ -71.079310366320556, 42.414937541471723 ], [ -71.08172437122748, 42.41515654440137 ], [ -71.08427737378716, 42.416564547367315 ], [ -71.085924374213519, 42.41802054921358 ], [ -71.086542372154014, 42.419559549791302 ], [ -71.087672368394252, 42.422370550841535 ], [ -71.088065367081143, 42.423350551204543 ], [ -71.088644365143665, 42.42479555173739 ], [ -71.08943036258826, 42.426723552461148 ], [ -71.089062356419845, 42.42911455173558 ] ] ] } },
{ "type": "Feature", "properties": { "STATEFP": "25", "COUNTYFP": "017", "COUSUBFP": "39835", "NAME": "Medford", "NAMELSAD": "Medford city", "GEOID": "2501739835" }, "geometry": { "type": "Polygon", "coordinates": [ [ [ -71.149886477153714, 42.435839623678454 ], [ -71.145997468676981, 42.435748619045526 ], [ -71.145330467172371, 42.435755618246496 ], [ -71.130019433468078, 42.435544599972076 ], [ -71.129767432874146, 42.435558599668234 ], [ -71.129061431313886, 42.435551598824937 ], [ -71.129041431163856, 42.435598598793007 ], [ -71.128364427006858, 42.436778597783295 ], [ -71.127146419562052, 42.43888659597453 ], [ -71.125154414340841, 42.439232593543338 ], [ -71.121976406009196, 42.439785589668276 ], [ -71.124005401479124, 42.443826591422528 ], [ -71.121346384693382, 42.448669587495189 ], [ -71.119402369658033, 42.453444584450885 ], [ -71.104722347222179, 42.44884656787324 ], [ -71.085639313961309, 42.444687545851529 ], [ -71.086339325771107, 42.440103547202845 ], [ -71.086849334367599, 42.436767548192279 ], [ -71.08725034114056, 42.43413854897409 ], [ -71.087853351296133, 42.43019855015342 ], [ -71.089062356419845, 42.42911455173558 ], [ -71.08943036258826, 42.426723552461148 ], [ -71.088644365143665, 42.42479555173739 ], [ -71.088065367081143, 42.423350551204543 ], [ -71.087672368394252, 42.422370550841535 ], [ -71.086542372154014, 42.419559549791302 ], [ -71.085924374213519, 42.41802054921358 ], [ -71.08427737378716, 42.416564547367315 ], [ -71.08172437122748, 42.41515654440137 ], [ -71.079310366320556, 42.414937541471723 ], [ -71.07680136460371, 42.413195538578826 ], [ -71.075862362347991, 42.413265537420898 ], [ -71.07319635699065, 42.412995534179529 ], [ -71.07199035678012, 42.411882532806793 ], [ -71.073552365834473, 42.409392534965782 ], [ -71.071297366310091, 42.406921532423077 ], [ -71.072807376638309, 42.403809534585456 ], [ -71.075988392923307, 42.39970553893545 ], [ -71.075996400335896, 42.396395539277435 ], [ -71.077152402069942, 42.396777540681065 ], [ -71.083423408875305, 42.40001254814706 ], [ -71.085687412515355, 42.40065055088926 ], [ -71.093007432073492, 42.399229560157004 ], [ -71.093883433134678, 42.399631561197026 ], [ -71.095526435733177, 42.400113563179488 ], [ -71.096301436959592, 42.400340564113918 ], [ -71.098349445527489, 42.398559566890107 ], [ -71.099608451565203, 42.397120568646777 ], [ -71.100394455331781, 42.396223569745715 ], [ -71.101763457373323, 42.396680571392977 ], [ -71.104464461397612, 42.397583574637942 ], [ -71.110750470721229, 42.399702582162405 ], [ -71.113868474827171, 42.400984585846949 ], [ -71.114916474524406, 42.402166586969081 ], [ -71.115541469251511, 42.405144587290046 ], [ -71.117419471920073, 42.405828589505838 ], [ -71.121668478602913, 42.407087594552927 ], [ -71.123882480997381, 42.408228597097875 ], [ -71.123294477575399, 42.409168596220333 ], [ -71.1233604776737, 42.409190596297996 ], [ -71.125687481099945, 42.40998359903093 ], [ -71.126150483738243, 42.409268599719447 ], [ -71.127868484638611, 42.410580601612644 ], [ -71.127040478870342, 42.412327600301957 ], [ -71.129922483073898, 42.413326603666377 ], [ -71.126992469118051, 42.416629599521919 ], [ -71.126839468390457, 42.416801599306282 ], [ -71.127435466733957, 42.418134599809726 ], [ -71.131629479500575, 42.416621605185824 ], [ -71.131584481265904, 42.415789605275386 ], [ -71.132435484455542, 42.415215606415885 ], [ -71.133106485560731, 42.415391607205606 ], [ -71.1383614970878, 42.415489613613488 ], [ -71.140084498825487, 42.41643161554596 ], [ -71.141090498286871, 42.417673616543389 ], [ -71.141544497708139, 42.418383616964526 ], [ -71.142855498050281, 42.419536618344999 ], [ -71.142920495854582, 42.420579618227372 ], [ -71.142599492641494, 42.421691617627729 ], [ -71.145997495647606, 42.423734621360808 ], [ -71.14678449397762, 42.425261622018617 ], [ -71.149886477153714, 42.435839623678454 ] ] ] } },
{ "type": "Feature", "properties": { "STATEFP": "25", "COUNTYFP": "011", "COUSUBFP": "42285", "NAME": "Montague", "NAMELSAD": "Montague town", "GEOID": "2501142285" }, "geometry": { "type": "Polygon", "coordinates": [ [ [ -72.582786967756221, 42.593577916319589 ], [ -72.580910961335533, 42.595233920611648 ], [ -72.579182957661232, 42.595522922943523 ], [ -72.576460950073098, 42.596880927861605 ], [ -72.571573930180818, 42.602207940862364 ], [ -72.566750912308251, 42.606179952217225 ], [ -72.561590895065692, 42.609222962896297 ], [ -72.558013882726527, 42.611344970449835 ], [ -72.552685869374159, 42.612194978359973 ], [ -72.55271087216191, 42.611060976590601 ], [ -72.549420874083651, 42.607471975077942 ], [ -72.546138872714351, 42.605365975729725 ], [ -72.545429875965965, 42.603534973676609 ], [ -72.545084889205228, 42.598095965451336 ], [ -72.544229890034842, 42.597154964931036 ], [ -72.54109788624578, 42.596398967275285 ], [ -72.539065881501998, 42.596780970200626 ], [ -72.53190886112148, 42.599345982643435 ], [ -72.52888685113868, 42.600833988665961 ], [ -72.523765832160919, 42.603914999991943 ], [ -72.520591824104145, 42.604502004793851 ], [ -72.514365811997379, 42.604415012052442 ], [ -72.506744798988322, 42.60376901992241 ], [ -72.505627799249467, 42.603027019859674 ], [ -72.50445580745162, 42.599890015351626 ], [ -72.502995809404098, 42.598490014398472 ], [ -72.500091809880232, 42.596767014442712 ], [ -72.497070807438135, 42.597569009734841 ], [ -72.496377809865024, 42.59689600698961 ], [ -72.496172813642033, 42.595807004538422 ], [ -72.496422820240937, 42.593875001499242 ], [ -72.495058824338273, 42.592749996575357 ], [ -72.497855834385007, 42.589687996668253 ], [ -72.498073847803667, 42.585770989757513 ], [ -72.503717869698406, 42.580953980542326 ], [ -72.502247871988587, 42.579613979507712 ], [ -72.497675867491992, 42.580060978293254 ], [ -72.493520865734709, 42.580791971840199 ], [ -72.490573871919878, 42.579150963420709 ], [ -72.486909875483249, 42.578311955209323 ], [ -72.482636873215483, 42.579196948776378 ], [ -72.481382873376148, 42.579216946481829 ], [ -72.477246882917981, 42.57667593493192 ], [ -72.47629388806763, 42.575237931034593 ], [ -72.47437889236032, 42.574100925931198 ], [ -72.473553893017638, 42.573955924259678 ], [ -72.470598891836218, 42.574457919748646 ], [ -72.466103884842781, 42.576717914790557 ], [ -72.463809895331295, 42.573818906868496 ], [ -72.464258907174653, 42.570381903173903 ], [ -72.462376920558398, 42.566631895187065 ], [ -72.459701933003458, 42.563201886579712 ], [ -72.455562942884328, 42.560599877006879 ], [ -72.453932951231764, 42.558296871891521 ], [ -72.452753964247066, 42.554628866046599 ], [ -72.453625981068996, 42.549744861804733 ], [ -72.459641095573133, 42.516426829075854 ], [ -72.520928110203528, 42.510222838439169 ], [ -72.556767124649937, 42.506494814322707 ], [ -72.555307119261201, 42.50872281841157 ], [ -72.555162114668434, 42.510657821416984 ], [ -72.556453109119389, 42.513123824460095 ], [ -72.563374096649696, 42.519460829971827 ], [ -72.567038087094716, 42.524522835077441 ], [ -72.568267079873763, 42.528200839545242 ], [ -72.568818074073803, 42.531097843296479 ], [ -72.568743068518046, 42.533722847068937 ], [ -72.566186057373287, 42.538173855212989 ], [ -72.563921048625929, 42.54143586157425 ], [ -72.562480040030721, 42.544807867573326 ], [ -72.560010029491593, 42.548546874996241 ], [ -72.557882021537196, 42.551156880582987 ], [ -72.555796011102871, 42.554747887696458 ], [ -72.556145993567227, 42.562379898915111 ], [ -72.557155985348416, 42.566423904086626 ], [ -72.559947979410467, 42.570575907671078 ], [ -72.561086971771388, 42.574646912587042 ], [ -72.562042971033804, 42.575581913023328 ], [ -72.565260972292265, 42.577120912077099 ], [ -72.570417976263172, 42.578835909356464 ], [ -72.574771981608308, 42.579413905764767 ], [ -72.575084982155602, 42.579374905394602 ], [ -72.578137988440744, 42.578487901108858 ], [ -72.578363987991537, 42.578897901434942 ], [ -72.57954698655935, 42.580588902509888 ], [ -72.580216975972277, 42.586770910085662 ], [ -72.580655975266168, 42.587534910636769 ], [ -72.580707975132015, 42.587652910738377 ], [ -72.582989974718203, 42.589958911330477 ], [ -72.582786967756221, 42.593577916319589 ] ] ] } },
{ "type": "Feature", "properties": { "STATEFP": "25", "COUNTYFP": "001", "COUSUBFP": "19295", "NAME": "Eastham", "NAMELSAD": "Eastham town", "GEOID": "2500119295" }, "geometry": { "type": "Polygon", "coordinates": [ [ [ -70.009014524477095, 41.876625824488599 ], [ -70.006445632429461, 41.880814311002524 ], [ -70.004604525492326, 41.879965827714194 ], [ -70.005373524227934, 41.878349827156988 ], [ -70.004498522937595, 41.877614827791774 ], [ -70.000526520726552, 41.877702830681152 ], [ -69.998831518895145, 41.876880831878807 ], [ -69.993011514816047, 41.876193835886767 ], [ -69.990117514147002, 41.877196837832997 ], [ -69.987754512995309, 41.877420839439296 ], [ -69.981583509086576, 41.877102843675999 ], [ -69.97964350811047, 41.877258844993612 ], [ -69.957461693440322, 41.879901386094268 ], [ -69.950304014322015, 41.859465614440737 ], [ -69.945315459484988, 41.845222872917333 ], [ -69.942779447420207, 41.833065876587327 ], [ -69.941353437665924, 41.822793879218032 ], [ -69.939660433222315, 41.81860288121419 ], [ -69.938180403130033, 41.810369977138976 ], [ -69.939323425999476, 41.810552882712635 ], [ -69.953165433936277, 41.812933870913398 ], [ -69.956723437400115, 41.815060867731994 ], [ -69.959635438578019, 41.814988865347331 ], [ -69.963930437513639, 41.811904862119114 ], [ -69.965623435093264, 41.808589861027563 ], [ -69.966952433987103, 41.806845860075263 ], [ -69.972274434280394, 41.804896855760418 ], [ -69.979942425615192, 41.792908850033584 ], [ -69.982891430444695, 41.796687847255939 ], [ -69.987410437915159, 41.802440843096953 ], [ -69.993237436338589, 41.798606838272548 ], [ -69.995200436948707, 41.798460836592497 ], [ -69.99635943850808, 41.799549835569586 ], [ -70.004560441219084, 41.800504827773807 ], [ -70.005019442237128, 41.801432827305774 ], [ -70.006209440483246, 41.799712826082967 ], [ -70.00893955830368, 41.800466258687052 ], [ -70.008463441791676, 41.800786823787035 ], [ -70.003843449630878, 41.808520828482166 ], [ -70.005288453876929, 41.812342827058188 ], [ -70.004887645983132, 41.814805649403297 ], [ -70.004389459595487, 41.817866827931205 ], [ -70.004487481825748, 41.838826827824263 ], [ -70.004994102232288, 41.843056906597269 ], [ -70.005787429606286, 41.849680874003347 ], [ -70.006048969633554, 41.851864628880129 ], [ -70.007526178372018, 41.864198731354328 ], [ -70.009014524477095, 41.876625824488599 ] ] ] } },
{ "type": "Feature", "properties": { "STATEFP": "25", "COUNTYFP": "001", "COUSUBFP": "55500", "NAME": "Provincetown", "NAMELSAD": "Provincetown town", "GEOID": "2500155500" }, "geometry": { "type": "Polygon", "coordinates": [ [ [ -70.245386899371994, 42.063733627813491 ], [ -70.238088877054167, 42.072878611611408 ], [ -70.225627852773243, 42.078601605592596 ], [ -70.206900823696571, 42.081900608159749 ], [ -70.189306800035268, 42.082337616195815 ], [ -70.160167766661047, 42.078628638019495 ], [ -70.154257118737945, 42.077158940194565 ], [ -70.1465467660352, 42.065238669643286 ], [ -70.147104767984956, 42.064302671128509 ], [ -70.147360768881811, 42.063871671813899 ], [ -70.147437828923145, 42.060463014131628 ], [ -70.148609774343072, 42.060931676727137 ], [ -70.155416781489905, 42.062409670927245 ], [ -70.169782804116608, 42.059736669648636 ], [ -70.176744044153068, 42.05707943341401 ], [ -70.178469820081503, 42.056420672306622 ], [ -70.183107849165197, 42.053103838030999 ], [ -70.185267993177035, 42.051559035402661 ], [ -70.186817839177621, 42.050450680529394 ], [ -70.190450012200884, 42.045230646243617 ], [ -70.194457864115776, 42.039470699354844 ], [ -70.194971868919495, 42.036399705309762 ], [ -70.196153636402258, 42.036128848210296 ], [ -70.201136879177014, 42.034986705888279 ], [ -70.205890888723729, 42.032691708823428 ], [ -70.196621885818971, 42.025452726675326 ], [ -70.192342883036318, 42.023157732692553 ], [ -70.189462877656808, 42.024236731498952 ], [ -70.173759852069836, 42.027357730674431 ], [ -70.166885833229756, 42.034575719182108 ], [ -70.171009847412734, 42.02804573028731 ], [ -70.179602867317868, 42.021858739432524 ], [ -70.186709879652369, 42.019904740982241 ], [ -70.190835885147138, 42.020028739415991 ], [ -70.196313890042077, 42.021984733737419 ], [ -70.208742895224759, 42.030749711770888 ], [ -70.213013893740808, 42.036134699190796 ], [ -70.218702888236976, 42.045848676949717 ], [ -70.228618890512493, 42.05393265600069 ], [ -70.23536289476381, 42.057402645784911 ], [ -70.238876895209458, 42.060479637697831 ], [ -70.243541901301001, 42.060569635443919 ], [ -70.245386899371994, 42.063733627813491 ] ] ] } },
{ "type": "Feature", "properties": { "STATEFP": "25", "COUNTYFP": "011", "COUSUBFP": "42040", "NAME": "Monroe", "NAMELSAD": "Monroe town", "GEOID": "2501142040" }, "geometry": { "type": "Polygon", "coordinates": [ [ [ -73.023014895384478, 42.741134925088339 ], [ -73.022902899926123, 42.741132700936397 ], [ -73.018645257943263, 42.741042047129483 ], [ -72.930104900995673, 42.739156861541069 ], [ -72.927190446763504, 42.739094807646239 ], [ -72.927707075793563, 42.736728713783691 ], [ -72.927740072521559, 42.732516714391934 ], [ -72.92823707079846, 42.73167771442364 ], [ -72.931184063233076, 42.730168714113837 ], [ -72.931476061914353, 42.729253714199842 ], [ -72.933742055608647, 42.727388714083517 ], [ -72.93430305328954, 42.725889714218241 ], [ -72.93737104608168, 42.725101713811434 ], [ -72.938398042994891, 42.723896713829276 ], [ -72.939884037625092, 42.720866714072827 ], [ -72.941731033116184, 42.720093713894812 ], [ -72.945158026559142, 42.721220713135182 ], [ -72.950253015121575, 42.720477712419033 ], [ -72.952302010319528, 42.719864712191665 ], [ -72.953064007492628, 42.71807071239612 ], [ -72.953331006051187, 42.716760712594336 ], [ -72.9510410078245, 42.712153713794287 ], [ -72.950728004571516, 42.706353714888699 ], [ -72.949639006005214, 42.705110715268226 ], [ -72.99787790341064, 42.701263709357534 ], [ -73.023708875618084, 42.702689709889576 ], [ -73.023014895384478, 42.741134925088339 ] ] ] } },
{ "type": "Feature", "properties": { "STATEFP": "25", "COUNTYFP": "013", "COUSUBFP": "42145", "NAME": "Monson", "NAMELSAD": "Monson town", "GEOID": "2501342145" }, "geometry": { "type": "Polygon", "coordinates": [ [ [ -72.389031015440835, 42.152343679530667 ], [ -72.386187018318751, 42.152254681148477 ], [ -72.382553022240856, 42.152360683557525 ], [ -72.378777026540121, 42.152672686383895 ], [ -72.370135036767962, 42.153740693461714 ], [ -72.365533042582996, 42.154645697812242 ], [ -72.364949044169634, 42.155528699627091 ], [ -72.360592052215679, 42.158692707620972 ], [ -72.35794305535849, 42.159034709895749 ], [ -72.354506061054593, 42.16094971533439 ], [ -72.348421067289081, 42.160846719128244 ], [ -72.346507070137363, 42.161622721707332 ], [ -72.345086069997095, 42.16014372009252 ], [ -72.343334072921365, 42.161143722958123 ], [ -72.341997073609363, 42.160498722713129 ], [ -72.341514072583138, 42.159101720602528 ], [ -72.338691075860581, 42.159403722950714 ], [ -72.33497507889156, 42.158627723984196 ], [ -72.332479078945823, 42.15628972144529 ], [ -72.33029607655314, 42.152003715193985 ], [ -72.326142080285834, 42.151437716735671 ], [ -72.324731079898157, 42.149723714510152 ], [ -72.323392080906473, 42.149360714666024 ], [ -72.318883082368373, 42.146354711902475 ], [ -72.316527086890744, 42.148244716772069 ], [ -72.31440908727761, 42.146552714921988 ], [ -72.313757085151977, 42.143959710516818 ], [ -72.311384086887685, 42.143260710602867 ], [ -72.308739091263917, 42.144737714898667 ], [ -72.302666097052537, 42.144192717429725 ], [ -72.297266103087679, 42.144530721233124 ], [ -72.296385103114147, 42.143695720147171 ], [ -72.293820106023546, 42.143895722026954 ], [ -72.290696107334341, 42.142060720286011 ], [ -72.284644112721978, 42.141151721983562 ], [ -72.281477116475813, 42.141547724579233 ], [ -72.28039611960908, 42.14341472890257 ], [ -72.274455126206831, 42.143748733026648 ], [ -72.272103099085271, 42.115988678403042 ], [ -72.270095076222148, 42.092521631821363 ], [ -72.270656147634853, 42.031713322447089 ], [ -72.317147960010786, 42.031906502977606 ], [ -72.321266753887244, 42.031968255603871 ], [ -72.321821026372405, 42.03197656575044 ], [ -72.366991666175977, 42.032653804075373 ], [ -72.376612956006383, 42.087095583228589 ], [ -72.379438970793643, 42.103133607603162 ], [ -72.388837014526388, 42.151341678103464 ], [ -72.389031015440835, 42.152343679530667 ] ] ] } },
{ "type": "Feature", "properties": { "STATEFP": "25", "COUNTYFP": "023", "COUSUBFP": "52630", "NAME": "Pembroke", "NAMELSAD": "Pembroke town", "GEOID": "2502352630" }, "geometry": { "type": "Polygon", "coordinates": [ [ [ -70.8468331901054, 42.052224406740521 ], [ -70.845468189115849, 42.054361394897157 ], [ -70.845831187594655, 42.05507339088264 ], [ -70.836826195079567, 42.059291367753673 ], [ -70.841009187346856, 42.060407361253979 ], [ -70.838220186775757, 42.06388534178005 ], [ -70.842765165614992, 42.074282283277363 ], [ -70.84389815984342, 42.077185267025008 ], [ -70.842661145683167, 42.088869201377257 ], [ -70.845462135554911, 42.092899179090793 ], [ -70.84335013643414, 42.094762168381692 ], [ -70.84059314127299, 42.094535169297544 ], [ -70.838100142560236, 42.096602157319921 ], [ -70.831449150997884, 42.098517145521846 ], [ -70.826653156594361, 42.100326134492832 ], [ -70.823088162266785, 42.100537132716575 ], [ -70.820006168698526, 42.099526138015712 ], [ -70.818643170775957, 42.099676136942506 ], [ -70.811697184347693, 42.09805314522896 ], [ -70.80974718635224, 42.099051139166036 ], [ -70.812294176123203, 42.10388311166389 ], [ -70.808648177974831, 42.107383090743284 ], [ -70.804955179671424, 42.111173067994663 ], [ -70.803851181200372, 42.1114770659876 ], [ -70.800571188936189, 42.109708075592131 ], [ -70.79992118725815, 42.112061061722308 ], [ -70.798439189424386, 42.112386059495321 ], [ -70.795048198728637, 42.109407076203752 ], [ -70.794004203105544, 42.107169089119267 ], [ -70.792675206514176, 42.106170094728107 ], [ -70.789705211256233, 42.106423092672635 ], [ -70.792314204031072, 42.108858078863491 ], [ -70.790232207816658, 42.108653079644988 ], [ -70.790529205675497, 42.110083071288756 ], [ -70.789683206431633, 42.110690067535181 ], [ -70.788060209821467, 42.110153070355629 ], [ -70.788548207704395, 42.111283063796094 ], [ -70.786717210838688, 42.111291063351629 ], [ -70.784861213212324, 42.112018058648516 ], [ -70.783008216412796, 42.112006058310534 ], [ -70.782100215207848, 42.114509043268313 ], [ -70.782877212481111, 42.11575503606668 ], [ -70.782306212366535, 42.116755030000974 ], [ -70.780941214745596, 42.116753029677845 ], [ -70.779359218719037, 42.115638035917016 ], [ -70.778399220072288, 42.115926033973722 ], [ -70.777122221393356, 42.116755028728704 ], [ -70.775090226458659, 42.115333036713785 ], [ -70.777282224744056, 42.113406048710203 ], [ -70.773038232267155, 42.11322104884831 ], [ -70.766550242625968, 42.114028042524829 ], [ -70.765721248378227, 42.109842067511316 ], [ -70.759469259315438, 42.109598067677432 ], [ -70.760520259844469, 42.107292081828895 ], [ -70.762297260808879, 42.103373105819543 ], [ -70.762329260815051, 42.103314106181074 ], [ -70.755245276224983, 42.099757126526818 ], [ -70.749717289468677, 42.0969771427146 ], [ -70.750365288013938, 42.095951148957582 ], [ -70.761427287489639, 42.078465256041213 ], [ -70.771970288645306, 42.061764356438609 ], [ -70.781446291004755, 42.046780444952496 ], [ -70.768722310882723, 42.045132456350316 ], [ -70.767240315824765, 42.042399472956021 ], [ -70.765068321373988, 42.039976487845706 ], [ -70.765061321579225, 42.039786488990259 ], [ -70.764932321879542, 42.039669489714498 ], [ -70.764994321949388, 42.039517490619659 ], [ -70.765102321829673, 42.039487490783294 ], [ -70.765108322061067, 42.039254492184561 ], [ -70.765230321965248, 42.039182492598542 ], [ -70.76532232204309, 42.038982493787366 ], [ -70.765442321955433, 42.038905494231507 ], [ -70.765521322024867, 42.038731495265651 ], [ -70.765490322347304, 42.038460496900989 ], [ -70.764894323366633, 42.038274498117133 ], [ -70.764719323759635, 42.038128499024594 ], [ -70.762887326273898, 42.038156499155825 ], [ -70.761440329489403, 42.036964506588866 ], [ -70.76091933169478, 42.035494515555939 ], [ -70.759174335356093, 42.034237523469159 ], [ -70.759636335977419, 42.032988530936251 ], [ -70.761521334984678, 42.031428539994351 ], [ -70.765382329858312, 42.031315539907212 ], [ -70.766066331839625, 42.0284995567037 ], [ -70.766806331204236, 42.028152558630609 ], [ -70.76883433128809, 42.025467574299533 ], [ -70.769493333980662, 42.02206359455591 ], [ -70.77552832485209, 42.023167586478827 ], [ -70.793338303835142, 42.020999594903614 ], [ -70.796726299875886, 42.020587596458306 ], [ -70.800385300411563, 42.016102621692461 ], [ -70.799330304715383, 42.013613636521804 ], [ -70.807252295490301, 42.012876638487178 ], [ -70.809677289410047, 42.015308623699532 ], [ -70.809390288108929, 42.016668615909524 ], [ -70.811856283733221, 42.017629609680668 ], [ -70.813734278824555, 42.019613597735017 ], [ -70.813403275008838, 42.023022578162454 ], [ -70.81497927173416, 42.023975572292585 ], [ -70.821369265231155, 42.022446579529195 ], [ -70.833464253167804, 42.019548592970352 ], [ -70.844767206315694, 42.042698460305921 ], [ -70.842194208840894, 42.043497456178294 ], [ -70.841072208512315, 42.044893448481425 ], [ -70.845805199676931, 42.046418439335824 ], [ -70.847145194384879, 42.04883842564373 ], [ -70.8468331901054, 42.052224406740521 ] ] ] } },
{ "type": "Feature", "properties": { "STATEFP": "25", "COUNTYFP": "021", "COUSUBFP": "02935", "NAME": "Avon", "NAMELSAD": "Avon town", "GEOID": "2502102935" }, "geometry": { "type": "Polygon", "coordinates": [ [ [ -71.070944884544843, 42.132181122760628 ], [ -71.065038867886855, 42.138722081396665 ], [ -71.063846863793827, 42.140473070958095 ], [ -71.056511833746313, 42.153814994342618 ], [ -71.053927834353019, 42.151195003041089 ], [ -71.040070839691765, 42.137170049260241 ], [ -71.035093836317074, 42.135634048781455 ], [ -71.027210831740931, 42.132939049248264 ], [ -71.027449838199573, 42.129567065922942 ], [ -71.026953848338479, 42.123734093309743 ], [ -71.021859852140921, 42.1187451091863 ], [ -71.025534858691358, 42.117293122133496 ], [ -71.034188873731324, 42.113872152686426 ], [ -71.041056885258641, 42.111169176931604 ], [ -71.044305890613245, 42.109878188478 ], [ -71.057766911911258, 42.104570236235858 ], [ -71.061256917217918, 42.103194248647874 ], [ -71.060335910621546, 42.106962228770783 ], [ -71.06765389221745, 42.124282156092249 ], [ -71.068326890643391, 42.125874149395592 ], [ -71.070944884544843, 42.132181122760628 ] ] ] } },
{ "type": "Feature", "properties": { "STATEFP": "25", "COUNTYFP": "021", "COUSUBFP": "50250", "NAME": "Norwood", "NAMELSAD": "Norwood town", "GEOID": "2502150250" }, "geometry": { "type": "Polygon", "coordinates": [ [ [ -71.235161082001937, 42.185780111308446 ], [ -71.231778076517898, 42.188989089771404 ], [ -71.224611064239497, 42.195752044419599 ], [ -71.218977053960344, 42.201069008855576 ], [ -71.218026052170174, 42.201975002817051 ], [ -71.210703037869933, 42.208835956981041 ], [ -71.198161013066184, 42.213479914733455 ], [ -71.196451009662226, 42.213890910108539 ], [ -71.190600998460084, 42.213649902614833 ], [ -71.190045997405036, 42.213607902000277 ], [ -71.18652799086199, 42.212973899957895 ], [ -71.182802983850152, 42.212623896170271 ], [ -71.178675976081266, 42.212300891643906 ], [ -71.162770951801051, 42.20176992070116 ], [ -71.16216095100576, 42.201239922438596 ], [ -71.157390944120323, 42.198469929117557 ], [ -71.154831940554374, 42.196941932896053 ], [ -71.156681944768138, 42.195482942991596 ], [ -71.157626946550948, 42.195291945377505 ], [ -71.160149954183424, 42.190037975506499 ], [ -71.160258955322902, 42.188469983524485 ], [ -71.162311959527969, 42.187235992833379 ], [ -71.163758961782861, 42.187548993470052 ], [ -71.162840961685788, 42.185066004514063 ], [ -71.165379967497501, 42.182231022607773 ], [ -71.164023965810642, 42.181302025188806 ], [ -71.165266968556935, 42.180016033541769 ], [ -71.167368972105223, 42.179738038160608 ], [ -71.167955973464942, 42.178970042914997 ], [ -71.166056970749324, 42.178365043034042 ], [ -71.167009972745049, 42.177504048817262 ], [ -71.163812968267109, 42.176434049266454 ], [ -71.165399971624069, 42.174928059260139 ], [ -71.163830970300722, 42.172947066772871 ], [ -71.168749978265822, 42.172315077535735 ], [ -71.167262977673062, 42.169177090983418 ], [ -71.168306979263718, 42.169163092669955 ], [ -71.169671981173494, 42.169470093241983 ], [ -71.17347398777197, 42.167778107629424 ], [ -71.1735579887754, 42.165971116840574 ], [ -71.176197992701802, 42.165969120948979 ], [ -71.177381995371192, 42.163950132943576 ], [ -71.177853995981309, 42.164136132741781 ], [ -71.178247995818936, 42.16581312491634 ], [ -71.180827999789102, 42.165484130578612 ], [ -71.182210002496689, 42.163860140904816 ], [ -71.186554009726322, 42.161522159450286 ], [ -71.188692012954377, 42.161127164774875 ], [ -71.186886013200819, 42.153264201613339 ], [ -71.194456024551087, 42.14991623041022 ], [ -71.201148031555206, 42.15837819810686 ], [ -71.20248203307635, 42.160064191653724 ], [ -71.204066035311499, 42.1602301932842 ], [ -71.20838804086749, 42.164132180237353 ], [ -71.209158041882418, 42.164875177665657 ], [ -71.211332044805772, 42.166966170430968 ], [ -71.212093045911175, 42.167220170321926 ], [ -71.213435047747211, 42.168702164877082 ], [ -71.220038057748468, 42.168405176614549 ], [ -71.221444059779657, 42.170462168324939 ], [ -71.221879060418985, 42.171096165770955 ], [ -71.226107066904447, 42.171801168713827 ], [ -71.233636079157264, 42.181393131376652 ], [ -71.238344086982494, 42.1827911314437 ], [ -71.235161082001937, 42.185780111308446 ] ] ] } },
{ "type": "Feature", "properties": { "STATEFP": "25", "COUNTYFP": "017", "COUSUBFP": "21990", "NAME": "Everett", "NAMELSAD": "Everett city", "GEOID": "2501721990" }, "geometry": { "type": "Polygon", "coordinates": [ [ [ -71.075988392923307, 42.39970553893545 ], [ -71.072807376638309, 42.403809534585456 ], [ -71.071297366310091, 42.406921532423077 ], [ -71.073552365834473, 42.409392534965782 ], [ -71.07199035678012, 42.411882532806793 ], [ -71.07319635699065, 42.412995534179529 ], [ -71.072825351953171, 42.414879533543598 ], [ -71.071124347940724, 42.414973531453647 ], [ -71.068133340926266, 42.415120527781404 ], [ -71.064540332530527, 42.415283523372729 ], [ -71.06227432697186, 42.41550452058339 ], [ -71.061542325123568, 42.415599519680697 ], [ -71.060484321990856, 42.415943518359811 ], [ -71.060131320759965, 42.416141517912706 ], [ -71.059855319634238, 42.41636951755747 ], [ -71.056813307770156, 42.418639513671437 ], [ -71.056568306836638, 42.418812513359974 ], [ -71.056046304884745, 42.419164512697996 ], [ -71.05458029967005, 42.420033510850068 ], [ -71.052833293247943, 42.421162508645814 ], [ -71.050663284864385, 42.42274750590289 ], [ -71.042793265959205, 42.423340496322425 ], [ -71.040934261562995, 42.423449494062865 ], [ -71.0282272314995, 42.424201478631964 ], [ -71.029319239116305, 42.421876480044546 ], [ -71.031086249957198, 42.418781482317087 ], [ -71.03172925448996, 42.417391483158681 ], [ -71.032566260501241, 42.415532484259863 ], [ -71.033181264831725, 42.414205485069886 ], [ -71.033442267255055, 42.413379485425907 ], [ -71.034910276115099, 42.410875487340256 ], [ -71.03562928047414, 42.409640488281809 ], [ -71.037097288939322, 42.407314490201912 ], [ -71.037743292605583, 42.406317491048391 ], [ -71.039075300164157, 42.404262492799113 ], [ -71.039487302505307, 42.403625493342155 ], [ -71.040568308587439, 42.401981494768812 ], [ -71.040887309820477, 42.401748495177117 ], [ -71.046148329851917, 42.398043501930665 ], [ -71.046161329901068, 42.398034501947407 ], [ -71.048145337465257, 42.396633504507925 ], [ -71.051945343773951, 42.397618509181093 ], [ -71.053297350014105, 42.396177510967398 ], [ -71.050002348675264, 42.393470507033399 ], [ -71.050695353516161, 42.391995507999553 ], [ -71.055295374744489, 42.387096514124039 ], [ -71.055524375208307, 42.387118514410993 ], [ -71.05739537900179, 42.387296516755178 ], [ -71.065695399156709, 42.386595527272974 ], [ -71.070896405446419, 42.388995533605815 ], [ -71.070696403658587, 42.389595533298298 ], [ -71.067082385621163, 42.394049528361663 ], [ -71.066944383738218, 42.394754528126747 ], [ -71.069322390698375, 42.394021531166395 ], [ -71.072696405457137, 42.390795535696839 ], [ -71.073496405014865, 42.391795536604029 ], [ -71.075586401985021, 42.39524653888045 ], [ -71.075996400335896, 42.396395539277435 ], [ -71.075988392923307, 42.39970553893545 ] ] ] } },
{ "type": "Feature", "properties": { "STATEFP": "25", "COUNTYFP": "023", "COUSUBFP": "18455", "NAME": "East Bridgewater", "NAMELSAD": "East Bridgewater town", "GEOID": "2502318455" }, "geometry": { "type": "Polygon", "coordinates": [ [ [ -70.989919967629106, 42.059487358590637 ], [ -70.982995963630941, 42.066595324239138 ], [ -70.980789962453272, 42.068858313195022 ], [ -70.975231966357441, 42.071178301791697 ], [ -70.962656996327723, 42.065622329412264 ], [ -70.951001022795793, 42.060875353628575 ], [ -70.929001046094584, 42.066248326875495 ], [ -70.912900072557747, 42.065019333607125 ], [ -70.908189085169695, 42.061727351079391 ], [ -70.9081080853977, 42.061663351420236 ], [ -70.90738709169311, 42.058535367958221 ], [ -70.906700097680329, 42.055550383761968 ], [ -70.902908130357815, 42.039097471254443 ], [ -70.899730157327127, 42.025299545128568 ], [ -70.897419160982778, 42.024941547569313 ], [ -70.896619164728349, 42.023285556587702 ], [ -70.896944171004918, 42.019149578562143 ], [ -70.897745174348898, 42.016449592736741 ], [ -70.898769185464261, 42.008817633074123 ], [ -70.899572193996505, 42.002975663889224 ], [ -70.899188182693294, 41.996371673948019 ], [ -70.899186182466508, 41.99632167386725 ], [ -70.90285617940161, 41.996589673270087 ], [ -70.909272170296816, 41.99622967096456 ], [ -70.910920170543491, 41.996719671175562 ], [ -70.913057169607683, 41.997076671030868 ], [ -70.914076174870075, 41.998552672612625 ], [ -70.91414617593297, 41.998814672923011 ], [ -70.917547172824172, 42.002428660514497 ], [ -70.917542168876281, 42.004735648462834 ], [ -70.918633165428702, 42.005955641727319 ], [ -70.920479161078092, 42.007145634916654 ], [ -70.925389151944998, 42.008861624425208 ], [ -70.926018151018013, 42.008939623822279 ], [ -70.930310147644732, 42.00779862835288 ], [ -70.934789141950574, 42.007847626660642 ], [ -70.939173137436512, 42.007309628002034 ], [ -70.939187137342941, 42.007351627782782 ], [ -70.942547134500884, 42.006608630479526 ], [ -70.953981121560645, 42.00591063024558 ], [ -70.965496102801538, 42.008213614971034 ], [ -70.979586079587008, 42.010999596813164 ], [ -70.983344039353611, 42.028652509480764 ], [ -70.983884033526607, 42.031187496996324 ], [ -70.986360006643977, 42.042814439917962 ], [ -70.986474005418927, 42.043340437342579 ], [ -70.987159997908364, 42.046568421553047 ], [ -70.989919967629106, 42.059487358590637 ] ] ] } },
{ "type": "Feature", "properties": { "STATEFP": "25", "COUNTYFP": "023", "COUSUBFP": "38855", "NAME": "Marshfield", "NAMELSAD": "Marshfield town", "GEOID": "2502338855" }, "geometry": { "type": "Polygon", "coordinates": [ [ [ -70.786347171510656, 42.146831853312669 ], [ -70.785311170154671, 42.149778835470933 ], [ -70.783525173296184, 42.149988833481984 ], [ -70.782445168879306, 42.155823798441332 ], [ -70.781963169180173, 42.156387794880331 ], [ -70.778772175292886, 42.156398793373569 ], [ -70.775655182550153, 42.155214799025842 ], [ -70.771591190436979, 42.155112797825382 ], [ -70.76836719762828, 42.154133802265584 ], [ -70.766185197660988, 42.158131777267869 ], [ -70.764648199943281, 42.158793772574143 ], [ -70.761810207294317, 42.156946782403729 ], [ -70.760191208090973, 42.159245767773427 ], [ -70.755392217207003, 42.159404764569473 ], [ -70.754177217824051, 42.161171753267183 ], [ -70.754320215761965, 42.162991742280312 ], [ -70.752395218595467, 42.163936735595072 ], [ -70.749463225115122, 42.165027728328816 ], [ -70.748369231355468, 42.164663731680797 ], [ -70.745585249478651, 42.161622752947032 ], [ -70.742396267379377, 42.161086759357197 ], [ -70.737058294768886, 42.162492756313277 ], [ -70.732954319242111, 42.160681771131479 ], [ -70.731336326327778, 42.162046764718681 ], [ -70.730156329640295, 42.164451751820629 ], [ -70.728648336594915, 42.16534274817954 ], [ -70.724157360645776, 42.165391752592974 ], [ -70.719685385419311, 42.164868760269364 ], [ -70.716684405563257, 42.162204778558483 ], [ -70.713282425565481, 42.161204787639726 ], [ -70.710439452772619, 42.153883831600496 ], [ -70.70889746396675, 42.152272842020047 ], [ -70.705319486199599, 42.150935852624833 ], [ -70.70209550403095, 42.151072854678844 ], [ -70.701345518394334, 42.145274887269352 ], [ -70.697188547493099, 42.142298906849923 ], [ -70.693980571657164, 42.139236925903433 ], [ -70.693164579250279, 42.137717934715496 ], [ -70.692060590253519, 42.135312948477818 ], [ -70.688312616821634, 42.132966963587947 ], [ -70.687293627224946, 42.13074897609431 ], [ -70.684403650147999, 42.127900993010456 ], [ -70.682975664122893, 42.125251007864449 ], [ -70.679466597831734, 42.126270760408147 ], [ -70.663932818750098, 42.108336104056505 ], [ -70.660226405285499, 42.105262807459063 ], [ -70.652028278198813, 42.098465054322176 ], [ -70.645095715649646, 42.09271668441275 ], [ -70.640171022534716, 42.088633206463101 ], [ -70.638482053288953, 42.081579240151115 ], [ -70.64401039542679, 42.078307986267163 ], [ -70.647351007381104, 42.076331265341139 ], [ -70.647705793694271, 42.073002846141669 ], [ -70.648003013125859, 42.072442284272412 ], [ -70.652392987220651, 42.0707532929179 ], [ -70.669010888975222, 42.063481331764386 ], [ -70.682762804688593, 42.057469366091404 ], [ -70.690718737245177, 42.06305533810383 ], [ -70.695861694409672, 42.066670319417625 ], [ -70.69660068881015, 42.066913318202396 ], [ -70.697447681982709, 42.067421315551044 ], [ -70.698483671890145, 42.069021306937373 ], [ -70.698446669479623, 42.070503298822025 ], [ -70.715632537174031, 42.079381250131817 ], [ -70.738471369041264, 42.091170179768127 ], [ -70.749717289468677, 42.0969771427146 ], [ -70.755245276224983, 42.099757126526818 ], [ -70.762329260815051, 42.103314106181074 ], [ -70.762297260808879, 42.103373105819543 ], [ -70.760520259844469, 42.107292081828895 ], [ -70.759469259315438, 42.109598067677432 ], [ -70.765721248378227, 42.109842067511316 ], [ -70.766550242625968, 42.114028042524829 ], [ -70.773038232267155, 42.11322104884831 ], [ -70.777282224744056, 42.113406048710203 ], [ -70.775090226458659, 42.115333036713785 ], [ -70.777122221393356, 42.116755028728704 ], [ -70.777817217994695, 42.11877001690619 ], [ -70.777561216220803, 42.120818004648463 ], [ -70.779300212434279, 42.121483001159142 ], [ -70.777898211167908, 42.124922980307474 ], [ -70.779503206354363, 42.126714970119522 ], [ -70.778823206355042, 42.127827963298749 ], [ -70.779243203629733, 42.129633952690305 ], [ -70.781242200022191, 42.129643953255552 ], [ -70.781847197157035, 42.131252943901757 ], [ -70.779874199520606, 42.132348936757118 ], [ -70.781402194280631, 42.134591923947873 ], [ -70.780625192871071, 42.137162908420287 ], [ -70.782999186184327, 42.139267896783089 ], [ -70.782916183646776, 42.141693882378064 ], [ -70.787779170954167, 42.144947865003971 ], [ -70.786347171510656, 42.146831853312669 ] ] ] } },
{ "type": "Feature", "properties": { "STATEFP": "25", "COUNTYFP": "001", "COUSUBFP": "16775", "NAME": "Dennis", "NAMELSAD": "Dennis town", "GEOID": "2500116775" }, "geometry": { "type": "Polygon", "coordinates": [ [ [ -70.24077827045565, 41.727528551057702 ], [ -70.234649283370473, 41.732042556373322 ], [ -70.216074314943356, 41.742981573862757 ], [ -70.206019441063219, 41.74635620759824 ], [ -70.189255342949977, 41.751982604683057 ], [ -70.183805341178825, 41.750580610306521 ], [ -70.180719756962191, 41.751163429208091 ], [ -70.14991136304495, 41.756982654985883 ], [ -70.141534370973702, 41.760072666561705 ], [ -70.121979372618696, 41.758841689027022 ], [ -70.121963438371637, 41.758846428071386 ], [ -70.12280337046279, 41.757765687567343 ], [ -70.125867368246517, 41.756930683546948 ], [ -70.129579363852784, 41.75503867822971 ], [ -70.130740360734663, 41.753537676117418 ], [ -70.131004356721164, 41.751457674795553 ], [ -70.133075356800873, 41.751777672446742 ], [ -70.13281635468104, 41.750633672199406 ], [ -70.135298353131532, 41.750167668955697 ], [ -70.140044347072021, 41.747827664019646 ], [ -70.144192343820038, 41.746807659413079 ], [ -70.145107339416072, 41.744808659149172 ], [ -70.145827338556202, 41.744493658409077 ], [ -70.140210303939909, 41.726897672645755 ], [ -70.133848263883365, 41.706137689021048 ], [ -70.132111253608102, 41.700715693370228 ], [ -70.128745233881176, 41.690206701777107 ], [ -70.127740227982571, 41.687040704293366 ], [ -70.120509186426915, 41.664373722274661 ], [ -70.119295179628025, 41.660600725266931 ], [ -70.117566001518313, 41.655283021955555 ], [ -70.117753911750455, 41.655243852863478 ], [ -70.136708508422458, 41.651292847441361 ], [ -70.14087814609772, 41.650423704115738 ], [ -70.157516283626791, 41.651772070606633 ], [ -70.158116138415195, 41.651820683264404 ], [ -70.168337132536905, 41.651998671173402 ], [ -70.168358485939876, 41.651995769370167 ], [ -70.187168115319551, 41.649439650166329 ], [ -70.193309638028737, 41.648271941817143 ], [ -70.195950107084656, 41.648206640400574 ], [ -70.197361108611375, 41.649272638269622 ], [ -70.196196119417337, 41.653741637650548 ], [ -70.194938122964686, 41.654978638580786 ], [ -70.189713132143879, 41.657681643534289 ], [ -70.186733142602847, 41.661593645319769 ], [ -70.184504146425425, 41.662737647445425 ], [ -70.181869154656212, 41.665783649217779 ], [ -70.179402163688763, 41.669262650608516 ], [ -70.177799166390969, 41.670092652141292 ], [ -70.174036168861477, 41.670279656511021 ], [ -70.171539174707959, 41.672344658567447 ], [ -70.166835188160533, 41.6774136619429 ], [ -70.165276191293813, 41.678493663325099 ], [ -70.162200195587218, 41.679756666430144 ], [ -70.162326200756951, 41.68220666522511 ], [ -70.159353207651819, 41.684742667667074 ], [ -70.159372208696951, 41.685238667431392 ], [ -70.160363209058346, 41.685638666081019 ], [ -70.161300213612591, 41.687990663954402 ], [ -70.164454211807779, 41.687862660255767 ], [ -70.1675812135217, 41.689362655884729 ], [ -70.169814220497329, 41.693083651611296 ], [ -70.169874221723887, 41.693663651288091 ], [ -70.170231229111621, 41.697153649347534 ], [ -70.1724932298185, 41.697950646300143 ], [ -70.178422238820204, 41.703271636891905 ], [ -70.182368242232116, 41.705588631153518 ], [ -70.178824251340927, 41.709055633880062 ], [ -70.182791256367537, 41.712069627800666 ], [ -70.184664257416486, 41.712881625195742 ], [ -70.185952256680324, 41.712780623694144 ], [ -70.191031259875771, 41.715111616566034 ], [ -70.198442264705648, 41.718520606144281 ], [ -70.198084265847683, 41.718965606376614 ], [ -70.197037272152897, 41.721582606471429 ], [ -70.200317275638199, 41.723647601600803 ], [ -70.20237627653556, 41.724366598798632 ], [ -70.203756273363155, 41.723192597661296 ], [ -70.20600327204545, 41.722971595053735 ], [ -70.20858827331746, 41.723931591508347 ], [ -70.209333271222405, 41.723137590968022 ], [ -70.212843272854272, 41.72439058617428 ], [ -70.213294270055158, 41.723251586145231 ], [ -70.215110273763813, 41.725130583107585 ], [ -70.217047272532412, 41.724896580878799 ], [ -70.218195266552414, 41.722508580578463 ], [ -70.219593265847749, 41.722424578932987 ], [ -70.220632269680692, 41.724222576864264 ], [ -70.220544273081913, 41.725661576316114 ], [ -70.221884273665552, 41.726111574495775 ], [ -70.223466270586741, 41.725038573077306 ], [ -70.226704272985941, 41.726539568488228 ], [ -70.229387277487334, 41.728831564202345 ], [ -70.230670277693747, 41.729102562529569 ], [ -70.231981275139475, 41.728217561353659 ], [ -70.23362426738781, 41.725207560755635 ], [ -70.236987265798803, 41.7250415567784 ], [ -70.239319267362049, 41.726034220175322 ], [ -70.239319269402344, 41.726881553116904 ], [ -70.24077827045565, 41.727528551057702 ] ] ] } },
{ "type": "Feature", "properties": { "STATEFP": "25", "COUNTYFP": "001", "COUSUBFP": "39100", "NAME": "Mashpee", "NAMELSAD": "Mashpee town", "GEOID": "2500139100" }, "geometry": { "type": "Polygon", "coordinates": [ [ [ -70.535890170880847, 41.641294171808582 ], [ -70.530504180001358, 41.644368173955584 ], [ -70.523175193374087, 41.650439172875281 ], [ -70.520805198716459, 41.654998166795842 ], [ -70.51934420170906, 41.656768165425149 ], [ -70.516394209290112, 41.664192154180107 ], [ -70.516086210582074, 41.666257150154649 ], [ -70.515497212544275, 41.668806145577364 ], [ -70.513440218003538, 41.673775138385366 ], [ -70.512207220684488, 41.675120137717066 ], [ -70.512037221024684, 41.675228137796573 ], [ -70.511783221565921, 41.675470137738358 ], [ -70.511569222057346, 41.675760137500461 ], [ -70.511316222628849, 41.676077137276764 ], [ -70.502711236185704, 41.672771160499636 ], [ -70.497157250009892, 41.670734174402938 ], [ -70.497460249124728, 41.671119173103698 ], [ -70.495240257209602, 41.671485175857946 ], [ -70.493653263781454, 41.673233174711058 ], [ -70.493852264963479, 41.676831166828705 ], [ -70.496770255085281, 41.67808715941613 ], [ -70.497048255779163, 41.681476151764819 ], [ -70.497200256228751, 41.683482147250906 ], [ -70.478220326645086, 41.685114175719555 ], [ -70.475553334620287, 41.682421185537528 ], [ -70.474925334232935, 41.678456194414387 ], [ -70.482171300326527, 41.665975207804316 ], [ -70.480554302889274, 41.66102422028348 ], [ -70.475371320053824, 41.659745230697112 ], [ -70.472326333525146, 41.663933227103598 ], [ -70.471112339206726, 41.665964225014214 ], [ -70.458737381177869, 41.6640412478366 ], [ -70.458464381929303, 41.663787248731019 ], [ -70.451059401907656, 41.656912272610413 ], [ -70.447897408747778, 41.652347285521891 ], [ -70.446559411463838, 41.650293291145417 ], [ -70.451712387279144, 41.642482297890304 ], [ -70.453238381525367, 41.641690297208079 ], [ -70.452557381285629, 41.638748303525205 ], [ -70.45436137570195, 41.639194300231345 ], [ -70.458476360713007, 41.637471297787826 ], [ -70.466304334653799, 41.637082287863464 ], [ -70.467580328397446, 41.63427229153929 ], [ -70.46644633170888, 41.633742294077386 ], [ -70.465682333710205, 41.633085296356633 ], [ -70.464568336981941, 41.63261329874183 ], [ -70.460990349302961, 41.633478301874689 ], [ -70.460386351363169, 41.633593302465883 ], [ -70.459728353646739, 41.633766303021616 ], [ -70.457748360659906, 41.634448304402824 ], [ -70.456458365317403, 41.634986305139037 ], [ -70.455991366304985, 41.634330306980218 ], [ -70.453056376385163, 41.634909309860355 ], [ -70.452675376289164, 41.633330313256295 ], [ -70.45106337677467, 41.627804325439222 ], [ -70.451072376519633, 41.627542325903121 ], [ -70.451174376080601, 41.627413326005119 ], [ -70.451247375802126, 41.627362326003173 ], [ -70.451266375679936, 41.627291326107532 ], [ -70.451250375699445, 41.627254326195455 ], [ -70.451085376138778, 41.627149326599671 ], [ -70.450997376327209, 41.62704032691132 ], [ -70.451011375710706, 41.626378328094603 ], [ -70.450086377250699, 41.624742332245475 ], [ -70.449010377609952, 41.621244339921446 ], [ -70.45041736924891, 41.616741346310732 ], [ -70.452641361624316, 41.615958345017965 ], [ -70.457340342723384, 41.610762348940973 ], [ -70.461050327839445, 41.606363352827891 ], [ -70.464982308607844, 41.596740366653876 ], [ -70.464823308926341, 41.596536367216288 ], [ -70.462521313480138, 41.593582375311009 ], [ -70.458592321107915, 41.588668388677746 ], [ -70.453008335368963, 41.586336398724839 ], [ -70.450923342216299, 41.587288399124709 ], [ -70.450361592891198, 41.587588444312352 ], [ -70.450690340903193, 41.584992403525682 ], [ -70.461278300112625, 41.57182041763118 ], [ -70.463693931844858, 41.569672502902563 ], [ -70.465092494642107, 41.568428938565368 ], [ -70.476256249692071, 41.55850243023383 ], [ -70.485571222298603, 41.554244431184372 ], [ -70.493244200897124, 41.552044429623969 ], [ -70.495170958815379, 41.551840443265938 ], [ -70.500004876310825, 41.551328675198 ], [ -70.52200907137285, 41.548999078916943 ], [ -70.522327160639136, 41.548965402634771 ], [ -70.528623154028438, 41.546721399783834 ], [ -70.528814054023385, 41.546852887879076 ], [ -70.527957154874869, 41.547477398898451 ], [ -70.527599156088016, 41.550382392740872 ], [ -70.517538171163096, 41.565346372216823 ], [ -70.515181174797306, 41.568395368627563 ], [ -70.51512717501376, 41.568811367779297 ], [ -70.514049176043997, 41.568492369950185 ], [ -70.513657176322539, 41.568133371275408 ], [ -70.512685177343158, 41.568093372682107 ], [ -70.512483177742183, 41.568554371940614 ], [ -70.512727177840915, 41.569460369612386 ], [ -70.512501178214492, 41.569788369197873 ], [ -70.509304183449046, 41.574068364196869 ], [ -70.507020186870875, 41.576146362836447 ], [ -70.506554188100225, 41.577771359952749 ], [ -70.506093188678022, 41.577903360312511 ], [ -70.504722190469593, 41.578449361053558 ], [ -70.50544319022076, 41.57972935726346 ], [ -70.502270196166023, 41.584753350920487 ], [ -70.499484203351912, 41.591064341195583 ], [ -70.498340207821727, 41.593349337526824 ], [ -70.497997209049913, 41.593791336951448 ], [ -70.522535177266789, 41.599253289193413 ], [ -70.525398173851286, 41.599897283427389 ], [ -70.530600172124394, 41.61708923623187 ], [ -70.533552170637506, 41.626840209082516 ], [ -70.539647164205917, 41.63721217492315 ], [ -70.535890170880847, 41.641294171808582 ] ] ] } },
{ "type": "Feature", "properties": { "STATEFP": "25", "COUNTYFP": "007", "COUSUBFP": "26325", "NAME": "Gosnold", "NAMELSAD": "Gosnold town", "GEOID": "2500726325" }, "geometry": { "type": "MultiPolygon", "coordinates": [ [ [ [ -70.807099970532349, 41.45857624239158 ], [ -70.802583969677627, 41.45928824349005 ], [ -70.801971972165404, 41.461912246020169 ], [ -70.802963975539086, 41.464870248742272 ], [ -70.801722977605934, 41.4672752510916 ], [ -70.798350978109056, 41.468806252706145 ], [ -70.792446976740152, 41.469289253444266 ], [ -70.789035978491071, 41.471934255962083 ], [ -70.787013982987432, 41.476687260221887 ], [ -70.784152983531072, 41.477960261378449 ], [ -70.779823981299387, 41.477070260676925 ], [ -70.77548898006404, 41.477098260771335 ], [ -70.771393984147764, 41.481782264652672 ], [ -70.770344987432978, 41.484945267211081 ], [ -70.767992990040497, 41.487788269446469 ], [ -70.761750988764121, 41.488076269490477 ], [ -70.757186991003422, 41.490986271550227 ], [ -70.75490099047262, 41.49101627147634 ], [ -70.75005699455798, 41.49543727447562 ], [ -70.747152001669988, 41.499889280638214 ], [ -70.743402003156604, 41.500956281431755 ], [ -70.737602003453361, 41.504261276623403 ], [ -70.735030005637597, 41.503783280889721 ], [ -70.730166009433006, 41.503176287964067 ], [ -70.726465009496891, 41.505625283951296 ], [ -70.722086009021581, 41.509272276916548 ], [ -70.718787008017685, 41.512874268995944 ], [ -70.715202008274758, 41.515466264705488 ], [ -70.710222008957999, 41.518915259368953 ], [ -70.707235010342671, 41.519947259491211 ], [ -70.702521014171055, 41.519644265746209 ], [ -70.700619013910952, 41.521779261272521 ], [ -70.698243016439974, 41.520890266715703 ], [ -70.700382017634197, 41.517330275320951 ], [ -70.699431021292426, 41.513593287938178 ], [ -70.694440024614707, 41.513949292320419 ], [ -70.692063027388755, 41.512525299285791 ], [ -70.687309030904899, 41.512347305016618 ], [ -70.682793032780197, 41.514305304043255 ], [ -70.678278034067972, 41.51733029996057 ], [ -70.676851035473334, 41.516797303142347 ], [ -70.67518803851442, 41.513949313471031 ], [ -70.674712039871508, 41.512347318759872 ], [ -70.677231039759718, 41.509755323753836 ], [ -70.681562038429121, 41.507269326559005 ], [ -70.685537036149555, 41.506668324137301 ], [ -70.689894034765004, 41.504529326019629 ], [ -70.693727030493406, 41.506830314926844 ], [ -70.698005029404726, 41.50451631751254 ], [ -70.702046027160037, 41.503982314912577 ], [ -70.707037025961199, 41.501490317463194 ], [ -70.706086025279532, 41.498108322017529 ], [ -70.704541024504465, 41.496810322881714 ], [ -70.709889016991369, 41.493657315447749 ], [ -70.712266011544003, 41.490630311137039 ], [ -70.717495006770307, 41.489384304808119 ], [ -70.722311002465986, 41.488279298966887 ], [ -70.725750000614255, 41.48843229537885 ], [ -70.734369993558957, 41.486891285108584 ], [ -70.739578984917642, 41.48236527638138 ], [ -70.747204975038727, 41.477810264797476 ], [ -70.752908975370602, 41.478701262320065 ], [ -70.756711976879856, 41.479057262551684 ], [ -70.759801975275053, 41.476920260890594 ], [ -70.760989971076128, 41.473002257850951 ], [ -70.757186967201051, 41.470687256231344 ], [ -70.755663962555644, 41.467146253647627 ], [ -70.75813795854188, 41.463029250380401 ], [ -70.761127957325883, 41.461112248676372 ], [ -70.766425958475253, 41.460527247769775 ], [ -70.767882955742593, 41.457685245371977 ], [ -70.776307958702631, 41.457664244529539 ], [ -70.780512956052277, 41.453894240902642 ], [ -70.784432953622328, 41.450333237361072 ], [ -70.790394951823146, 41.446535233196542 ], [ -70.796077954308487, 41.446793232610595 ], [ -70.799995955183846, 41.446167231462461 ], [ -70.805198961512545, 41.450381234731864 ], [ -70.806624966750448, 41.455013239006853 ], [ -70.807099970532349, 41.45857624239158 ] ] ], [ [ [ -70.840374977051141, 41.452875232961937 ], [ -70.838201979114544, 41.456012236654558 ], [ -70.832507978874759, 41.457951239329446 ], [ -70.828569976328538, 41.45672823842061 ], [ -70.822679974277804, 41.456783239077659 ], [ -70.820594975205694, 41.458507241050356 ], [ -70.816368971335407, 41.456082239016062 ], [ -70.812328967044436, 41.453232236627322 ], [ -70.808287961780223, 41.44949123347169 ], [ -70.809951959550688, 41.446640230467409 ], [ -70.808050957191327, 41.445037229189282 ], [ -70.810114956655966, 41.443692227563105 ], [ -70.814467960604688, 41.445928229106734 ], [ -70.822882963306711, 41.445311227230789 ], [ -70.830867962686455, 41.441295221758715 ], [ -70.836867965743153, 41.441968221491138 ], [ -70.841563974112503, 41.449134228671141 ], [ -70.840374977051141, 41.452875232961937 ] ] ], [ [ [ -70.903597984841269, 41.430782195220438 ], [ -70.901010986320173, 41.434453200756572 ], [ -70.8945659823043, 41.432742199737632 ], [ -70.887575979640829, 41.433230201790892 ], [ -70.882206976805165, 41.432564202015932 ], [ -70.880299980188241, 41.437969209280759 ], [ -70.872516978060276, 41.439360212412197 ], [ -70.868017978654052, 41.442354216853943 ], [ -70.863667977057048, 41.442542217786297 ], [ -70.860815978607604, 41.44574922206462 ], [ -70.857102980994441, 41.450253227905584 ], [ -70.854635978638726, 41.448600226299497 ], [ -70.855110975604703, 41.444859221871425 ], [ -70.855823972220207, 41.44058321676291 ], [ -70.85107096623473, 41.435950212244919 ], [ -70.849168964959034, 41.435415211994304 ], [ -70.848562962437299, 41.432844209182413 ], [ -70.853724960925675, 41.428505203102233 ], [ -70.857792960613523, 41.426000199254823 ], [ -70.86266296125612, 41.424115195870741 ], [ -70.871215963561696, 41.422085191320917 ], [ -70.88440496928277, 41.421498187298496 ], [ -70.889370972465485, 41.42263118754142 ], [ -70.896050974992477, 41.421826184825363 ], [ -70.90234697786687, 41.421718183112262 ], [ -70.905499981815495, 41.425253187198813 ], [ -70.903597984841269, 41.430782195220438 ] ] ], [ [ [ -70.925416007746236, 41.451732221244633 ], [ -70.923518008726617, 41.454366225307787 ], [ -70.920666007808038, 41.454553225896476 ], [ -70.917394005153994, 41.452339223097802 ], [ -70.915354004488805, 41.452477223539312 ], [ -70.915165003455172, 41.451034221514526 ], [ -70.920334003998505, 41.448889217773775 ], [ -70.921186002056928, 41.445393212609979 ], [ -70.925781006521589, 41.449585218057614 ], [ -70.925416007746236, 41.451732221244633 ] ] ], [ [ [ -70.949184996514063, 41.415776162162558 ], [ -70.943734993415021, 41.415014162483764 ], [ -70.941227994378366, 41.418766168913756 ], [ -70.94109899605553, 41.421739173489975 ], [ -70.937007996247146, 41.425268179840103 ], [ -70.932355993995373, 41.425068180631406 ], [ -70.929761995710777, 41.429744188162736 ], [ -70.927474995995681, 41.431811191695118 ], [ -70.923087993075342, 41.430248190332129 ], [ -70.919931988669646, 41.425633184364614 ], [ -70.914794985693618, 41.42469018422333 ], [ -70.909138981994502, 41.423089183330688 ], [ -70.908586981275164, 41.422417182530133 ], [ -70.908998980908564, 41.421604181296232 ], [ -70.912812982786022, 41.421733180525976 ], [ -70.919084986808031, 41.423382181330709 ], [ -70.923340988191981, 41.422463178964648 ], [ -70.926187987829792, 41.41979017434776 ], [ -70.929038986565601, 41.415589167408633 ], [ -70.937154988442472, 41.412093159893942 ], [ -70.948995992937967, 41.409551152496434 ], [ -70.950949995220455, 41.411882155567774 ], [ -70.949184996514063, 41.415776162162558 ] ] ] ] } },
{ "type": "Feature", "properties": { "STATEFP": "25", "COUNTYFP": "021", "COUSUBFP": "41690", "NAME": "Milton", "NAMELSAD": "Milton town", "GEOID": "2502141690" }, "geometry": { "type": "Polygon", "coordinates": [ [ [ -71.130749870627724, 42.227910742622448 ], [ -71.127420860805273, 42.231175721519108 ], [ -71.125477856093468, 42.231881715167596 ], [ -71.124587852234725, 42.234011703297639 ], [ -71.122602847558511, 42.234514697901169 ], [ -71.126377851279969, 42.239161680356027 ], [ -71.125670849413765, 42.239526677515883 ], [ -71.116529824828589, 42.244273640718752 ], [ -71.114563819447739, 42.245283632873857 ], [ -71.112057812521584, 42.246584622814673 ], [ -71.109347804966063, 42.247989611955774 ], [ -71.109465797671518, 42.252409601847432 ], [ -71.109544791127846, 42.255411601526944 ], [ -71.112392791508924, 42.258115605209731 ], [ -71.113009791619859, 42.258688606006807 ], [ -71.113260791656216, 42.258925606330209 ], [ -71.111460783461197, 42.26076860348627 ], [ -71.108405775781677, 42.261115599077449 ], [ -71.105001768789165, 42.260803594265099 ], [ -71.104062768776132, 42.259861593054673 ], [ -71.103672768206039, 42.259722592516745 ], [ -71.097899748093255, 42.26288158386307 ], [ -71.09748374669033, 42.263088583244006 ], [ -71.093908729552737, 42.267139577651641 ], [ -71.09373672917323, 42.267135577408162 ], [ -71.09025872242978, 42.266638572533857 ], [ -71.089403713676319, 42.269689570960431 ], [ -71.082761701038621, 42.268633561676559 ], [ -71.080852695190131, 42.269321558899016 ], [ -71.076492682692916, 42.270508552607119 ], [ -71.075246680346439, 42.270299550865985 ], [ -71.073264675833187, 42.270316548061167 ], [ -71.072044671961791, 42.270816546288188 ], [ -71.068140662738443, 42.270999540752896 ], [ -71.067815661120449, 42.271395540258098 ], [ -71.065097656629035, 42.270658536481257 ], [ -71.064695660302021, 42.268606536088129 ], [ -71.062189657874711, 42.267158532657113 ], [ -71.053836628883047, 42.271698520486076 ], [ -71.05349462641793, 42.27245751994942 ], [ -71.055575625329155, 42.275051522696394 ], [ -71.053284614693126, 42.277501519298241 ], [ -71.049802605501299, 42.278099514367391 ], [ -71.044880598481996, 42.276265507565462 ], [ -71.042782591883409, 42.277101504567533 ], [ -71.042270600059851, 42.272914504081612 ], [ -71.041635608711161, 42.268389503434406 ], [ -71.041730612603075, 42.266739503659899 ], [ -71.041672613169681, 42.266426503594808 ], [ -71.041459612982777, 42.266294503299697 ], [ -71.040249612182009, 42.265427501628039 ], [ -71.036983609907125, 42.26313749709967 ], [ -71.034279608026495, 42.261239493335687 ], [ -71.033119607218708, 42.260425491716795 ], [ -71.03187260634769, 42.25955148997366 ], [ -71.031388606011262, 42.259211489296348 ], [ -71.032078609492501, 42.258348490318873 ], [ -71.034969619572067, 42.256756494526741 ], [ -71.038855633140969, 42.254608500202416 ], [ -71.051271675063802, 42.247779529128515 ], [ -71.061090705275376, 42.242383569621076 ], [ -71.053246708580446, 42.229527620796162 ], [ -71.073388761679723, 42.221464689819435 ], [ -71.080163778724952, 42.218858712612899 ], [ -71.093189810475778, 42.213935756138206 ], [ -71.082727803050702, 42.204289787876405 ], [ -71.086864810814177, 42.204171794668184 ], [ -71.088307815772993, 42.202357805746594 ], [ -71.096431830797556, 42.2021728188776 ], [ -71.102957844341958, 42.200707835920937 ], [ -71.130662870526209, 42.227822742931764 ], [ -71.130749870627724, 42.227910742622448 ] ] ] } },
{ "type": "Feature", "properties": { "STATEFP": "25", "COUNTYFP": "003", "COUSUBFP": "77990", "NAME": "West Stockbridge", "NAMELSAD": "West Stockbridge town", "GEOID": "2500377990" }, "geometry": { "type": "Polygon", "coordinates": [ [ [ -73.431083478904881, 42.296089687777872 ], [ -73.414076646983844, 42.342399636540449 ], [ -73.411973782491813, 42.34812577894035 ], [ -73.410644159917354, 42.351746367975323 ], [ -73.39148270313963, 42.351777063910937 ], [ -73.340988573082214, 42.351876052231326 ], [ -73.350510601151512, 42.339414079243546 ], [ -73.352296611203982, 42.320110118086191 ], [ -73.358527627249572, 42.31957212039373 ], [ -73.364732643223732, 42.319034122690077 ], [ -73.365924662613821, 42.259145241497393 ], [ -73.365938662817584, 42.258527242722955 ], [ -73.375744687373015, 42.258532244117795 ], [ -73.376727689834965, 42.258531244260581 ], [ -73.378832695113033, 42.258506244611333 ], [ -73.380754699919109, 42.258533244833529 ], [ -73.402447754242374, 42.25854024792752 ], [ -73.400006744676887, 42.272512220344922 ], [ -73.415496781922542, 42.279778208698652 ], [ -73.415419778847038, 42.292019184997372 ], [ -73.431083478904881, 42.296089687777872 ] ] ] } },
{ "type": "Feature", "properties": { "STATEFP": "25", "COUNTYFP": "003", "COUSUBFP": "80685", "NAME": "Windsor", "NAMELSAD": "Windsor town", "GEOID": "2500380685" }, "geometry": { "type": "Polygon", "coordinates": [ [ [ -73.120263548545509, 42.493489751986644 ], [ -73.107865615955959, 42.536464738700445 ], [ -73.103776638331567, 42.550811736985203 ], [ -73.088557663396983, 42.548408738906517 ], [ -73.085423679406802, 42.559500737339512 ], [ -72.979035851373212, 42.541616747528479 ], [ -72.968582865912552, 42.54001174678406 ], [ -72.979283824319054, 42.497856758560431 ], [ -72.98647277099046, 42.466705786423844 ], [ -72.988125769022574, 42.466946786899022 ], [ -73.067947641137437, 42.480106775165872 ], [ -73.115161555372751, 42.487813760970234 ], [ -73.113707561069631, 42.49241575435336 ], [ -73.120263548545509, 42.493489751986644 ] ] ] } },
{ "type": "Feature", "properties": { "STATEFP": "25", "COUNTYFP": "017", "COUSUBFP": "76135", "NAME": "Westford", "NAMELSAD": "Westford town", "GEOID": "2501776135" }, "geometry": { "type": "Polygon", "coordinates": [ [ [ -71.4975725786597, 42.580323281969754 ], [ -71.494797428865638, 42.604368159357477 ], [ -71.493527347610495, 42.617403093629271 ], [ -71.465164358784932, 42.631007119937713 ], [ -71.422109395323062, 42.651634198858766 ], [ -71.417641400464348, 42.65377320973716 ], [ -71.414393476134492, 42.642279260047587 ], [ -71.410898556421103, 42.629918311961923 ], [ -71.407089642707319, 42.616431365991772 ], [ -71.405400680850306, 42.610392389257512 ], [ -71.401977748517382, 42.59980442997464 ], [ -71.400227800346599, 42.591078459499556 ], [ -71.397811849948624, 42.583062487699557 ], [ -71.397667852451889, 42.582667489117632 ], [ -71.390666000454459, 42.558045568527298 ], [ -71.388359048143087, 42.549948592659916 ], [ -71.384740114542225, 42.538698624984576 ], [ -71.395115107766657, 42.535410623118857 ], [ -71.399515105173052, 42.53401462287551 ], [ -71.423794094465393, 42.526188627787015 ], [ -71.428535069397483, 42.528803615007661 ], [ -71.444766979403056, 42.538043565146161 ], [ -71.468841838659387, 42.551745476633762 ], [ -71.477340786979724, 42.556569441294791 ], [ -71.477378786692853, 42.556599441090732 ], [ -71.480019770443832, 42.558093429690231 ], [ -71.481192736141722, 42.562996403416811 ], [ -71.481832717260772, 42.565687388874395 ], [ -71.48376466013903, 42.573787344541941 ], [ -71.498005600277622, 42.576861299844879 ], [ -71.4975725786597, 42.580323281969754 ] ] ] } },
{ "type": "Feature", "properties": { "STATEFP": "25", "COUNTYFP": "009", "COUSUBFP": "01185", "NAME": "Amesbury", "NAMELSAD": "Amesbury city", "GEOID": "2500901185" }, "geometry": { "type": "Polygon", "coordinates": [ [ [ -70.997439814920327, 42.864253908542437 ], [ -70.997237001001977, 42.864284941277802 ], [ -70.974722925350491, 42.867729840753242 ], [ -70.966498482371534, 42.868988270867142 ], [ -70.955659410536796, 42.873436409522171 ], [ -70.949197475148367, 42.876088259378513 ], [ -70.93169746669912, 42.884188250661666 ], [ -70.930797466279813, 42.884588250322132 ], [ -70.930563044876806, 42.884642751371615 ], [ -70.927627465556569, 42.885325249464813 ], [ -70.914897464550421, 42.886588247022551 ], [ -70.914884464579103, 42.88656324702611 ], [ -70.91459766201848, 42.886562442287783 ], [ -70.909374480567138, 42.872618248257673 ], [ -70.904844494375098, 42.86061424779259 ], [ -70.902627501147194, 42.854742247039482 ], [ -70.89983050964922, 42.847385245595909 ], [ -70.900039510346446, 42.846763245752179 ], [ -70.904196524760962, 42.833889249616455 ], [ -70.906690524820903, 42.833713251760074 ], [ -70.908309524808288, 42.833644253151753 ], [ -70.911788523633263, 42.83450925596896 ], [ -70.913773521546688, 42.836255257281067 ], [ -70.914776518069615, 42.839280257436599 ], [ -70.915687516451186, 42.84066825782439 ], [ -70.917636515654038, 42.841282259150205 ], [ -70.920840515760347, 42.841038261637934 ], [ -70.923300516909904, 42.839903263878078 ], [ -70.925220518434188, 42.838459265878257 ], [ -70.927919521657742, 42.835465269194792 ], [ -70.93145952514449, 42.832188273582418 ], [ -70.933886529690582, 42.828016277680433 ], [ -70.940292535439383, 42.822547286689336 ], [ -70.945750537193334, 42.820679293336106 ], [ -70.957865537517421, 42.819713306537892 ], [ -70.961456537093639, 42.819893310119284 ], [ -70.965747535582651, 42.821015313563692 ], [ -70.969178533732304, 42.82249531567718 ], [ -70.974760520325461, 42.834324309260737 ], [ -70.976693515748664, 42.838373306680026 ], [ -70.979791508429372, 42.844861302112648 ], [ -70.986486502628551, 42.849826301026333 ], [ -71.004637246102803, 42.863152621280754 ], [ -70.997439814920327, 42.864253908542437 ] ] ] } },
{ "type": "Feature", "properties": { "STATEFP": "25", "COUNTYFP": "009", "COUSUBFP": "45245", "NAME": "Newburyport", "NAMELSAD": "Newburyport city", "GEOID": "2500945245" }, "geometry": { "type": "Polygon", "coordinates": [ [ [ -70.940292535439383, 42.822547286689336 ], [ -70.933886529690582, 42.828016277680433 ], [ -70.93145952514449, 42.832188273582418 ], [ -70.927919521657742, 42.835465269194792 ], [ -70.925220518434188, 42.838459265878257 ], [ -70.923300516909904, 42.839903263878078 ], [ -70.920840515760347, 42.841038261637934 ], [ -70.917636515654038, 42.841282259150205 ], [ -70.915687516451186, 42.84066825782439 ], [ -70.914776518069615, 42.839280257436599 ], [ -70.913773521546688, 42.836255257281067 ], [ -70.911788523633263, 42.83450925596896 ], [ -70.908309524808288, 42.833644253151753 ], [ -70.906690524820903, 42.833713251760074 ], [ -70.904196524760962, 42.833889249616455 ], [ -70.897555526581826, 42.832617243951759 ], [ -70.894531528749525, 42.830866241242141 ], [ -70.890067534211823, 42.826308236774665 ], [ -70.884627537055493, 42.824106231201597 ], [ -70.880550539718385, 42.821998226710029 ], [ -70.877495542440059, 42.819790223023162 ], [ -70.873388547018493, 42.816030217525281 ], [ -70.873118547314007, 42.81578821715123 ], [ -70.870991548858754, 42.814564214389435 ], [ -70.866495550272049, 42.813590209001063 ], [ -70.863852550868657, 42.813222205872258 ], [ -70.849894552860363, 42.812290189567783 ], [ -70.848792552897876, 42.81232018833358 ], [ -70.842427552656019, 42.812887181512842 ], [ -70.835594551699586, 42.81409017478969 ], [ -70.827874549775174, 42.816163168120688 ], [ -70.823576548255971, 42.817694164964081 ], [ -70.819889546259745, 42.819594163003572 ], [ -70.815616546290158, 42.819795158775342 ], [ -70.81054506223812, 42.818778502294087 ], [ -70.808538552451296, 42.814941145662189 ], [ -70.808211336688316, 42.811674464434695 ], [ -70.84104357251087, 42.79590716710063 ], [ -70.863069564429537, 42.801517199550972 ], [ -70.868356565843641, 42.799966205709069 ], [ -70.875477567699988, 42.797909214356473 ], [ -70.875630567730298, 42.797873214548972 ], [ -70.8777755681553, 42.797368217263063 ], [ -70.890800570718241, 42.79429923435999 ], [ -70.893258569888118, 42.794868237779511 ], [ -70.897295566878796, 42.797250243331412 ], [ -70.89803456557398, 42.798349244321017 ], [ -70.905120566097054, 42.797440253776628 ], [ -70.917386576478592, 42.787469272690359 ], [ -70.920521572223564, 42.791026276233325 ], [ -70.930807558339765, 42.802690285784841 ], [ -70.931567554114153, 42.806403285101155 ], [ -70.929620551540125, 42.808810281729663 ], [ -70.930130549462845, 42.810627281563022 ], [ -70.931244548447083, 42.811465282487347 ], [ -70.931234545734654, 42.813879281416959 ], [ -70.930760545336028, 42.814261280722476 ], [ -70.934490542749643, 42.816350283862441 ], [ -70.940292535439383, 42.822547286689336 ] ] ] } },
{ "type": "Feature", "properties": { "STATEFP": "25", "COUNTYFP": "005", "COUSUBFP": "69170", "NAME": "Taunton", "NAMELSAD": "Taunton city", "GEOID": "2500569170" }, "geometry": { "type": "Polygon", "coordinates": [ [ [ -71.193893863759882, 41.910765861144355 ], [ -71.165049902932182, 41.931323861179351 ], [ -71.158772912121393, 41.935770859401295 ], [ -71.155409917402324, 41.938254858290989 ], [ -71.155190917868282, 41.93846485825933 ], [ -71.14407594240329, 41.949251855409877 ], [ -71.126126984264133, 41.966627845114481 ], [ -71.100855053733184, 41.993151819544046 ], [ -71.087158047404529, 41.990832795820289 ], [ -71.085332023644256, 41.982343791116634 ], [ -71.082439016633145, 41.979891786162632 ], [ -71.080661009231065, 41.977299783041929 ], [ -71.08032800413298, 41.975500782286403 ], [ -71.081083994987253, 41.972236782937784 ], [ -71.083106985760523, 41.968889785325274 ], [ -71.083764976646194, 41.965617785681808 ], [ -71.082546970567194, 41.963506783646167 ], [ -71.081206963976939, 41.961228781479711 ], [ -71.080524959114982, 41.959538780328437 ], [ -71.083532945733822, 41.954615783436594 ], [ -71.085451933843103, 41.950250785005991 ], [ -71.086275922823773, 41.946251785185687 ], [ -71.08976691175782, 41.942007788234633 ], [ -71.091874907932237, 41.940452790185375 ], [ -71.092699904092214, 41.93899379069294 ], [ -71.085751878753157, 41.93053378143415 ], [ -71.079580855792145, 41.923020774314075 ], [ -71.075715841130616, 41.918293770381261 ], [ -71.063654794486084, 41.903611760734435 ], [ -71.058084788583045, 41.902366757008437 ], [ -71.055504783937167, 41.901146755424492 ], [ -71.053887793443337, 41.904603753805119 ], [ -71.048406791716303, 41.904762749908365 ], [ -71.045309781482317, 41.901749748482757 ], [ -71.045453775549618, 41.899741749084292 ], [ -71.044288768619055, 41.897588748895977 ], [ -71.041711760095907, 41.895121748005813 ], [ -71.043470757652315, 41.89404374935345 ], [ -71.044205761556441, 41.895238749467453 ], [ -71.047241757666242, 41.893477751695862 ], [ -71.044768750615944, 41.891492750775349 ], [ -71.046861750216607, 41.891033752051165 ], [ -71.04868074519996, 41.889059753481476 ], [ -71.047681737654983, 41.886681753489704 ], [ -71.044554732203935, 41.885364752257772 ], [ -71.042530733881804, 41.886255751014303 ], [ -71.043323728665598, 41.884384751925076 ], [ -71.042204726866657, 41.883969751509198 ], [ -71.041074730303961, 41.88530075057416 ], [ -71.038729730572868, 41.885771749274568 ], [ -71.03777072839479, 41.885205748991865 ], [ -71.03761572289649, 41.883410749524884 ], [ -71.033778729954591, 41.886364746602894 ], [ -71.032082730263511, 41.886736745604864 ], [ -71.030025727097481, 41.886026744867785 ], [ -71.025457725691609, 41.886293742471885 ], [ -71.023544727149783, 41.887067741131624 ], [ -71.021762731822221, 41.888855739302272 ], [ -71.019882732438319, 41.889341738047683 ], [ -71.017782731499565, 41.88935873691711 ], [ -71.014853738792723, 41.892133733705244 ], [ -71.013107738827841, 41.892400732554876 ], [ -71.011875730864929, 41.890044733332495 ], [ -71.008620730812098, 41.890511731259409 ], [ -71.005839712661214, 41.8851927334333 ], [ -71.003455710980745, 41.885032732386769 ], [ -71.003597704651639, 41.883019733904568 ], [ -70.997727705888764, 41.884238725907274 ], [ -70.994983707694743, 41.88510771882482 ], [ -70.992113721951824, 41.889738709404043 ], [ -70.993725726967753, 41.89111971218307 ], [ -70.993630737545715, 41.894349710004853 ], [ -70.994453746531946, 41.897036710075668 ], [ -70.999705747171006, 41.896908721070218 ], [ -70.996966759222076, 41.90080171269927 ], [ -70.995813766995767, 41.903243708795607 ], [ -70.993912773494529, 41.905291703868897 ], [ -70.993152777225461, 41.906445701750378 ], [ -70.991849775929978, 41.906081699543215 ], [ -70.987256774664132, 41.905808691121017 ], [ -70.977163666263209, 41.875149679000558 ], [ -70.977169664676367, 41.87469667911558 ], [ -70.973717613777978, 41.860879672031743 ], [ -70.978308604284521, 41.857246686383263 ], [ -70.982739601288031, 41.855409700396798 ], [ -70.985779599054254, 41.854058710272405 ], [ -70.988042593277115, 41.851806718344555 ], [ -70.990454589487243, 41.850071726858516 ], [ -70.995905584182097, 41.847022746251263 ], [ -71.007455565819427, 41.838485765821488 ], [ -71.022224596650858, 41.845071761932651 ], [ -71.033354619314636, 41.850043760437153 ], [ -71.058295672591669, 41.862675761423148 ], [ -71.072191700904483, 41.869678765029732 ], [ -71.076446712652555, 41.872970766679281 ], [ -71.088502718480854, 41.872689770841539 ], [ -71.094200721339632, 41.872590772792307 ], [ -71.093594722157377, 41.873007772702266 ], [ -71.099743723943519, 41.872427774654128 ], [ -71.102871723199243, 41.871519775376598 ], [ -71.10311572267193, 41.871275775362058 ], [ -71.104321714820642, 41.868131774480943 ], [ -71.10491670295076, 41.863622772790038 ], [ -71.104275695086926, 41.860861771508759 ], [ -71.106838693710984, 41.859777771587837 ], [ -71.108685679483528, 41.854070769358579 ], [ -71.113288686730186, 41.855688770820528 ], [ -71.114712686613743, 41.855308770845369 ], [ -71.116015689190974, 41.85596977140051 ], [ -71.120758698082867, 41.858215773489398 ], [ -71.12261471387049, 41.863792777247838 ], [ -71.121381714707411, 41.864387777298219 ], [ -71.121311715521514, 41.864712777474608 ], [ -71.122836721006507, 41.866461778943439 ], [ -71.125882726271954, 41.867803780660168 ], [ -71.130419730300545, 41.868356782375393 ], [ -71.1306387354051, 41.870280783791493 ], [ -71.137200741750419, 41.871322786702677 ], [ -71.186788787975544, 41.87933881383865 ], [ -71.190730830266304, 41.896769839460276 ], [ -71.193893863759882, 41.910765861144355 ] ] ] } },
{ "type": "Feature", "properties": { "STATEFP": "25", "COUNTYFP": "017", "COUSUBFP": "80510", "NAME": "Winchester", "NAMELSAD": "Winchester town", "GEOID": "2501780510" }, "geometry": { "type": "Polygon", "coordinates": [ [ [ -71.189635534379974, 42.449829667708457 ], [ -71.175673490910071, 42.455312649999044 ], [ -71.16434345566212, 42.459757635777578 ], [ -71.15623744398043, 42.456916626926223 ], [ -71.153032424308364, 42.462494622056077 ], [ -71.152292419917373, 42.463715620951767 ], [ -71.150544414722816, 42.464294618810776 ], [ -71.146008401236756, 42.46580061326673 ], [ -71.13790237694289, 42.468580603388098 ], [ -71.133926365035109, 42.469941598564823 ], [ -71.123772334683366, 42.473394586315571 ], [ -71.11205630764745, 42.47381957282348 ], [ -71.109521301835869, 42.473894569908367 ], [ -71.11462233684037, 42.463337577349201 ], [ -71.119402369658033, 42.453444584450885 ], [ -71.121346384693382, 42.448669587495189 ], [ -71.124005401479124, 42.443826591422528 ], [ -71.121976406009196, 42.439785589668276 ], [ -71.125154414340841, 42.439232593543338 ], [ -71.127146419562052, 42.43888659597453 ], [ -71.128364427006858, 42.436778597783295 ], [ -71.129041431163856, 42.435598598793007 ], [ -71.129061431313886, 42.435551598824937 ], [ -71.129767432874146, 42.435558599668234 ], [ -71.130019433468078, 42.435544599972076 ], [ -71.145330467172371, 42.435755618246496 ], [ -71.145997468676981, 42.435748619045526 ], [ -71.149886477153714, 42.435839623678454 ], [ -71.155677490096124, 42.435832630604793 ], [ -71.164854510228167, 42.43598964154458 ], [ -71.173708529661241, 42.436136652096771 ], [ -71.182277548468988, 42.436278662306066 ], [ -71.177885529841404, 42.44020065613573 ], [ -71.182378532445171, 42.443498660688654 ], [ -71.183486533526164, 42.444116661852711 ], [ -71.18345953330838, 42.444186661803769 ], [ -71.183948534169687, 42.444288662358368 ], [ -71.185713536497673, 42.44500366427399 ], [ -71.189635534379974, 42.449829667708457 ] ] ] } },
{ "type": "Feature", "properties": { "STATEFP": "25", "COUNTYFP": "017", "COUSUBFP": "17825", "NAME": "Dunstable", "NAMELSAD": "Dunstable town", "GEOID": "2501717825" }, "geometry": { "type": "Polygon", "coordinates": [ [ [ -71.555528292055214, 42.678397929502061 ], [ -71.556052279438958, 42.68041892218401 ], [ -71.555694260319868, 42.682521911444631 ], [ -71.5563812518036, 42.684154906494328 ], [ -71.556752217341526, 42.688771887035273 ], [ -71.556444209145369, 42.6895508824148 ], [ -71.554300181900842, 42.691254866906753 ], [ -71.553109161544484, 42.692871855179007 ], [ -71.549358125430274, 42.694457834030423 ], [ -71.54779110269665, 42.696114820506338 ], [ -71.544391060262541, 42.698869794812637 ], [ -71.542536751068866, 42.702671106518856 ], [ -71.488099843593645, 42.701380975554429 ], [ -71.488033855568275, 42.701379412127167 ], [ -71.467552163538073, 42.700894147533518 ], [ -71.457686725950367, 42.70066040945445 ], [ -71.4563349974716, 42.695847869761074 ], [ -71.461032000591587, 42.691967862689374 ], [ -71.459576016055138, 42.690466876721274 ], [ -71.459234016690701, 42.690604877838055 ], [ -71.457026025916022, 42.690655888761668 ], [ -71.456120055876141, 42.686350911959167 ], [ -71.452087068255324, 42.687152928480202 ], [ -71.450281087070493, 42.685294945183372 ], [ -71.447961124804451, 42.680603975852456 ], [ -71.447284146087355, 42.677494991815799 ], [ -71.446417191648621, 42.670409024732116 ], [ -71.452342171643352, 42.669742000799438 ], [ -71.448617198654802, 42.667734025841412 ], [ -71.447834208483755, 42.666609033942187 ], [ -71.446955232411241, 42.66316705188045 ], [ -71.449753229342136, 42.661826045357692 ], [ -71.455437210675569, 42.661210023634737 ], [ -71.454929219346823, 42.660104030554812 ], [ -71.458682206779173, 42.659754016167746 ], [ -71.457187221032299, 42.658368028532266 ], [ -71.474783205921554, 42.64988799553268 ], [ -71.475901188320449, 42.652006980817802 ], [ -71.477152168551925, 42.654377964204642 ], [ -71.479483131526919, 42.658792932846119 ], [ -71.482510169401962, 42.651028959097488 ], [ -71.489028156542261, 42.649195942520976 ], [ -71.492459144219779, 42.649100929451734 ], [ -71.496295125365123, 42.649767910695893 ], [ -71.49648312443729, 42.649800909771535 ], [ -71.514968264452477, 42.643621972008333 ], [ -71.534295374197356, 42.648361003482982 ], [ -71.537135281404815, 42.663493938519707 ], [ -71.532407207566479, 42.66897689654138 ], [ -71.538857212802824, 42.674168892646534 ], [ -71.550066278513754, 42.675472924260916 ], [ -71.557395321112921, 42.676323945213554 ], [ -71.555528292055214, 42.678397929502061 ] ] ] } },
{ "type": "Feature", "properties": { "STATEFP": "25", "COUNTYFP": "001", "COUSUBFP": "23105", "NAME": "Falmouth", "NAMELSAD": "Falmouth town", "GEOID": "2500123105" }, "geometry": { "type": "Polygon", "coordinates": [ [ [ -70.686981018956715, 41.529490253373531 ], [ -70.683269019660699, 41.532900247442676 ], [ -70.680571189155145, 41.531474896102978 ], [ -70.679228024476885, 41.530765258644166 ], [ -70.676868427278649, 41.529293411475763 ], [ -70.676376027985043, 41.52898626731227 ], [ -70.67201202983388, 41.531779264145818 ], [ -70.668057032475787, 41.532900265527104 ], [ -70.668555029942851, 41.536461254445598 ], [ -70.666508029683712, 41.539958246646933 ], [ -70.658659034829711, 41.543385246308397 ], [ -70.656660736430865, 41.546385210634824 ], [ -70.65430203550109, 41.549926232881795 ], [ -70.655365030631458, 41.557498209702835 ], [ -70.653899028262074, 41.565160189582208 ], [ -70.649281032794534, 41.565807193934859 ], [ -70.648780031420685, 41.569870183023184 ], [ -70.642748036839436, 41.572385184156296 ], [ -70.641560823452295, 41.575643417586235 ], [ -70.641197054857756, 41.576641757942632 ], [ -70.640948036742472, 41.577325172732124 ], [ -70.642040033074494, 41.583066155016581 ], [ -70.642311283504867, 41.583643209583116 ], [ -70.652449010111539, 41.605210076625582 ], [ -70.65241818447069, 41.605541233667402 ], [ -70.65229933027932, 41.60681807339666 ], [ -70.651986008286158, 41.610184063075977 ], [ -70.646849013625484, 41.613502061641874 ], [ -70.646128011800045, 41.619716045134695 ], [ -70.6409482872794, 41.623859825779356 ], [ -70.640003018320584, 41.624616041179614 ], [ -70.64003119756066, 41.624691380346221 ], [ -70.641789013753367, 41.629391024819519 ], [ -70.646782003919711, 41.635028000570003 ], [ -70.646267004514314, 41.635412000342214 ], [ -70.643771008503066, 41.634816006212759 ], [ -70.642047010753359, 41.635566006984028 ], [ -70.644868004475612, 41.640217989073079 ], [ -70.646160002286692, 41.640703985497346 ], [ -70.652613993842635, 41.637828982763416 ], [ -70.653269992280258, 41.638981978343445 ], [ -70.65043699529447, 41.641662975475825 ], [ -70.650723992709445, 41.646129962206949 ], [ -70.648001218373992, 41.646406828076714 ], [ -70.645868691670984, 41.646623674499978 ], [ -70.64472500181067, 41.646739970844372 ], [ -70.640477007560563, 41.648913972083108 ], [ -70.633734018205828, 41.648932983770209 ], [ -70.630295006770453, 41.650620100616422 ], [ -70.626090029069005, 41.652682986791305 ], [ -70.62385103155313, 41.656259980954239 ], [ -70.621303035742471, 41.65610598589852 ], [ -70.62053303665968, 41.6572659841137 ], [ -70.62084084310348, 41.657442796093079 ], [ -70.615736044238261, 41.658251989999712 ], [ -70.614666045984094, 41.658283991824149 ], [ -70.613496047873355, 41.658401993596705 ], [ -70.602290066782714, 41.655322021714156 ], [ -70.591664084318865, 41.652299048336992 ], [ -70.567900122058845, 41.645534106780396 ], [ -70.539647164205917, 41.63721217492315 ], [ -70.533552170637506, 41.626840209082516 ], [ -70.530600172124394, 41.61708923623187 ], [ -70.525398173851286, 41.599897283427389 ], [ -70.522535177266789, 41.599253289193413 ], [ -70.497997209049913, 41.593791336951448 ], [ -70.498340207821727, 41.593349337526824 ], [ -70.499484203351912, 41.591064341195583 ], [ -70.502270196166023, 41.584753350920487 ], [ -70.50544319022076, 41.57972935726346 ], [ -70.504722190469593, 41.578449361053558 ], [ -70.506093188678022, 41.577903360312511 ], [ -70.506554188100225, 41.577771359952749 ], [ -70.507020186870875, 41.576146362836447 ], [ -70.509304183449046, 41.574068364196869 ], [ -70.512501178214492, 41.569788369197873 ], [ -70.512727177840915, 41.569460369612386 ], [ -70.512483177742183, 41.568554371940614 ], [ -70.512685177343158, 41.568093372682107 ], [ -70.513657176322539, 41.568133371275408 ], [ -70.514049176043997, 41.568492369950185 ], [ -70.51512717501376, 41.568811367779297 ], [ -70.515181174797306, 41.568395368627563 ], [ -70.517538171163096, 41.565346372216823 ], [ -70.527599156088016, 41.550382392740872 ], [ -70.527957154874869, 41.547477398898451 ], [ -70.528814054023385, 41.546852887879076 ], [ -70.532376151240271, 41.549306389136383 ], [ -70.538821145589324, 41.551256376431255 ], [ -70.546823137942596, 41.551411365852339 ], [ -70.547919680671043, 41.551148777516119 ], [ -70.559689125286994, 41.54833035690222 ], [ -70.560908767265431, 41.548203618125193 ], [ -70.561261380729036, 41.548166976389624 ], [ -70.570480640386549, 41.547208959492281 ], [ -70.573768112032653, 41.546867342780089 ], [ -70.57437130044508, 41.54663387016776 ], [ -70.580555105802432, 41.544240340898149 ], [ -70.586415100358423, 41.545430330575265 ], [ -70.588810109362086, 41.545322803355475 ], [ -70.593810093579066, 41.545098322202669 ], [ -70.601839086703848, 41.5420823201177 ], [ -70.607831080796188, 41.542670359606454 ], [ -70.611081078171779, 41.542989306303063 ], [ -70.616715201431518, 41.541805000109598 ], [ -70.617911215463451, 41.541553595108198 ], [ -70.622996523636644, 41.540484651244903 ], [ -70.633607059509217, 41.538254291601788 ], [ -70.633712608439325, 41.538192173637285 ], [ -70.633799682897745, 41.53814092832296 ], [ -70.641209933712801, 41.533779826164952 ], [ -70.64362705329259, 41.532357296105189 ], [ -70.65005891863386, 41.524172750563757 ], [ -70.654104051190458, 41.519025322031347 ], [ -70.654011052823876, 41.515905331110211 ], [ -70.656625051486998, 41.514779331466947 ], [ -70.66282804520759, 41.517953315364721 ], [ -70.664623139103981, 41.517953313358376 ], [ -70.668295041121368, 41.517953309254374 ], [ -70.67019603798056, 41.520801298718197 ], [ -70.673049034025524, 41.523648287043599 ], [ -70.678515031145096, 41.521512287179377 ], [ -70.68540802596111, 41.521335279894025 ], [ -70.687785022095781, 41.524182268552167 ], [ -70.686981018956715, 41.529490253373531 ] ] ] } },
{ "type": "Feature", "properties": { "STATEFP": "25", "COUNTYFP": "003", "COUSUBFP": "42460", "NAME": "Monterey", "NAMELSAD": "Monterey town", "GEOID": "2500342460" }, "geometry": { "type": "Polygon", "coordinates": [ [ [ -73.290053511056044, 42.200932192234468 ], [ -73.256796395459531, 42.241672236420406 ], [ -73.162093408633638, 42.196991103507003 ], [ -73.161969411987826, 42.178670084670117 ], [ -73.166789414022688, 42.162859073469214 ], [ -73.166170415156586, 42.157345067214287 ], [ -73.186718412024561, 42.155823086829294 ], [ -73.186300412562844, 42.153565084121119 ], [ -73.224465407646775, 42.148187118161111 ], [ -73.247076398518004, 42.168576161463697 ], [ -73.27170947337973, 42.16580915612851 ], [ -73.273242478385455, 42.166302156265822 ], [ -73.275111483795783, 42.168108157760187 ], [ -73.282770509009552, 42.16953715747114 ], [ -73.289136528670113, 42.172284159116252 ], [ -73.290668525302863, 42.183968172392106 ], [ -73.290053511056044, 42.200932192234468 ] ] ] } },
{ "type": "Feature", "properties": { "STATEFP": "25", "COUNTYFP": "027", "COUSUBFP": "01885", "NAME": "Ashburnham", "NAMELSAD": "Ashburnham town", "GEOID": "2502701885" }, "geometry": { "type": "Polygon", "coordinates": [ [ [ -71.986073499421977, 42.630015382841293 ], [ -71.985114426190833, 42.647234342457111 ], [ -71.98142913777501, 42.713294008387876 ], [ -71.981402134559346, 42.713293189227123 ], [ -71.955866681333703, 42.712778550004614 ], [ -71.929019548947636, 42.712237475146239 ], [ -71.92881114463043, 42.712233274982381 ], [ -71.898770183144208, 42.711421206319422 ], [ -71.897103211496187, 42.703727341622596 ], [ -71.877450337347028, 42.689285398250234 ], [ -71.869778391860905, 42.683646419529879 ], [ -71.865751392297, 42.684110424463491 ], [ -71.863754433910543, 42.679550435329851 ], [ -71.857757481836089, 42.674981451642488 ], [ -71.856393549129464, 42.667642466125848 ], [ -71.856814608977274, 42.66083547726091 ], [ -71.858483844582324, 42.633814521769125 ], [ -71.858659886361835, 42.629026529842278 ], [ -71.882034889231576, 42.619910520217459 ], [ -71.880601914732523, 42.617338526523589 ], [ -71.883629912276561, 42.616349525119745 ], [ -71.883051922310784, 42.615341527611207 ], [ -71.892139912717923, 42.612465523455064 ], [ -71.892895899992993, 42.613777520154621 ], [ -71.895974896772898, 42.612759518876672 ], [ -71.895295907934766, 42.611602521816096 ], [ -71.910661886850747, 42.606699515663067 ], [ -71.911409875857956, 42.607867512553355 ], [ -71.912929870830553, 42.607772511193083 ], [ -71.917618865403853, 42.605981510071196 ], [ -71.928022851264785, 42.602008507902625 ], [ -71.945815822161705, 42.594909505893028 ], [ -71.950569763999098, 42.601707486257169 ], [ -71.948807766341943, 42.602521486196288 ], [ -71.950194747468103, 42.604903479529234 ], [ -71.95172672676081, 42.607557472072656 ], [ -71.950305729163219, 42.608077472366169 ], [ -71.952118707807628, 42.610696464668678 ], [ -71.956446694346369, 42.610271461141309 ], [ -71.96102165650062, 42.614286447258898 ], [ -71.975902541471456, 42.627513400342316 ], [ -71.986107509227992, 42.627755388258549 ], [ -71.986073499421977, 42.630015382841293 ] ] ] } },
{ "type": "Feature", "properties": { "STATEFP": "25", "COUNTYFP": "015", "COUSUBFP": "62745", "NAME": "Southampton", "NAMELSAD": "Southampton town", "GEOID": "2501562745" }, "geometry": { "type": "Polygon", "coordinates": [ [ [ -72.814404786479031, 42.256818625192018 ], [ -72.741801914635786, 42.265779513184945 ], [ -72.735757917972478, 42.266517519126872 ], [ -72.736299926974795, 42.276538527507938 ], [ -72.725018933123934, 42.278087538495271 ], [ -72.721236933143629, 42.276343540227359 ], [ -72.717050935160401, 42.276627544050839 ], [ -72.712410936391294, 42.275807547331127 ], [ -72.708986933067735, 42.27035754572379 ], [ -72.707763932697333, 42.269328545928907 ], [ -72.706942933581487, 42.26993454714485 ], [ -72.700777935381382, 42.26892855167106 ], [ -72.69849893675493, 42.269376554017349 ], [ -72.697919935727569, 42.267883553306774 ], [ -72.695517934673546, 42.2654175534065 ], [ -72.697084932062197, 42.263169550210023 ], [ -72.698362931115881, 42.262727548725557 ], [ -72.698682929155609, 42.260607546717459 ], [ -72.697968928855857, 42.259883546760705 ], [ -72.699311926667789, 42.25803854406611 ], [ -72.701380924885015, 42.257057541421844 ], [ -72.696166924194657, 42.253470543165712 ], [ -72.693493923859592, 42.251624544080769 ], [ -72.682635918081814, 42.244156550217753 ], [ -72.684250914852143, 42.242646548187729 ], [ -72.684481914293315, 42.242371547875273 ], [ -72.685710910144536, 42.240189545936943 ], [ -72.687123906558128, 42.238416544020055 ], [ -72.686483902170508, 42.235529543438879 ], [ -72.686194901217945, 42.234855543419499 ], [ -72.685832898372468, 42.232995542992342 ], [ -72.685911894593787, 42.230699542020616 ], [ -72.686711886175601, 42.225788539433452 ], [ -72.686942884799677, 42.225019538945325 ], [ -72.687677881506161, 42.22324053765994 ], [ -72.667769895637718, 42.225455554687073 ], [ -72.67003288022272, 42.216503548784864 ], [ -72.690514863323557, 42.213075531547297 ], [ -72.686244826211222, 42.188828525286112 ], [ -72.686860816960348, 42.183389522745451 ], [ -72.703390811316922, 42.186278512884257 ], [ -72.726095803886039, 42.190206498744097 ], [ -72.766555777944049, 42.197234513820547 ], [ -72.781038761080922, 42.199748540960812 ], [ -72.782110786820851, 42.217270547759185 ], [ -72.791986771260909, 42.217301566564075 ], [ -72.793291795753376, 42.235273574766985 ], [ -72.793413797877975, 42.23685357551107 ], [ -72.812575762355877, 42.234953612663688 ], [ -72.813421774306221, 42.245003618299457 ], [ -72.814404786479031, 42.256818625192018 ] ] ] } },
{ "type": "Feature", "properties": { "STATEFP": "25", "COUNTYFP": "023", "COUSUBFP": "40850", "NAME": "Middleborough", "NAMELSAD": "Middleborough town", "GEOID": "2502340850" }, "geometry": { "type": "Polygon", "coordinates": [ [ [ -70.99977385198298, 41.929671696487695 ], [ -70.998294855435461, 41.930629693871843 ], [ -70.998210866293391, 41.933994691349511 ], [ -70.991521860501905, 41.931622684647927 ], [ -70.98954686233283, 41.932007681969282 ], [ -70.987347877363391, 41.936284677257078 ], [ -70.987259881428187, 41.937481676607511 ], [ -70.979223894616723, 41.940446666830738 ], [ -70.976063892168114, 41.939395663723921 ], [ -70.973391895531492, 41.94005266077307 ], [ -70.968518891839366, 41.938508655646039 ], [ -70.965650886458064, 41.93675165241698 ], [ -70.960429884774854, 41.93581764632637 ], [ -70.959310881295465, 41.934791644823157 ], [ -70.956291879200336, 41.933985641035306 ], [ -70.954297882224935, 41.93461563884442 ], [ -70.948287882428261, 41.934179631517139 ], [ -70.946713876860386, 41.932637628861791 ], [ -70.945950877853733, 41.932833628023332 ], [ -70.94368988682119, 41.934925626446109 ], [ -70.942641896992043, 41.937393626686628 ], [ -70.941054901871041, 41.938470625593823 ], [ -70.938626914994515, 41.941496625033331 ], [ -70.937775925076735, 41.943898625875541 ], [ -70.936674931890252, 41.94545362596137 ], [ -70.936528940221777, 41.947484627333665 ], [ -70.936776950250092, 41.949981629391367 ], [ -70.935839965324703, 41.953556631333932 ], [ -70.934368973154179, 41.955259631601045 ], [ -70.933935980666817, 41.957026632719675 ], [ -70.932061990421417, 41.959104633254718 ], [ -70.928238997414297, 41.960178631946775 ], [ -70.923780995490162, 41.959022628152198 ], [ -70.922837998413215, 41.959564628157132 ], [ -70.921790011552204, 41.962478630713797 ], [ -70.920380015337543, 41.9631306307055 ], [ -70.919623011272364, 41.962060629096406 ], [ -70.917414012140057, 41.961906627728681 ], [ -70.914723010006739, 41.960991625125224 ], [ -70.913549012186351, 41.961306624871639 ], [ -70.914810014956998, 41.962138626615328 ], [ -70.913436021264388, 41.963358627454284 ], [ -70.912484020926541, 41.963127626670413 ], [ -70.909854027463084, 41.964180626774223 ], [ -70.910828034846134, 41.966009629717924 ], [ -70.908534038248092, 41.966387629234241 ], [ -70.900598027561387, 41.962733619973761 ], [ -70.869128977497894, 41.94827756981563 ], [ -70.860883015951515, 41.95498857970609 ], [ -70.845645959815315, 41.942722533495704 ], [ -70.843563950194977, 41.940756525640985 ], [ -70.829827883424656, 41.927699468680821 ], [ -70.822341843700272, 41.920360433294853 ], [ -70.815504805931511, 41.913628398598632 ], [ -70.806889657785035, 41.888270287462433 ], [ -70.803649600648427, 41.878756243077994 ], [ -70.802481579699617, 41.875302226624818 ], [ -70.804695578391929, 41.874892230774144 ], [ -70.8117795744094, 41.873586244360851 ], [ -70.809184544581115, 41.868694219157241 ], [ -70.801551502046593, 41.862275172922637 ], [ -70.799004493793603, 41.861180161164143 ], [ -70.797198492961215, 41.861250156166591 ], [ -70.793926466709067, 41.857272130223933 ], [ -70.79366343973453, 41.852834111127329 ], [ -70.794849428609268, 41.850826106604195 ], [ -70.794466418586623, 41.849215098776995 ], [ -70.791514398053181, 41.846246076913992 ], [ -70.79022639629413, 41.846147072276473 ], [ -70.789802385607459, 41.844454063748856 ], [ -70.790842380476477, 41.843451062997794 ], [ -70.788411364387287, 41.841189045259611 ], [ -70.787885353375529, 41.839471036152396 ], [ -70.789714346044548, 41.837969036104916 ], [ -70.788942336145496, 41.836474027090794 ], [ -70.786812327247802, 41.835381014932395 ], [ -70.784560314787413, 41.833740999855614 ], [ -70.779937308638353, 41.833547982477498 ], [ -70.779028295747651, 41.831636970681792 ], [ -70.776329296889088, 41.832291963873118 ], [ -70.775065290900699, 41.831558955967346 ], [ -70.772342289258489, 41.83177294708716 ], [ -70.770260248864616, 41.825776911500036 ], [ -70.763179137369121, 41.809793807411829 ], [ -70.77174114382909, 41.808921838811109 ], [ -70.84453220083347, 41.800344116631742 ], [ -70.874569229356439, 41.796803239886522 ], [ -70.89640025234192, 41.794320332781702 ], [ -70.898644350312324, 41.814877376591411 ], [ -70.893777398388877, 41.826591377578055 ], [ -70.893694407393312, 41.828545380699389 ], [ -70.918705536885298, 41.851943500391052 ], [ -70.918729537422593, 41.852063500606128 ], [ -70.918891539982397, 41.852626501767794 ], [ -70.917131552216873, 41.855777500051779 ], [ -70.916815558150006, 41.857200500807963 ], [ -70.917748565407223, 41.85871650542326 ], [ -70.91626256960501, 41.859930502475528 ], [ -70.914541566901164, 41.859591496964626 ], [ -70.913276576331924, 41.861946496263101 ], [ -70.914318577296626, 41.862004499364367 ], [ -70.91504159658605, 41.866311506852547 ], [ -70.916742602206781, 41.867362512891894 ], [ -70.913182611346556, 41.869937506338943 ], [ -70.914616621536823, 41.872081512938294 ], [ -70.916327624591219, 41.87257051809631 ], [ -70.91643264345737, 41.876899523648355 ], [ -70.918766652307369, 41.878693531690296 ], [ -70.919205653927065, 41.87902353317218 ], [ -70.92309466214941, 41.880547544516411 ], [ -70.923477662954227, 41.880698545619403 ], [ -70.957501727942159, 41.894070632668786 ], [ -70.963344737915847, 41.896386645452935 ], [ -70.964761749281735, 41.899394648638122 ], [ -70.967133756463042, 41.901254653461223 ], [ -70.976661758262694, 41.901382672254414 ], [ -70.978855767425102, 41.903922675922296 ], [ -70.980102766466629, 41.903608678397369 ], [ -70.981114771283373, 41.904970679913646 ], [ -70.985492779233823, 41.907195687249121 ], [ -70.987256774664132, 41.905808691121017 ], [ -70.991849775929978, 41.906081699543215 ], [ -70.993152777225461, 41.906445701750378 ], [ -70.991150786001739, 41.909133696562243 ], [ -70.99197880741518, 41.91560269435525 ], [ -70.993279810180212, 41.916465695964554 ], [ -70.995082805173311, 41.914968699840102 ], [ -70.99713281062175, 41.916682702037519 ], [ -70.99739781615132, 41.918399701265038 ], [ -70.996919832674195, 41.923488697018385 ], [ -70.996448833718361, 41.923786696134535 ], [ -70.995533837998977, 41.925053693986285 ], [ -70.996752845276959, 41.927369694125247 ], [ -70.999629848158875, 41.9284656972061 ], [ -70.99977385198298, 41.929671696487695 ] ] ] } },
{ "type": "Feature", "properties": { "STATEFP": "25", "COUNTYFP": "017", "COUSUBFP": "77255", "NAME": "Weston", "NAMELSAD": "Weston town", "GEOID": "2501777255" }, "geometry": { "type": "Polygon", "coordinates": [ [ [ -71.335878664190318, 42.393941784690043 ], [ -71.334569660796973, 42.396113782965976 ], [ -71.321524689198171, 42.392682780802836 ], [ -71.317749696205368, 42.392168779861358 ], [ -71.315244696831371, 42.393479778339149 ], [ -71.313524692658973, 42.396279776292495 ], [ -71.312223695759627, 42.3958237761275 ], [ -71.311018692713091, 42.39784477468725 ], [ -71.30994169004525, 42.399632773422766 ], [ -71.299520702194741, 42.401273769477648 ], [ -71.293379709396376, 42.402240767204148 ], [ -71.283233732765268, 42.398982765650807 ], [ -71.282825731645218, 42.399727765202677 ], [ -71.279583738928949, 42.398751764640416 ], [ -71.276172757778454, 42.392915766017282 ], [ -71.26776177700701, 42.390140764372994 ], [ -71.275992797715688, 42.37588777299662 ], [ -71.276517799089817, 42.374964773577943 ], [ -71.273623806221281, 42.373735772974889 ], [ -71.270750820233545, 42.369513773543908 ], [ -71.270224823882089, 42.368269773825624 ], [ -71.273491824138191, 42.366105776016369 ], [ -71.271275833693338, 42.363372776198119 ], [ -71.269517837460867, 42.362843775671259 ], [ -71.268917845175068, 42.359880776576958 ], [ -71.264380863177877, 42.354887776508328 ], [ -71.260385871742784, 42.353632775186455 ], [ -71.258631882414605, 42.350051775679631 ], [ -71.260185884049633, 42.348377777002305 ], [ -71.259759889833376, 42.346110777622862 ], [ -71.261880895934752, 42.34215178008354 ], [ -71.260919899951105, 42.340981780043712 ], [ -71.258248903185176, 42.341189778661949 ], [ -71.255830911538496, 42.338995778244801 ], [ -71.258581912670024, 42.336833780382015 ], [ -71.259204915045331, 42.335418781203977 ], [ -71.26313891082458, 42.334902783392046 ], [ -71.264726910850257, 42.333943784562145 ], [ -71.265130915160597, 42.331829785569141 ], [ -71.268183913882851, 42.330578787639048 ], [ -71.270292910352296, 42.330863788629259 ], [ -71.269958917233978, 42.32808578954932 ], [ -71.281370908475495, 42.325225796839128 ], [ -71.291793900653715, 42.322601803685437 ], [ -71.30598189014357, 42.319068813266682 ], [ -71.317208882052952, 42.316256821084934 ], [ -71.327327874844826, 42.313745828291403 ], [ -71.327444856534598, 42.321113824098973 ], [ -71.328414835963187, 42.328927820093526 ], [ -71.328779828669411, 42.331682818681685 ], [ -71.332195749529205, 42.361755802610837 ], [ -71.332887733506197, 42.367817799292979 ], [ -71.334986684691742, 42.386236789045697 ], [ -71.335878664190318, 42.393941784690043 ] ] ] } },
{ "type": "Feature", "properties": { "STATEFP": "25", "COUNTYFP": "025", "COUSUBFP": "81005", "NAME": "Winthrop Town", "NAMELSAD": "Winthrop Town city", "GEOID": "2502581005" }, "geometry": { "type": "Polygon", "coordinates": [ [ [ -71.006123289164734, 42.376051452249548 ], [ -71.000206272119485, 42.377753444706556 ], [ -70.997994273297508, 42.378196441332342 ], [ -70.994648270985167, 42.38114943606589 ], [ -70.994634267466836, 42.382710436003961 ], [ -70.994239263577199, 42.384646435329351 ], [ -70.988281265363185, 42.387106425764863 ], [ -70.986621267343452, 42.387137423116911 ], [ -70.986053265762493, 42.388115422146285 ], [ -70.981479264923792, 42.39083841459253 ], [ -70.980509056408764, 42.391683012499421 ], [ -70.979791267623213, 42.390560411898676 ], [ -70.976300859707138, 42.389602835864736 ], [ -70.975796275100791, 42.389464405591639 ], [ -70.972836928056182, 42.389730664114772 ], [ -70.968605282254273, 42.390111393951443 ], [ -70.967273288549464, 42.388228392103606 ], [ -70.971773276037197, 42.385491480516812 ], [ -70.972513289905152, 42.385041400902551 ], [ -70.972706297680091, 42.381758401636411 ], [ -70.972547786561165, 42.381145895627029 ], [ -70.971573309860361, 42.377380400454008 ], [ -70.970474385399484, 42.375206977000339 ], [ -70.967338164549346, 42.369004242858161 ], [ -70.966627340728365, 42.367598394359874 ], [ -70.96921434538568, 42.364253398734327 ], [ -70.96878508931799, 42.361829519484964 ], [ -70.968034363582731, 42.357590397999914 ], [ -70.96687524206483, 42.3570557146722 ], [ -70.967048366620617, 42.356953396667606 ], [ -70.967257366025606, 42.357068396952648 ], [ -70.968935366373429, 42.355924399556272 ], [ -70.970024817754478, 42.355283432701214 ], [ -70.972406358045205, 42.35721940440105 ], [ -70.974540349966162, 42.359249407250907 ], [ -70.97537734139523, 42.362285408116477 ], [ -70.974005682757934, 42.364696924298677 ], [ -70.971284050698188, 42.369481831466842 ], [ -70.970660327782568, 42.370578399994663 ], [ -70.972828321520751, 42.371927403104024 ], [ -70.972967285864556, 42.371896377006756 ], [ -70.981003761813596, 42.370102100206587 ], [ -70.988128308651469, 42.368511426575729 ], [ -70.989318540164589, 42.369058080681363 ], [ -70.994590279830533, 42.37147930556123 ], [ -70.99722728665931, 42.372690440215379 ], [ -70.997853416669642, 42.372633709113366 ], [ -71.00024028405366, 42.372417444751513 ], [ -71.002822304229966, 42.365944448079347 ], [ -71.001620300261891, 42.364676488858692 ], [ -71.010363323177586, 42.365030457805133 ], [ -71.006123289164734, 42.376051452249548 ] ] ] } },
{ "type": "Feature", "properties": { "STATEFP": "25", "COUNTYFP": "021", "COUSUBFP": "11315", "NAME": "Canton", "NAMELSAD": "Canton town", "GEOID": "2502111315" }, "geometry": { "type": "Polygon", "coordinates": [ [ [ -71.177381995371192, 42.163950132943576 ], [ -71.176197992701802, 42.165969120948979 ], [ -71.1735579887754, 42.165971116840574 ], [ -71.17347398777197, 42.167778107629424 ], [ -71.169671981173494, 42.169470093241983 ], [ -71.168306979263718, 42.169163092669955 ], [ -71.167262977673062, 42.169177090983418 ], [ -71.168749978265822, 42.172315077535735 ], [ -71.163830970300722, 42.172947066772871 ], [ -71.165399971624069, 42.174928059260139 ], [ -71.163812968267109, 42.176434049266454 ], [ -71.167009972745049, 42.177504048817262 ], [ -71.166056970749324, 42.178365043034042 ], [ -71.167955973464942, 42.178970042914997 ], [ -71.167368972105223, 42.179738038160608 ], [ -71.165266968556935, 42.180016033541769 ], [ -71.164023965810642, 42.181302025188806 ], [ -71.165379967497501, 42.182231022607773 ], [ -71.162840961685788, 42.185066004514063 ], [ -71.163758961782861, 42.187548993470052 ], [ -71.162311959527969, 42.187235992833379 ], [ -71.160258955322902, 42.188469983524485 ], [ -71.160149954183424, 42.190037975506499 ], [ -71.157626946550948, 42.195291945377505 ], [ -71.156681944768138, 42.195482942991596 ], [ -71.154831940554374, 42.196941932896053 ], [ -71.152778936289806, 42.197866925170118 ], [ -71.146174919657724, 42.20447088224865 ], [ -71.145667917535491, 42.206071873500875 ], [ -71.148420922420982, 42.206385876060899 ], [ -71.14592291567412, 42.20922685814346 ], [ -71.144476912182355, 42.210242850914831 ], [ -71.142595907733465, 42.211390842382947 ], [ -71.143488908229585, 42.212971835833301 ], [ -71.142413904966162, 42.214524826490958 ], [ -71.142819904869896, 42.215671821377661 ], [ -71.141386899738293, 42.21867080430394 ], [ -71.142278901113272, 42.219167803149382 ], [ -71.140740896274096, 42.22145078949633 ], [ -71.14008089298666, 42.223930776167158 ], [ -71.137098884663018, 42.226727757845758 ], [ -71.134308878386932, 42.227395750416804 ], [ -71.132605875140243, 42.22710674934828 ], [ -71.1307718706598, 42.227925742580268 ], [ -71.130749870627724, 42.227910742622448 ], [ -71.130662870526209, 42.227822742931764 ], [ -71.102957844341958, 42.200707835920937 ], [ -71.091086837808149, 42.188728876929602 ], [ -71.088928836901061, 42.186551884340901 ], [ -71.072597832797868, 42.170108939868086 ], [ -71.06662583259039, 42.164056960186606 ], [ -71.0800378623575, 42.156588017651188 ], [ -71.088305879791506, 42.151981053221142 ], [ -71.0956258946362, 42.147906084778349 ], [ -71.104070908042303, 42.145903107972025 ], [ -71.117453928648715, 42.142729144818382 ], [ -71.124436939092689, 42.141070164103013 ], [ -71.131843949936865, 42.139311184588479 ], [ -71.131100945956206, 42.142800166071311 ], [ -71.131229945907762, 42.143043165067965 ], [ -71.131392946084247, 42.143079165147057 ], [ -71.134689949733684, 42.143740167077524 ], [ -71.135339952093034, 42.141918177169806 ], [ -71.138552956166549, 42.141908182309827 ], [ -71.138685957908692, 42.13995719223503 ], [ -71.139915959511214, 42.13987119461521 ], [ -71.140779962013326, 42.138061205003801 ], [ -71.144549966923577, 42.137697212810984 ], [ -71.149166971936225, 42.138612215582619 ], [ -71.149241972017492, 42.138628215621878 ], [ -71.163542988045037, 42.1414572241613 ], [ -71.162841984681947, 42.14570120178265 ], [ -71.164719986451416, 42.146887198802204 ], [ -71.171993993670682, 42.151524186984965 ], [ -71.176368997830963, 42.155360174568642 ], [ -71.175763996879368, 42.155599172419159 ], [ -71.177853995981309, 42.164136132741781 ], [ -71.177381995371192, 42.163950132943576 ] ] ] } },
{ "type": "Feature", "properties": { "STATEFP": "25", "COUNTYFP": "021", "COUSUBFP": "74175", "NAME": "Wellesley", "NAMELSAD": "Wellesley town", "GEOID": "2502174175" }, "geometry": { "type": "MultiPolygon", "coordinates": [ [ [ [ -71.299771014531402, 42.270515833555848 ], [ -71.298776014424789, 42.271061832578532 ], [ -71.298392014218948, 42.271341832168687 ], [ -71.297850012865467, 42.272182831375908 ], [ -71.297601012734461, 42.272363831111782 ], [ -71.296803013119685, 42.272606830429005 ], [ -71.295654014801983, 42.272483829673327 ], [ -71.299746016721073, 42.269612833979892 ], [ -71.299902014914295, 42.27028983376028 ], [ -71.299771014531402, 42.270515833555848 ] ] ], [ [ [ -71.327327874844826, 42.313745828291403 ], [ -71.317208882052952, 42.316256821084934 ], [ -71.30598189014357, 42.319068813266682 ], [ -71.291793900653715, 42.322601803685437 ], [ -71.281370908475495, 42.325225796839128 ], [ -71.269958917233978, 42.32808578954932 ], [ -71.265687924963245, 42.327241787602837 ], [ -71.263092931204682, 42.326051786660791 ], [ -71.258999936067596, 42.326340784357484 ], [ -71.258474939153388, 42.325299784447623 ], [ -71.257396942471388, 42.324481784155026 ], [ -71.254594944413313, 42.325285782357966 ], [ -71.25293794331084, 42.326755780964483 ], [ -71.249190952507433, 42.323637779333119 ], [ -71.24679995295412, 42.321060776959342 ], [ -71.246146951593332, 42.321012776095152 ], [ -71.240789939799612, 42.320897768913824 ], [ -71.238786933257003, 42.32179876593073 ], [ -71.234420925669852, 42.320808760358972 ], [ -71.231144918226278, 42.32084075593432 ], [ -71.228727916316743, 42.319277753149066 ], [ -71.228035920268297, 42.31683775294956 ], [ -71.227543922407392, 42.315399752715855 ], [ -71.229404924205269, 42.316458754916425 ], [ -71.229733924884798, 42.316485755353504 ], [ -71.233006932748438, 42.31626575985068 ], [ -71.245653981153652, 42.307444779830483 ], [ -71.255410999409023, 42.300631791361717 ], [ -71.259200000618179, 42.297975794661362 ], [ -71.266270002985792, 42.293032800985792 ], [ -71.269409004098875, 42.290836803866092 ], [ -71.271912004995997, 42.28909280619164 ], [ -71.279686007989895, 42.283649813604086 ], [ -71.294844014430126, 42.273051828829921 ], [ -71.295621011235056, 42.273998828928505 ], [ -71.299472004749418, 42.274757831269618 ], [ -71.299685000702667, 42.276341830644192 ], [ -71.297788996174546, 42.279207827938578 ], [ -71.297514992452577, 42.280908826929888 ], [ -71.298220989546849, 42.281761826998128 ], [ -71.300611984292814, 42.282724828148446 ], [ -71.304636989818576, 42.278357833076001 ], [ -71.309460989471432, 42.276057837602963 ], [ -71.308461003604421, 42.270708839672544 ], [ -71.321541931586978, 42.293685836172337 ], [ -71.321658930929615, 42.293893836130941 ], [ -71.323662919752891, 42.297414835421378 ], [ -71.326351899407072, 42.304288833162978 ], [ -71.326396899070787, 42.304401833125354 ], [ -71.329750873518392, 42.31299083013117 ], [ -71.327327874844826, 42.313745828291403 ] ] ] ] } },
{ "type": "Feature", "properties": { "STATEFP": "25", "COUNTYFP": "009", "COUSUBFP": "01465", "NAME": "Andover", "NAMELSAD": "Andover town", "GEOID": "2500901465" }, "geometry": { "type": "Polygon", "coordinates": [ [ [ -71.254966010344091, 42.657774876761181 ], [ -71.251716014390411, 42.660331893077256 ], [ -71.250112018492317, 42.660986900618816 ], [ -71.2441719958573, 42.661513891023091 ], [ -71.242489986875839, 42.662345888843468 ], [ -71.240396964216814, 42.666729889691737 ], [ -71.238178946754871, 42.669418888430201 ], [ -71.238031945790624, 42.669539888284199 ], [ -71.23773094380752, 42.669789887987093 ], [ -71.236963939193288, 42.670297887091088 ], [ -71.235606931133034, 42.671161885460954 ], [ -71.231517900267775, 42.675609882383888 ], [ -71.229366883021768, 42.678199880955326 ], [ -71.227720867222033, 42.680899880555458 ], [ -71.226073848389149, 42.684431880950129 ], [ -71.225401837486075, 42.686770881995805 ], [ -71.224806811488151, 42.693429887494069 ], [ -71.221173778983598, 42.69849588531401 ], [ -71.2198207688716, 42.699805883896907 ], [ -71.218172759302661, 42.700629881401326 ], [ -71.214947744084668, 42.70126087554511 ], [ -71.209941726369451, 42.700619864906947 ], [ -71.203417706023487, 42.69907585044507 ], [ -71.19536567617682, 42.698474833852295 ], [ -71.191958665389549, 42.697748826442002 ], [ -71.188861658805052, 42.696267819035853 ], [ -71.186064713749062, 42.679341799491183 ], [ -71.185510725003084, 42.675919795612636 ], [ -71.172532667177549, 42.67808077270265 ], [ -71.165721636508579, 42.679244760601506 ], [ -71.151212570780757, 42.68170673457648 ], [ -71.14999756762144, 42.681350732007935 ], [ -71.134537528128391, 42.676812699655848 ], [ -71.134451527954724, 42.676777699471792 ], [ -71.128826516883294, 42.674449687469412 ], [ -71.127503519679223, 42.672688683975714 ], [ -71.126834521035832, 42.671814682226241 ], [ -71.118755539307315, 42.661022661384195 ], [ -71.093255607031281, 42.626983600693407 ], [ -71.0761666612309, 42.60413556432654 ], [ -71.089364708151962, 42.603006584650963 ], [ -71.110995784447098, 42.601163617679092 ], [ -71.121359820755387, 42.600279633377674 ], [ -71.135455869709844, 42.599115654621578 ], [ -71.141202869951229, 42.603206666106161 ], [ -71.143196872648431, 42.604038669765863 ], [ -71.145941862993354, 42.608334676871657 ], [ -71.148652851164556, 42.613167684382269 ], [ -71.154418860993957, 42.615267695130299 ], [ -71.156563869170085, 42.614976698410032 ], [ -71.15861688424198, 42.612947700309874 ], [ -71.159516909029477, 42.607658698011953 ], [ -71.160666922347801, 42.605317698168335 ], [ -71.163908946792986, 42.601851700763149 ], [ -71.16487896549539, 42.598020699472677 ], [ -71.181348975621873, 42.608372733291475 ], [ -71.182022977540541, 42.608430734411932 ], [ -71.177494961017786, 42.608957727614438 ], [ -71.178387956558552, 42.610798730498708 ], [ -71.176115934061826, 42.614610729839235 ], [ -71.172959922222006, 42.615011725033206 ], [ -71.171757912145878, 42.616544724253487 ], [ -71.175995917668416, 42.618620732781416 ], [ -71.176212917968556, 42.6187237332176 ], [ -71.198950951107946, 42.629651780142858 ], [ -71.229261002194818, 42.644206846116845 ], [ -71.239065020397689, 42.648914868296067 ], [ -71.256188007747539, 42.657144871053916 ], [ -71.254966010344091, 42.657774876761181 ] ] ] } },
{ "type": "Feature", "properties": { "STATEFP": "25", "COUNTYFP": "009", "COUSUBFP": "57880", "NAME": "Rockport", "NAMELSAD": "Rockport town", "GEOID": "2500957880" }, "geometry": { "type": "MultiPolygon", "coordinates": [ [ [ [ -70.580284527818037, 42.636024097755701 ], [ -70.575087515312674, 42.639779100531896 ], [ -70.573376519114177, 42.639506102316631 ], [ -70.573508535303617, 42.636375104073394 ], [ -70.575647542432804, 42.634451103154234 ], [ -70.57870953773245, 42.634547100127435 ], [ -70.580284527818037, 42.636024097755701 ] ] ], [ [ [ -70.592188546103912, 42.629470089690734 ], [ -70.588244545464136, 42.630604092995107 ], [ -70.586818560305673, 42.628156095731889 ], [ -70.588036567860811, 42.62641209545405 ], [ -70.591606557296529, 42.627502091295462 ], [ -70.592188546103912, 42.629470089690734 ] ] ], [ [ [ -70.593680380076449, 42.660454072317535 ], [ -70.592950377206137, 42.661197072559489 ], [ -70.591063379350359, 42.661311074110316 ], [ -70.589251374423455, 42.662744074893219 ], [ -70.588104376642036, 42.662641075919794 ], [ -70.587567381297148, 42.661907076770852 ], [ -70.590000393209323, 42.658980076250209 ], [ -70.593091387001607, 42.659307073413466 ], [ -70.593680380076449, 42.660454072317535 ] ] ], [ [ [ -70.644017283907502, 42.664675027953578 ], [ -70.640618956519774, 42.685834952389989 ], [ -70.636291156172732, 42.690292026059424 ], [ -70.630076152779964, 42.6926980297225 ], [ -70.627319164024385, 42.69141003216761 ], [ -70.627242180305799, 42.688417033319531 ], [ -70.623254194649604, 42.686896036832785 ], [ -70.620850198651794, 42.686839038637196 ], [ -70.620506211185358, 42.684607039775571 ], [ -70.623698222688532, 42.681566038538634 ], [ -70.622704241519443, 42.678350040540394 ], [ -70.624058247241464, 42.676909040034097 ], [ -70.621474273578272, 42.672738043695212 ], [ -70.623574659438688, 42.667984181106782 ], [ -70.623908299635815, 42.667229043838724 ], [ -70.623882365365063, 42.667159294383445 ], [ -70.623456383502216, 42.666013628749759 ], [ -70.623400486506171, 42.665863295431386 ], [ -70.623157530023974, 42.665209871157721 ], [ -70.623000029711193, 42.664786278726709 ], [ -70.622839316696826, 42.664354045831416 ], [ -70.623926329762767, 42.661634045954393 ], [ -70.621631414981564, 42.659558024772757 ], [ -70.620718350047113, 42.658732049832125 ], [ -70.61892159465647, 42.658953028706868 ], [ -70.617986352197889, 42.659068052056703 ], [ -70.616126348262085, 42.660304053148764 ], [ -70.61489135051724, 42.660218054243821 ], [ -70.614733775803444, 42.660055366864469 ], [ -70.61347336041824, 42.658754056084533 ], [ -70.613262844591006, 42.658825950016826 ], [ -70.610498359293288, 42.659770058209013 ], [ -70.607174370599964, 42.658555061618429 ], [ -70.598584376023652, 42.659875068400531 ], [ -70.597420379150762, 42.659604069535341 ], [ -70.597451523944528, 42.659342810672442 ], [ -70.597600386901291, 42.658094070129131 ], [ -70.595051401308794, 42.656070073365377 ], [ -70.597460411555645, 42.653485072538544 ], [ -70.597102422771727, 42.65146707386112 ], [ -70.591741446059132, 42.648507080208113 ], [ -70.595864471993394, 42.642513079477823 ], [ -70.595408484244885, 42.640321081012068 ], [ -70.592404487550766, 42.640485083764993 ], [ -70.591468492366928, 42.639820084996117 ], [ -70.594013514200384, 42.635029085036741 ], [ -70.597817590348214, 42.634985782358505 ], [ -70.60323482640635, 42.634924116705676 ], [ -70.605126713081845, 42.634902580920723 ], [ -70.605610498988042, 42.634897073873454 ], [ -70.610831295111907, 42.632346386695851 ], [ -70.612224511478672, 42.631665712885898 ], [ -70.61590054864233, 42.629869737531919 ], [ -70.618419515031135, 42.628639064002527 ], [ -70.618007075805494, 42.626011949524376 ], [ -70.622664514897522, 42.627598060177661 ], [ -70.639757459813424, 42.633486041244431 ], [ -70.643080449072215, 42.63462303766805 ], [ -70.643156436448265, 42.636920036912642 ], [ -70.643785328919904, 42.656482030557115 ], [ -70.644017283907502, 42.664675027953578 ] ] ] ] } },
{ "type": "Feature", "properties": { "STATEFP": "25", "COUNTYFP": "017", "COUSUBFP": "30700", "NAME": "Holliston", "NAMELSAD": "Holliston town", "GEOID": "2501730700" }, "geometry": { "type": "Polygon", "coordinates": [ [ [ -71.502626770099866, 42.191416257700723 ], [ -71.496335777220054, 42.195058241873397 ], [ -71.48234580546054, 42.204035192712901 ], [ -71.479593810659139, 42.205559184050273 ], [ -71.460271846308018, 42.216251122621728 ], [ -71.463921851953131, 42.226718077586092 ], [ -71.467110852050382, 42.230773061488271 ], [ -71.458560863757384, 42.232110049164959 ], [ -71.446060880729121, 42.234068031020897 ], [ -71.431492900293463, 42.236356009678396 ], [ -71.420075915438261, 42.238122992946813 ], [ -71.41743691845025, 42.237957991741503 ], [ -71.416491918536863, 42.236677997014993 ], [ -71.413551920562441, 42.234815003544909 ], [ -71.412734918294035, 42.23074802198466 ], [ -71.413045917026949, 42.229639027403294 ], [ -71.412339916489998, 42.227885035106205 ], [ -71.410064918110081, 42.226397040444994 ], [ -71.409680916704374, 42.224014051348234 ], [ -71.408631916205593, 42.221718061380166 ], [ -71.410091912876197, 42.219816071327898 ], [ -71.41002291212007, 42.218749076283899 ], [ -71.409285912941158, 42.218611076418568 ], [ -71.407331915058336, 42.218164077159351 ], [ -71.401953919765376, 42.215420086355493 ], [ -71.403709917100244, 42.214861090192755 ], [ -71.402227917671837, 42.213131097327732 ], [ -71.398603920874748, 42.211207103945092 ], [ -71.397342921520163, 42.209892109306438 ], [ -71.397220920312151, 42.208057117894711 ], [ -71.393923923888124, 42.207089120279193 ], [ -71.39170692869962, 42.209742106231943 ], [ -71.389606930607414, 42.208614110175461 ], [ -71.388489931622644, 42.208005112321096 ], [ -71.388206929354183, 42.204303129715193 ], [ -71.380182938151606, 42.201759136586645 ], [ -71.384765925272063, 42.19201418593871 ], [ -71.40442789583436, 42.188433215035168 ], [ -71.403139893141486, 42.182610241664641 ], [ -71.402295891405714, 42.178794259138044 ], [ -71.423550861005239, 42.17813127469541 ], [ -71.423730861693343, 42.179253269580521 ], [ -71.426624857684644, 42.179312271008307 ], [ -71.430174852770321, 42.179386272753462 ], [ -71.444067829193187, 42.174889301601361 ], [ -71.464005784519429, 42.158199388905643 ], [ -71.472744770262096, 42.156873399534483 ], [ -71.478119762200407, 42.156782402776876 ], [ -71.478096764175376, 42.158661394301333 ], [ -71.47802777172295, 42.165871361787858 ], [ -71.493136750179531, 42.166210368607949 ], [ -71.49737874450976, 42.16664336902393 ], [ -71.502626770099866, 42.191416257700723 ] ] ] } },
{ "type": "Feature", "properties": { "STATEFP": "25", "COUNTYFP": "021", "COUSUBFP": "78972", "NAME": "Weymouth Town", "NAMELSAD": "Weymouth Town city", "GEOID": "2502178972" }, "geometry": { "type": "Polygon", "coordinates": [ [ [ -70.98067082133548, 42.13959296686577 ], [ -70.976758775340031, 42.16646583331913 ], [ -70.976478772213611, 42.168323824040371 ], [ -70.974062745464536, 42.184338743836278 ], [ -70.973636740730669, 42.187189729518572 ], [ -70.97171971984227, 42.199876665636793 ], [ -70.971701719594577, 42.200022664902939 ], [ -70.969457695328288, 42.214922589557467 ], [ -70.969071691328409, 42.21741157692874 ], [ -70.96768468806836, 42.220661559729564 ], [ -70.968090685508372, 42.221518555796656 ], [ -70.967022684319701, 42.223352545842403 ], [ -70.96372868905658, 42.224693536522537 ], [ -70.960891691163837, 42.226898523209549 ], [ -70.960384688835518, 42.228714513711331 ], [ -70.960374679520442, 42.233612489204297 ], [ -70.960491676421611, 42.23509848187242 ], [ -70.967991653745969, 42.237998473942227 ], [ -70.968591647708436, 42.240399462561484 ], [ -70.967124643609949, 42.244255442105995 ], [ -70.965410642686408, 42.24679042793489 ], [ -70.962131013572034, 42.246436160382771 ], [ -70.962127651044881, 42.246412426794564 ], [ -70.962051947033729, 42.246381219013031 ], [ -70.959495659225482, 42.245327429804455 ], [ -70.957457660144229, 42.247338417851431 ], [ -70.955368664915198, 42.247387415672662 ], [ -70.954840481584441, 42.247591611302603 ], [ -70.94922435051906, 42.249762807039914 ], [ -70.944554103173928, 42.251568331211928 ], [ -70.943172682897838, 42.252102390518267 ], [ -70.936164686277564, 42.256817382430071 ], [ -70.92722770511881, 42.257380373552351 ], [ -70.924830693740589, 42.263338369077516 ], [ -70.925897674922723, 42.269169368082856 ], [ -70.918236683916405, 42.271860359137122 ], [ -70.912932701442216, 42.269791354463955 ], [ -70.909421713543281, 42.268285351487258 ], [ -70.908286635883186, 42.264714682500191 ], [ -70.90899072597351, 42.264398352735107 ], [ -70.917390708734601, 42.263898361396997 ], [ -70.91819171789362, 42.260099363687139 ], [ -70.917081733404117, 42.25559936437417 ], [ -70.919320730841605, 42.254702366882015 ], [ -70.932435706344251, 42.252643380154886 ], [ -70.933491711186633, 42.249999381999871 ], [ -70.931191719053999, 42.248599387055563 ], [ -70.931019722221848, 42.247040394931297 ], [ -70.931110723160245, 42.246392398355177 ], [ -70.931290726460276, 42.244298409311504 ], [ -70.929591733219567, 42.242699416020777 ], [ -70.925790752320111, 42.236799443168955 ], [ -70.922390773092289, 42.229299479206354 ], [ -70.923751772202735, 42.22805448680208 ], [ -70.923490776538856, 42.225899497779373 ], [ -70.922090780703869, 42.225299499761135 ], [ -70.92049078340672, 42.225799495859917 ], [ -70.916334792819939, 42.225717492910277 ], [ -70.914745797390751, 42.225114494778467 ], [ -70.916264811291313, 42.214995548943982 ], [ -70.916997818040002, 42.210117574998598 ], [ -70.91868583374756, 42.198858634991034 ], [ -70.919458840997819, 42.193702662398209 ], [ -70.921168857156999, 42.182300722859601 ], [ -70.921367859038682, 42.180979729851849 ], [ -70.923324877761644, 42.167935798744793 ], [ -70.924877892791102, 42.157579853251306 ], [ -70.928462888352115, 42.156183862107213 ], [ -70.934566880924564, 42.153791877143405 ], [ -70.940768873506002, 42.151364892247976 ], [ -70.948963863914798, 42.148155911976659 ], [ -70.954645857388485, 42.145938925454786 ], [ -70.970875839421922, 42.139579963361946 ], [ -70.977437832417081, 42.137010978373375 ], [ -70.981270828394287, 42.135510987057714 ], [ -70.98067082133548, 42.13959296686577 ] ] ] } },
{ "type": "Feature", "properties": { "STATEFP": "25", "COUNTYFP": "013", "COUSUBFP": "72390", "NAME": "Wales", "NAMELSAD": "Wales town", "GEOID": "2501372390" }, "geometry": { "type": "Polygon", "coordinates": [ [ [ -72.270095076222148, 42.092521631821363 ], [ -72.192674239073156, 42.091543699080134 ], [ -72.193041233826108, 42.087986691265023 ], [ -72.191890232884774, 42.084887686044077 ], [ -72.192775227085235, 42.081920678899515 ], [ -72.193752224228561, 42.08154467705873 ], [ -72.193075223297811, 42.079417673354079 ], [ -72.192689216780551, 42.073300661013079 ], [ -72.193647208353383, 42.068290649522723 ], [ -72.193612206692364, 42.066856646569242 ], [ -72.196885194245141, 42.063089635149431 ], [ -72.197465189328298, 42.060168628420683 ], [ -72.199263181318798, 42.0570836200203 ], [ -72.199622177477778, 42.054596614435269 ], [ -72.19867217770738, 42.052909611949531 ], [ -72.196145180776625, 42.050490609660031 ], [ -72.196497177124158, 42.048158604408123 ], [ -72.201099161672332, 42.044317591352304 ], [ -72.201677157608557, 42.042051585985618 ], [ -72.201654154780343, 42.03963858096995 ], [ -72.198233157427296, 42.035202575460161 ], [ -72.198832271773469, 42.031010610286472 ], [ -72.205080920102304, 42.031086409145196 ], [ -72.241290207967694, 42.031525643775694 ], [ -72.249523034521104, 42.03162551159437 ], [ -72.270656147634853, 42.031713322447089 ], [ -72.270095076222148, 42.092521631821363 ] ] ] } },
{ "type": "Feature", "properties": { "STATEFP": "25", "COUNTYFP": "017", "COUSUBFP": "35215", "NAME": "Lexington", "NAMELSAD": "Lexington town", "GEOID": "2501735215" }, "geometry": { "type": "Polygon", "coordinates": [ [ [ -71.272695608090302, 42.45970373799652 ], [ -71.267654599450822, 42.467161734563362 ], [ -71.265314595560284, 42.470600733060294 ], [ -71.264787594615171, 42.471407732716642 ], [ -71.263310592159044, 42.473590731797358 ], [ -71.262424590688084, 42.4749027312549 ], [ -71.261515589192285, 42.476245730707241 ], [ -71.25669359256247, 42.478455729659935 ], [ -71.251986585930538, 42.485014727222911 ], [ -71.244177568519788, 42.488538719446254 ], [ -71.240906557914272, 42.490012715293588 ], [ -71.223402551611585, 42.475558699876302 ], [ -71.223204551540988, 42.475394699698228 ], [ -71.213376547952521, 42.46728569074299 ], [ -71.212243547539885, 42.466349689697402 ], [ -71.21022353317062, 42.47072668614863 ], [ -71.204317531023349, 42.465844680674877 ], [ -71.206967541933366, 42.463623684345563 ], [ -71.206141541531366, 42.462985683561719 ], [ -71.202131539655639, 42.459853679745905 ], [ -71.198446537914649, 42.4569816762085 ], [ -71.19601153858531, 42.454274674065068 ], [ -71.195413538795222, 42.453589673541224 ], [ -71.193236536074622, 42.452642671230528 ], [ -71.190566535048717, 42.450454668647332 ], [ -71.189635534379974, 42.449829667708457 ], [ -71.185713536497673, 42.44500366427399 ], [ -71.183948534169687, 42.444288662358368 ], [ -71.18345953330838, 42.444186661803769 ], [ -71.183486533526164, 42.444116661852711 ], [ -71.182378532445171, 42.443498660688654 ], [ -71.177885529841404, 42.44020065613573 ], [ -71.182277548468988, 42.436278662306066 ], [ -71.184768560791156, 42.433274666016025 ], [ -71.189405582330082, 42.428306672818728 ], [ -71.191548592181007, 42.426057675971293 ], [ -71.192640597086367, 42.424962677569646 ], [ -71.19282959791623, 42.424781677844443 ], [ -71.195676610407972, 42.422059681993517 ], [ -71.199907629679174, 42.417702688279633 ], [ -71.202612642208948, 42.414825692348487 ], [ -71.203178644707052, 42.414278693187711 ], [ -71.207603664742464, 42.409779699837955 ], [ -71.211261681280021, 42.406073705371512 ], [ -71.215910688238949, 42.407598710678833 ], [ -71.23291571367011, 42.413178729931808 ], [ -71.256987722832989, 42.421079749893053 ], [ -71.267230698713888, 42.424437750985057 ], [ -71.266150687831555, 42.429915748653904 ], [ -71.266669682193495, 42.431996747962202 ], [ -71.269018658734737, 42.440493745105258 ], [ -71.270520638110497, 42.448332742259296 ], [ -71.270955632108041, 42.450610741417918 ], [ -71.271244628139172, 42.452114740859166 ], [ -71.272695608090302, 42.45970373799652 ] ] ] } },
{ "type": "Feature", "properties": { "STATEFP": "25", "COUNTYFP": "005", "COUSUBFP": "02690", "NAME": "Attleboro", "NAMELSAD": "Attleboro city", "GEOID": "2500502690" }, "geometry": { "type": "Polygon", "coordinates": [ [ [ -71.381700627319958, 41.89375262462007 ], [ -71.381700632611157, 41.897062884285283 ], [ -71.381700643058508, 41.903598897944697 ], [ -71.381700660739796, 41.914660574287943 ], [ -71.381700660989694, 41.914816921388891 ], [ -71.37285068455266, 41.91971893103932 ], [ -71.353050738889465, 41.931029953220452 ], [ -71.352805739569462, 41.931168953491806 ], [ -71.352361740804199, 41.931421953985797 ], [ -71.340355774504289, 41.938280967346472 ], [ -71.335958786971986, 41.940786972210894 ], [ -71.33271579691592, 41.943033976618558 ], [ -71.307858874716274, 41.960248010192871 ], [ -71.296414911467764, 41.968164025517517 ], [ -71.291074928829502, 41.971862032652474 ], [ -71.268740002804378, 41.987301062268095 ], [ -71.260361996321024, 41.975675037742832 ], [ -71.25928999550429, 41.974217034670701 ], [ -71.25558899317474, 41.96946602465048 ], [ -71.243383971122114, 41.953845984026344 ], [ -71.237109953301001, 41.94584896100568 ], [ -71.235636949018968, 41.943956955736525 ], [ -71.208162864814994, 41.908852869180052 ], [ -71.222494877613656, 41.912244885828223 ], [ -71.255509870732965, 41.908628900538751 ], [ -71.268505845289312, 41.907196898425617 ], [ -71.300719782777676, 41.903661893154215 ], [ -71.312177760235357, 41.902136890705528 ], [ -71.321710741573199, 41.900870888663469 ], [ -71.32555273406777, 41.900356887829972 ], [ -71.338787708326038, 41.898593884962587 ], [ -71.338763201738743, 41.898392053721579 ], [ -71.339763895736226, 41.898270549131702 ], [ -71.345875603811521, 41.897528463554302 ], [ -71.349054323724246, 41.897142502351166 ], [ -71.352699681364513, 41.896699881843801 ], [ -71.354519503587085, 41.896517899008437 ], [ -71.354699677624794, 41.896499881544017 ], [ -71.362499662865716, 41.895599880121964 ], [ -71.36469965880039, 41.895399879832034 ], [ -71.365399657447398, 41.895299879663959 ], [ -71.370999646803483, 41.89459987852586 ], [ -71.371190973017221, 41.8945862123254 ], [ -71.373799641734934, 41.894399878268658 ], [ -71.376352980882743, 41.894035244442044 ], [ -71.376497034264233, 41.894014672660305 ], [ -71.376600636345316, 41.893999877593508 ], [ -71.38152998115865, 41.893226644196986 ], [ -71.381700626436412, 41.893199876212108 ], [ -71.381700627319958, 41.89375262462007 ] ] ] } },
{ "type": "Feature", "properties": { "STATEFP": "25", "COUNTYFP": "023", "COUSUBFP": "39450", "NAME": "Mattapoisett", "NAMELSAD": "Mattapoisett town", "GEOID": "2502339450" }, "geometry": { "type": "Polygon", "coordinates": [ [ [ -70.865002987231051, 41.70016412394201 ], [ -70.843077946731, 41.70162502417643 ], [ -70.844214948459367, 41.702629028013526 ], [ -70.843457946081116, 41.705344021100821 ], [ -70.839815939139982, 41.705730003902268 ], [ -70.799072859909998, 41.710108807167053 ], [ -70.801477874499398, 41.695774850045574 ], [ -70.802936883078956, 41.687081875316025 ], [ -70.790261868809125, 41.677561845704403 ], [ -70.786074864508876, 41.674430837048988 ], [ -70.775587846361645, 41.675747792493297 ], [ -70.765893829253443, 41.677103750354988 ], [ -70.763170166315902, 41.677313832970192 ], [ -70.763841826140151, 41.67685574298266 ], [ -70.761855826877053, 41.672932747188902 ], [ -70.756711824986709, 41.666913746472375 ], [ -70.76235983294653, 41.667734765057688 ], [ -70.761940834568179, 41.665492770371834 ], [ -70.758197833246953, 41.6612247699656 ], [ -70.757064840323352, 41.652890792364531 ], [ -70.762415848235619, 41.65270781127149 ], [ -70.762177852392355, 41.648267824072164 ], [ -70.766456858238627, 41.648445837780926 ], [ -70.768357863484184, 41.645781851922578 ], [ -70.765462863621693, 41.641574855045924 ], [ -70.769317869250187, 41.641144868559337 ], [ -70.773653871520438, 41.645032871364748 ], [ -70.775797870762659, 41.649144866963532 ], [ -70.77670887060566, 41.650755865584713 ], [ -70.777225045594761, 41.650838018481899 ], [ -70.778529327799561, 41.651045604219654 ], [ -70.784728919197903, 41.652032313191462 ], [ -70.785084451204597, 41.652088898641239 ], [ -70.786026882682307, 41.652238893324032 ], [ -70.790828888813905, 41.653230907300269 ], [ -70.795215896882382, 41.650931927761 ], [ -70.802345903750137, 41.655726941415473 ], [ -70.809000911811069, 41.658390959209093 ], [ -70.810160753977527, 41.658138258932176 ], [ -70.81342570198413, 41.657426909254063 ], [ -70.813499364449243, 41.657410860062832 ], [ -70.813837647599485, 41.657337156704997 ], [ -70.814705921037472, 41.657147981838541 ], [ -70.820577517570129, 41.655180871112933 ], [ -70.821597932465792, 41.65483901018721 ], [ -70.821758937176355, 41.654272013880956 ], [ -70.82326193796554, 41.648979026093855 ], [ -70.816350929931289, 41.645995008600799 ], [ -70.80466391695677, 41.641156980629617 ], [ -70.801287844479546, 41.63402086753181 ], [ -70.800214917615307, 41.631752987522901 ], [ -70.801062920268549, 41.629512994999267 ], [ -70.804296089754644, 41.627885199493114 ], [ -70.810278934764725, 41.624873031219593 ], [ -70.817682944613765, 41.623432054729008 ], [ -70.822073947755541, 41.62748505983906 ], [ -70.827773956216689, 41.624635080855867 ], [ -70.835295965419732, 41.624532102141977 ], [ -70.843176283067876, 41.628486934532297 ], [ -70.845241970517705, 41.644665104953312 ], [ -70.848035971829844, 41.652463104780153 ], [ -70.852140974392228, 41.663916106261297 ], [ -70.858211979486683, 41.68116711192561 ], [ -70.859488980785869, 41.684736113756827 ], [ -70.865002987231051, 41.70016412394201 ] ] ] } },
{ "type": "Feature", "properties": { "STATEFP": "25", "COUNTYFP": "027", "COUSUBFP": "35075", "NAME": "Leominster", "NAMELSAD": "Leominster city", "GEOID": "2502735075" }, "geometry": { "type": "Polygon", "coordinates": [ [ [ -71.842006012525232, 42.514678736187221 ], [ -71.837808763706903, 42.543782691318867 ], [ -71.837124722110588, 42.548550684090991 ], [ -71.832832742660699, 42.549001686387818 ], [ -71.831690748975475, 42.549032687143416 ], [ -71.830881753809592, 42.549017687737283 ], [ -71.822333827098433, 42.54666469736938 ], [ -71.820736837975488, 42.546517698698764 ], [ -71.813465872726411, 42.547287702581002 ], [ -71.806547911269377, 42.547471707125347 ], [ -71.803753912296543, 42.548896707028355 ], [ -71.800619899683909, 42.551732705217269 ], [ -71.797580907304194, 42.552617706164007 ], [ -71.793181941988152, 42.551740710556551 ], [ -71.78937197281283, 42.550930714395818 ], [ -71.786024990664586, 42.551046716633721 ], [ -71.783376989150852, 42.552501716602386 ], [ -71.776460983030205, 42.556378716617139 ], [ -71.773387979706413, 42.558101716715818 ], [ -71.771343977291593, 42.559247716813054 ], [ -71.769182002265978, 42.558141719835433 ], [ -71.764289066470226, 42.555055727292576 ], [ -71.76327908649246, 42.553872729475472 ], [ -71.761590120047785, 42.551903733085958 ], [ -71.761953143560916, 42.549807735357966 ], [ -71.759836180153158, 42.547821739236745 ], [ -71.757768183008778, 42.548567739795907 ], [ -71.754168235313642, 42.546051745259973 ], [ -71.749681267445141, 42.545201748742976 ], [ -71.749871211819254, 42.549758743729981 ], [ -71.747771189121622, 42.549934741005856 ], [ -71.749982174409141, 42.552808740371354 ], [ -71.754098068468608, 42.559455729672791 ], [ -71.755877037527227, 42.561169726303504 ], [ -71.75724901905248, 42.56206772418426 ], [ -71.761452979888332, 42.563435719276747 ], [ -71.762951966018164, 42.56392371751167 ], [ -71.759180960161487, 42.566016717972815 ], [ -71.747555904118059, 42.572454714018718 ], [ -71.745073863689385, 42.57385970833942 ], [ -71.739818872223054, 42.569273705904536 ], [ -71.739768872340335, 42.569226705889832 ], [ -71.739602872592357, 42.569081705826989 ], [ -71.730800884260958, 42.561396703686029 ], [ -71.720418893897829, 42.552328704184589 ], [ -71.716325943795553, 42.544746712207044 ], [ -71.71123300332259, 42.535353723618364 ], [ -71.702237929213524, 42.533894717970021 ], [ -71.712170173952259, 42.521595749285382 ], [ -71.712618183209457, 42.521204750304292 ], [ -71.716742252676639, 42.518970757047533 ], [ -71.724174501923457, 42.49111079942459 ], [ -71.728387442253876, 42.475127813683784 ], [ -71.73552952131638, 42.476332814859923 ], [ -71.750266682103842, 42.478801817211234 ], [ -71.777402525824655, 42.483354804165685 ], [ -71.830021201542507, 42.492185775020289 ], [ -71.822320255235596, 42.504274762377975 ], [ -71.842328029534201, 42.512629739382071 ], [ -71.842006012525232, 42.514678736187221 ] ] ] } },
{ "type": "Feature", "properties": { "STATEFP": "25", "COUNTYFP": "027", "COUSUBFP": "73090", "NAME": "Warren", "NAMELSAD": "Warren town", "GEOID": "2502773090" }, "geometry": { "type": "Polygon", "coordinates": [ [ [ -72.264691192769675, 42.196724847163956 ], [ -72.264108196318873, 42.199500853318192 ], [ -72.262792200891496, 42.202533860614629 ], [ -72.260159207130172, 42.20586886966457 ], [ -72.257504211905484, 42.207808875907965 ], [ -72.255674215788346, 42.209706881404216 ], [ -72.23912727085262, 42.226811933444068 ], [ -72.221218343219462, 42.245251990516103 ], [ -72.218068356268404, 42.248605000759184 ], [ -72.214821366288035, 42.249041004985699 ], [ -72.21458436528124, 42.247571002149691 ], [ -72.210460376926378, 42.247205005594061 ], [ -72.211079378114462, 42.251262009237685 ], [ -72.182506461948819, 42.251387038058155 ], [ -72.182047460772907, 42.247762035763884 ], [ -72.181126461354793, 42.246074033190368 ], [ -72.179567466139716, 42.246255035159443 ], [ -72.179737463982406, 42.244934032236728 ], [ -72.177298461278355, 42.23715901855568 ], [ -72.174507468785123, 42.236702020465387 ], [ -72.172975470965213, 42.234933018358412 ], [ -72.171532474599999, 42.234513018965416 ], [ -72.168215477928456, 42.22966001228847 ], [ -72.153902489195488, 42.207182980429479 ], [ -72.151686484108296, 42.198714965188543 ], [ -72.147210473319404, 42.181471934158402 ], [ -72.141886459965434, 42.160999897400799 ], [ -72.199348297157286, 42.153706821696446 ], [ -72.200626302833399, 42.161286836180182 ], [ -72.207907286357568, 42.163878833938867 ], [ -72.255924185101762, 42.180975821354963 ], [ -72.263924179857725, 42.18383082133991 ], [ -72.263750184810178, 42.18832283068236 ], [ -72.263132187344809, 42.190108834821537 ], [ -72.263276189843566, 42.192600839826291 ], [ -72.264398189674367, 42.193528840851201 ], [ -72.264691192769675, 42.196724847163956 ] ] ] } },
{ "type": "Feature", "properties": { "STATEFP": "25", "COUNTYFP": "011", "COUSUBFP": "12505", "NAME": "Charlemont", "NAMELSAD": "Charlemont town", "GEOID": "2501112505" }, "geometry": { "type": "Polygon", "coordinates": [ [ [ -72.955318960868567, 42.654524723934394 ], [ -72.937300001968708, 42.663989723617199 ], [ -72.936756003649108, 42.6648537235234 ], [ -72.934596008387743, 42.665604723583421 ], [ -72.933292012063305, 42.667152723453185 ], [ -72.930421017812009, 42.667364723666999 ], [ -72.929478020954761, 42.669098723490471 ], [ -72.91464305017152, 42.669379724767424 ], [ -72.913707054501117, 42.672460724466085 ], [ -72.857661166253308, 42.67396972964616 ], [ -72.855425161064574, 42.664614730208918 ], [ -72.854215163447208, 42.664651730306502 ], [ -72.851206151043428, 42.647144731093967 ], [ -72.850985151441762, 42.647129731106688 ], [ -72.842273167206699, 42.646613731598954 ], [ -72.842793157099749, 42.638097731726219 ], [ -72.836201168889616, 42.637788732005006 ], [ -72.835707166810707, 42.63506973204624 ], [ -72.821506194860888, 42.636876732601394 ], [ -72.772647313097366, 42.658333736427579 ], [ -72.766092286247044, 42.629259734083135 ], [ -72.735114282913813, 42.633107755787556 ], [ -72.73701528302368, 42.629043752264351 ], [ -72.736889280366057, 42.627020752001762 ], [ -72.741553292027831, 42.62730074574575 ], [ -72.743953297233759, 42.626816742416011 ], [ -72.746995299340242, 42.622938737753877 ], [ -72.745582294118336, 42.621503739404162 ], [ -72.745408291093312, 42.619525739328033 ], [ -72.747049293534516, 42.618567737060765 ], [ -72.750142299481723, 42.618231733206393 ], [ -72.751724298798905, 42.6197317333651 ], [ -72.754475295647111, 42.620964733466778 ], [ -72.759614284931629, 42.619815733261163 ], [ -72.76428227612891, 42.619427733155121 ], [ -72.77284226190848, 42.620134733097913 ], [ -72.777636254499896, 42.620968733092795 ], [ -72.783541244429912, 42.62129573302046 ], [ -72.790831229421727, 42.619676732802255 ], [ -72.797416215335261, 42.617726732611303 ], [ -72.802915204329054, 42.616659732504772 ], [ -72.811047190335017, 42.616933732433999 ], [ -72.815650182075856, 42.616806732384632 ], [ -72.819986176205333, 42.618334732366051 ], [ -72.823661170042698, 42.618624732324214 ], [ -72.831764153425311, 42.616567732225271 ], [ -72.833422144540179, 42.611178732232105 ], [ -72.92965798644984, 42.623712730226849 ], [ -72.95459894514623, 42.6286537288006 ], [ -72.951038959894348, 42.641005726664844 ], [ -72.951095960024617, 42.641355726598867 ], [ -72.952912963020466, 42.65089472476145 ], [ -72.954274960991626, 42.651712724526256 ], [ -72.955572960377964, 42.654512723919744 ], [ -72.955318960868567, 42.654524723934394 ] ] ] } },
{ "type": "Feature", "properties": { "STATEFP": "25", "COUNTYFP": "023", "COUSUBFP": "17895", "NAME": "Duxbury", "NAMELSAD": "Duxbury town", "GEOID": "2502317895" }, "geometry": { "type": "Polygon", "coordinates": [ [ [ -70.771970288645306, 42.061764356438609 ], [ -70.761427287489639, 42.078465256041213 ], [ -70.750365288013938, 42.095951148957582 ], [ -70.749717289468677, 42.0969771427146 ], [ -70.738471369041264, 42.091170179768127 ], [ -70.715632537174031, 42.079381250131817 ], [ -70.698446669479623, 42.070503298822025 ], [ -70.698483671890145, 42.069021306937373 ], [ -70.697447681982709, 42.067421315551044 ], [ -70.69660068881015, 42.066913318202396 ], [ -70.695861694409672, 42.066670319417625 ], [ -70.690718737245177, 42.06305533810383 ], [ -70.682762804688593, 42.057469366091404 ], [ -70.669010888975222, 42.063481331764386 ], [ -70.652392987220651, 42.0707532929179 ], [ -70.648003013125859, 42.072442284272412 ], [ -70.647705793694271, 42.073002846141669 ], [ -70.64819202229674, 42.068441303752003 ], [ -70.645906320550068, 42.060357295469025 ], [ -70.643210104448528, 42.050821387781156 ], [ -70.63086223660288, 42.036045452374751 ], [ -70.620279343209162, 42.027087487444348 ], [ -70.610985450598577, 42.015737531728085 ], [ -70.608473245349217, 42.013590694990569 ], [ -70.609303470725038, 42.01358353990873 ], [ -70.608900475131364, 42.013200541271537 ], [ -70.612823444306429, 42.013215544322811 ], [ -70.612655444550768, 42.013551542699133 ], [ -70.615554663215008, 42.013520180797208 ], [ -70.617790391984471, 42.017507528967492 ], [ -70.644339109483269, 42.04589541189992 ], [ -70.650369882815312, 42.046220156184496 ], [ -70.65087606076942, 42.046247412785704 ], [ -70.656056033370504, 42.042047435664117 ], [ -70.664374974087821, 42.04116444384114 ], [ -70.669361946432417, 42.037116466847685 ], [ -70.670757613852203, 42.027598696552211 ], [ -70.671667964391332, 42.021390548986354 ], [ -70.667514017314673, 42.012320592342157 ], [ -70.670936000608179, 42.007786618403649 ], [ -70.678799943043913, 42.005510637084157 ], [ -70.686799864851324, 42.012764605507655 ], [ -70.695810793021167, 42.013346609550013 ], [ -70.712205673514092, 42.007586655034103 ], [ -70.71102251338975, 42.003201837439903 ], [ -70.711265689221761, 42.002403683393354 ], [ -70.721794604181738, 42.002817690753872 ], [ -70.724636575094607, 42.007411666771176 ], [ -70.724205575732938, 42.009427654736719 ], [ -70.726334555611174, 42.011870642331246 ], [ -70.727864541257404, 42.013624633348016 ], [ -70.728049539530474, 42.013834632269564 ], [ -70.731241509616993, 42.017707612048554 ], [ -70.749753363704912, 42.019818612887939 ], [ -70.769493333980662, 42.02206359455591 ], [ -70.76883433128809, 42.025467574299533 ], [ -70.766806331204236, 42.028152558630609 ], [ -70.766066331839625, 42.0284995567037 ], [ -70.765382329858312, 42.031315539907212 ], [ -70.761521334984678, 42.031428539994351 ], [ -70.759636335977419, 42.032988530936251 ], [ -70.759174335356093, 42.034237523469159 ], [ -70.76091933169478, 42.035494515555939 ], [ -70.761440329489403, 42.036964506588866 ], [ -70.762887326273898, 42.038156499155825 ], [ -70.764719323759635, 42.038128499024594 ], [ -70.764894323366633, 42.038274498117133 ], [ -70.765490322347304, 42.038460496900989 ], [ -70.765521322024867, 42.038731495265651 ], [ -70.765442321955433, 42.038905494231507 ], [ -70.76532232204309, 42.038982493787366 ], [ -70.765230321965248, 42.039182492598542 ], [ -70.765108322061067, 42.039254492184561 ], [ -70.765102321829673, 42.039487490783294 ], [ -70.764994321949388, 42.039517490619659 ], [ -70.764932321879542, 42.039669489714498 ], [ -70.765061321579225, 42.039786488990259 ], [ -70.765068321373988, 42.039976487845706 ], [ -70.767240315824765, 42.042399472956021 ], [ -70.768722310882723, 42.045132456350316 ], [ -70.781446291004755, 42.046780444952496 ], [ -70.771970288645306, 42.061764356438609 ] ] ] } },
{ "type": "Feature", "properties": { "STATEFP": "25", "COUNTYFP": "023", "COUSUBFP": "72985", "NAME": "Wareham", "NAMELSAD": "Wareham town", "GEOID": "2502372985" }, "geometry": { "type": "Polygon", "coordinates": [ [ [ -70.781644805072915, 41.752020629159972 ], [ -70.780264839869517, 41.758103648576189 ], [ -70.77880885682076, 41.761313655134039 ], [ -70.777646868416156, 41.763551659068163 ], [ -70.776012880724721, 41.766042661828742 ], [ -70.774490899807986, 41.76955667003844 ], [ -70.775535922545899, 41.772850690358837 ], [ -70.775630928110701, 41.773707694735492 ], [ -70.775539942188303, 41.775975704607696 ], [ -70.77658096868457, 41.779892727489376 ], [ -70.776950000420953, 41.784852751696683 ], [ -70.776939007035224, 41.785911756431439 ], [ -70.777019012891401, 41.786824760932994 ], [ -70.777488022561286, 41.788241769516297 ], [ -70.778211031976653, 41.789552778764865 ], [ -70.778355039518019, 41.790721784674858 ], [ -70.778304053522206, 41.79297779456514 ], [ -70.777783062469737, 41.794544799252428 ], [ -70.777924071397138, 41.795936806146614 ], [ -70.77766607681545, 41.796868809190514 ], [ -70.777507077753285, 41.797058809339852 ], [ -70.776598079807044, 41.797614807820082 ], [ -70.776169081531521, 41.797996807653924 ], [ -70.772857102257689, 41.802094811936172 ], [ -70.771829126033936, 41.806092826047696 ], [ -70.771831133042426, 41.807198831189119 ], [ -70.77174114382909, 41.808921838811109 ], [ -70.763179137369121, 41.809793807411829 ], [ -70.770260248864616, 41.825776911500036 ], [ -70.759416174988928, 41.816386824368131 ], [ -70.753282131970138, 41.811076772954372 ], [ -70.740871087115181, 41.800324718458612 ], [ -70.738761094856073, 41.800407722214473 ], [ -70.737275100579808, 41.800504725049507 ], [ -70.717536175152873, 41.801509761015446 ], [ -70.643564466521298, 41.805677892842105 ], [ -70.632841509773201, 41.80626291123108 ], [ -70.631656514517871, 41.806321913232821 ], [ -70.616634558765966, 41.805409932705942 ], [ -70.618221527819117, 41.802797921198248 ], [ -70.626406371326411, 41.789330860190255 ], [ -70.627395349329973, 41.787341851326595 ], [ -70.630636334948804, 41.786879843980032 ], [ -70.630496311704917, 41.784367835083671 ], [ -70.630971288314939, 41.782035825734667 ], [ -70.629058269045402, 41.779397819654832 ], [ -70.629457252699865, 41.777790813090107 ], [ -70.62964024854756, 41.777406811354751 ], [ -70.629809245590295, 41.777144810086845 ], [ -70.629984246647581, 41.777309810357728 ], [ -70.630198244743369, 41.777172809458371 ], [ -70.630351242533763, 41.776984808487363 ], [ -70.630573241146678, 41.776904807778926 ], [ -70.630688238831155, 41.776693806794285 ], [ -70.630720233728766, 41.776161804796416 ], [ -70.630080219729422, 41.774485799915311 ], [ -70.633054192324281, 41.772446786744965 ], [ -70.633483178039384, 41.771045780762186 ], [ -70.636310150981217, 41.768958767486623 ], [ -70.634318121383416, 41.765219757644552 ], [ -70.632644107379932, 41.763265753876325 ], [ -70.632555104210837, 41.7629037527322 ], [ -70.629978094010355, 41.761133751606451 ], [ -70.625870047628837, 41.755198738903893 ], [ -70.625156010578181, 41.751143725961256 ], [ -70.621622007810132, 41.748971732527359 ], [ -70.620785010082656, 41.747529738303001 ], [ -70.621139009451113, 41.747017738913115 ], [ -70.621571008676241, 41.746417739592452 ], [ -70.623193005353784, 41.745614738207642 ], [ -70.625987999429185, 41.744968733826866 ], [ -70.632705987351372, 41.737758739066713 ], [ -70.633267986993204, 41.735464744222583 ], [ -70.63257998911817, 41.733656750720023 ], [ -70.639389976993598, 41.728017751944165 ], [ -70.639475977445883, 41.726472756099234 ], [ -70.640275976972731, 41.723608762461893 ], [ -70.643073886434181, 41.717603360242762 ], [ -70.643558163771786, 41.717639306672055 ], [ -70.648804962061178, 41.71802876049216 ], [ -70.650468960909009, 41.713415770238797 ], [ -70.660451945565882, 41.705075774037866 ], [ -70.67406392781696, 41.691370787429328 ], [ -70.676137923157611, 41.692653779573661 ], [ -70.665204937071366, 41.703833768130721 ], [ -70.656205949508973, 41.713386758572653 ], [ -70.656595947690832, 41.715400751956061 ], [ -70.664004932403955, 41.716200734372606 ], [ -70.670452916001878, 41.721911704206867 ], [ -70.67922789441856, 41.727430669342617 ], [ -70.685882880834058, 41.727075656343644 ], [ -70.687587489041903, 41.724658226182271 ], [ -70.688259878320935, 41.723704661566792 ], [ -70.697053855988784, 41.729203626181139 ], [ -70.706165837127372, 41.728983607521663 ], [ -70.708192831223997, 41.730958597029691 ], [ -70.715117815394166, 41.732396577713871 ], [ -70.717201879439884, 41.73432063414586 ], [ -70.718738804702355, 41.735739559324728 ], [ -70.724610465725675, 41.733412386207306 ], [ -70.726330791409993, 41.732730552659937 ], [ -70.72082180778979, 41.727607580814457 ], [ -70.720948811591015, 41.723219594565656 ], [ -70.725812800296438, 41.724591579961427 ], [ -70.726782202335613, 41.723978065078185 ], [ -70.729110791613877, 41.726519566796433 ], [ -70.735046777146366, 41.728647547326894 ], [ -70.738582767077574, 41.731238531332643 ], [ -70.742563759309832, 41.730670524714718 ], [ -70.743497756787391, 41.731195520991335 ], [ -70.744487753212098, 41.732583514289701 ], [ -70.743018754000175, 41.73475251027444 ], [ -70.74323075247618, 41.735757506501095 ], [ -70.746683742562539, 41.738099491292154 ], [ -70.75039173645213, 41.737942486708683 ], [ -70.752151739195568, 41.738854493024675 ], [ -70.754311741081139, 41.741382496309505 ], [ -70.756902745471166, 41.742508506631843 ], [ -70.759518751416181, 41.742229521607811 ], [ -70.760589755062597, 41.74093053140426 ], [ -70.759563754087154, 41.739741529622322 ], [ -70.760368756716588, 41.738859536653372 ], [ -70.761856759422002, 41.739320543140032 ], [ -70.763794764143157, 41.7387405552115 ], [ -70.765379770243939, 41.7359855718815 ], [ -70.768374778524645, 41.733950593565453 ], [ -70.771737785981458, 41.733506612335276 ], [ -70.773306788687677, 41.73412661873499 ], [ -70.772661786436615, 41.735094612629688 ], [ -70.774991792156754, 41.734193627323648 ], [ -70.775004792109314, 41.734275627162937 ], [ -70.774807789807852, 41.736345620361071 ], [ -70.774279786943538, 41.738253612240285 ], [ -70.774235785557067, 41.739663608055622 ], [ -70.774849786038942, 41.740575608784106 ], [ -70.778520791106757, 41.743762619788335 ], [ -70.77997379189587, 41.746480620386428 ], [ -70.781359792332424, 41.749509619963426 ], [ -70.781637796000453, 41.750559622680058 ], [ -70.781644805072915, 41.752020629159972 ] ] ] } },
{ "type": "Feature", "properties": { "STATEFP": "25", "COUNTYFP": "001", "COUSUBFP": "07175", "NAME": "Bourne", "NAMELSAD": "Bourne town", "GEOID": "2500107175" }, "geometry": { "type": "Polygon", "coordinates": [ [ [ -70.660735956986258, 41.683062837490901 ], [ -70.657654961805093, 41.68443083939723 ], [ -70.65556196438591, 41.686775836632563 ], [ -70.652015970353659, 41.687773840584214 ], [ -70.650183972551332, 41.69018383722441 ], [ -70.649108974337949, 41.690595838131742 ], [ -70.645910980413007, 41.690204845443745 ], [ -70.644747981989056, 41.69148584406895 ], [ -70.645961978704392, 41.693793835158942 ], [ -70.642451984631847, 41.695240837937298 ], [ -70.636666994930849, 41.696630845401494 ], [ -70.631492004792207, 41.696304856489633 ], [ -70.625440015413545, 41.698690861853045 ], [ -70.623407182847671, 41.69949889846103 ], [ -70.620816023648075, 41.700528866002834 ], [ -70.61757202967209, 41.701140870793594 ], [ -70.618299947188959, 41.702228463333867 ], [ -70.618677027103203, 41.702791864123732 ], [ -70.623847016877491, 41.703722851252301 ], [ -70.623652016121213, 41.707397841602891 ], [ -70.626529008680095, 41.712994820425784 ], [ -70.630988244120616, 41.713684886951583 ], [ -70.633830993749484, 41.714124802343505 ], [ -70.639724980670465, 41.717354781181008 ], [ -70.642354914078155, 41.717549993118062 ], [ -70.643073886434181, 41.717603360242762 ], [ -70.640275976972731, 41.723608762461893 ], [ -70.639475977445883, 41.726472756099234 ], [ -70.639389976993598, 41.728017751944165 ], [ -70.63257998911817, 41.733656750720023 ], [ -70.633267986993204, 41.735464744222583 ], [ -70.632705987351372, 41.737758739066713 ], [ -70.625987999429185, 41.744968733826866 ], [ -70.623193005353784, 41.745614738207642 ], [ -70.621571008676241, 41.746417739592452 ], [ -70.621139009451113, 41.747017738913115 ], [ -70.620785010082656, 41.747529738303001 ], [ -70.621622007810132, 41.748971732527359 ], [ -70.625156010578181, 41.751143725961256 ], [ -70.625870047628837, 41.755198738903893 ], [ -70.629978094010355, 41.761133751606451 ], [ -70.632555104210837, 41.7629037527322 ], [ -70.603945290841992, 41.7742958492342 ], [ -70.60293929767569, 41.774695852474828 ], [ -70.568570512919848, 41.785646949301977 ], [ -70.565363533902755, 41.786668957849542 ], [ -70.560881590521518, 41.790543976395668 ], [ -70.547559763534053, 41.802056028900338 ], [ -70.54588778574464, 41.803500035212615 ], [ -70.545869785989552, 41.803516035281412 ], [ -70.537290234960665, 41.810859127669204 ], [ -70.532656846851893, 41.804796058725614 ], [ -70.519413945452527, 41.792771117717635 ], [ -70.519639685199309, 41.78754604011003 ], [ -70.520337514089817, 41.773464007354917 ], [ -70.520661487785986, 41.771345001977231 ], [ -70.523281443058977, 41.768192989688714 ], [ -70.526214315958896, 41.758130960563456 ], [ -70.53857918385242, 41.714768996250342 ], [ -70.537885184773785, 41.712805002239868 ], [ -70.537786184393653, 41.710378008080731 ], [ -70.541936174229662, 41.700973021676631 ], [ -70.541715174381622, 41.699702025092719 ], [ -70.541731174158613, 41.698796027182823 ], [ -70.540385175949751, 41.695350037894237 ], [ -70.54100217372374, 41.690427048196071 ], [ -70.541983171377652, 41.687879052264663 ], [ -70.544529165945193, 41.683875056790306 ], [ -70.546747160643449, 41.676652069648071 ], [ -70.550096153971992, 41.671693075186404 ], [ -70.553086148394868, 41.668696076837342 ], [ -70.557761139994966, 41.664840077582575 ], [ -70.559152137476659, 41.663072079342541 ], [ -70.561450133486929, 41.661322079449441 ], [ -70.566687124530574, 41.656314082345752 ], [ -70.566892124097166, 41.654416086653995 ], [ -70.566319124864023, 41.651602094586281 ], [ -70.567398123026408, 41.64928309840824 ], [ -70.568924120582778, 41.648545097572622 ], [ -70.567705122429857, 41.6469481036304 ], [ -70.567900122058845, 41.645534106780396 ], [ -70.591664084318865, 41.652299048336992 ], [ -70.602290066782714, 41.655322021714156 ], [ -70.613496047873355, 41.658401993596705 ], [ -70.614666045984094, 41.658283991824149 ], [ -70.615736044238261, 41.658251989999712 ], [ -70.62084084310348, 41.657442796093079 ], [ -70.631725016074256, 41.663694946372338 ], [ -70.634719011038584, 41.663759940767982 ], [ -70.640724002778541, 41.659455941996526 ], [ -70.645714994559526, 41.659455933056485 ], [ -70.647487850978123, 41.660475158031183 ], [ -70.651955982531163, 41.663043911591885 ], [ -70.651977356556515, 41.663092009049343 ], [ -70.653753977508657, 41.667089896707473 ], [ -70.648612984712798, 41.670327896872337 ], [ -70.642480994876436, 41.671164905811892 ], [ -70.637277004545112, 41.669361920466081 ], [ -70.636143007089572, 41.667798926913733 ], [ -70.635021429585635, 41.668719900651318 ], [ -70.632917011600952, 41.670447925466689 ], [ -70.632742010018575, 41.675593911508201 ], [ -70.636347001998487, 41.680001892465235 ], [ -70.638933997471, 41.679827888066313 ], [ -70.645212985622251, 41.68139087177989 ], [ -70.657338963916629, 41.681479848535908 ], [ -70.660358959344677, 41.679957847233695 ], [ -70.662035955822418, 41.680939841203973 ], [ -70.660735956986258, 41.683062837490901 ] ] ] } },
{ "type": "Feature", "properties": { "STATEFP": "25", "COUNTYFP": "011", "COUSUBFP": "58335", "NAME": "Rowe", "NAMELSAD": "Rowe town", "GEOID": "2501158335" }, "geometry": { "type": "Polygon", "coordinates": [ [ [ -72.994664896249105, 42.674321716436346 ], [ -72.989250906885616, 42.674232716979006 ], [ -72.988532908890889, 42.675331716787362 ], [ -72.989771907974287, 42.678218715975916 ], [ -72.988896909950768, 42.678662715959753 ], [ -72.983883920322612, 42.679384716309038 ], [ -72.977256933331148, 42.679050717071298 ], [ -72.975825936396063, 42.679421717138361 ], [ -72.975609937410752, 42.680423716942578 ], [ -72.976986936031992, 42.682792716276452 ], [ -72.977494936811567, 42.685912715532673 ], [ -72.973519946536186, 42.688807715363282 ], [ -72.971583950607723, 42.689054715539569 ], [ -72.963801965407555, 42.687491716774026 ], [ -72.961374970780668, 42.688224716911826 ], [ -72.959334975742493, 42.689517716900902 ], [ -72.957386980082688, 42.690112717019687 ], [ -72.954352986354294, 42.690275717353586 ], [ -72.952948989886167, 42.691293717335384 ], [ -72.951646994321052, 42.693950717010921 ], [ -72.951735995281311, 42.695652716690063 ], [ -72.953879992543335, 42.698157715951034 ], [ -72.951690998634277, 42.70050971581248 ], [ -72.950229002103683, 42.701164715893121 ], [ -72.948703006951362, 42.70363471566349 ], [ -72.949639006005214, 42.705110715268226 ], [ -72.950728004571516, 42.706353714888699 ], [ -72.9510410078245, 42.712153713794287 ], [ -72.953331006051187, 42.716760712594336 ], [ -72.953064007492628, 42.71807071239612 ], [ -72.952302010319528, 42.719864712191665 ], [ -72.950253015121575, 42.720477712419033 ], [ -72.945158026559142, 42.721220713135182 ], [ -72.941731033116184, 42.720093713894812 ], [ -72.939884037625092, 42.720866714072827 ], [ -72.938398042994891, 42.723896713829276 ], [ -72.93737104608168, 42.725101713811434 ], [ -72.93430305328954, 42.725889714218241 ], [ -72.933742055608647, 42.727388714083517 ], [ -72.931476061914353, 42.729253714199842 ], [ -72.931184063233076, 42.730168714113837 ], [ -72.92823707079846, 42.73167771442364 ], [ -72.927740072521559, 42.732516714391934 ], [ -72.927707075793563, 42.736728713783691 ], [ -72.927190446763504, 42.739094807646239 ], [ -72.864300737233208, 42.737755774168328 ], [ -72.854034182930704, 42.683206729668711 ], [ -72.859584171675408, 42.683086729065309 ], [ -72.857661166253308, 42.67396972964616 ], [ -72.913707054501117, 42.672460724466085 ], [ -72.91464305017152, 42.669379724767424 ], [ -72.929478020954761, 42.669098723490471 ], [ -72.930421017812009, 42.667364723666999 ], [ -72.933292012063305, 42.667152723453185 ], [ -72.934596008387743, 42.665604723583421 ], [ -72.936756003649108, 42.6648537235234 ], [ -72.937300001968708, 42.663989723617199 ], [ -72.955318960868567, 42.654524723934394 ], [ -72.955572960377964, 42.654512723919744 ], [ -72.95553296364848, 42.659373723010255 ], [ -72.954357967944532, 42.662460722523235 ], [ -72.954720969332158, 42.665623721905085 ], [ -72.957431964945613, 42.666971721422605 ], [ -72.960442959350488, 42.667386721084902 ], [ -72.96209395590418, 42.66702272101498 ], [ -72.963947950586572, 42.664293721403318 ], [ -72.968762941234004, 42.664246721021861 ], [ -72.972844932425247, 42.662721721016304 ], [ -72.975208926751478, 42.660823721242053 ], [ -72.976554924398755, 42.661231721050264 ], [ -72.980037919323763, 42.664107720137757 ], [ -72.982405915349958, 42.665200719696792 ], [ -72.985528909694906, 42.665937719267284 ], [ -72.988583904530444, 42.667375718670286 ], [ -72.993267897308513, 42.671045717371328 ], [ -72.995538893929975, 42.673155716641034 ], [ -72.994664896249105, 42.674321716436346 ] ] ] } },
{ "type": "Feature", "properties": { "STATEFP": "25", "COUNTYFP": "015", "COUSUBFP": "04825", "NAME": "Belchertown", "NAMELSAD": "Belchertown town", "GEOID": "2501504825" }, "geometry": { "type": "Polygon", "coordinates": [ [ [ -72.471385085432615, 42.351583774484503 ], [ -72.409417130895847, 42.358761798019366 ], [ -72.40545512831747, 42.336436802310466 ], [ -72.393470137651363, 42.338168807767055 ], [ -72.393708137701864, 42.339295807426261 ], [ -72.380368147804248, 42.340613813285131 ], [ -72.355396166222732, 42.340677824723791 ], [ -72.354061167156601, 42.340084825600002 ], [ -72.352884167871125, 42.338173827007878 ], [ -72.351199168839344, 42.334416829543301 ], [ -72.352524167679491, 42.33243782978338 ], [ -72.352532167568938, 42.331134830370964 ], [ -72.35112816852407, 42.329562831824333 ], [ -72.353594166469264, 42.327691831362756 ], [ -72.351178168129252, 42.324883833961337 ], [ -72.354302165577792, 42.323682832758685 ], [ -72.353002166403229, 42.321251834587081 ], [ -72.355227164365942, 42.318197834638347 ], [ -72.354556164720094, 42.316048835987637 ], [ -72.35615716327095, 42.314373835735417 ], [ -72.357328161940643, 42.310389836701965 ], [ -72.359032160468857, 42.309756835866828 ], [ -72.358731160626206, 42.308821836450953 ], [ -72.360478159161005, 42.308699835358574 ], [ -72.360370159156886, 42.307790835798428 ], [ -72.356018162380735, 42.303282840621193 ], [ -72.353754164238566, 42.302546842506338 ], [ -72.354896163032436, 42.299845842903501 ], [ -72.354498163300235, 42.298988843564317 ], [ -72.35080716642068, 42.298244846544407 ], [ -72.351770165572788, 42.298025845953156 ], [ -72.352635164641512, 42.295733846369963 ], [ -72.350041166819722, 42.294647848782702 ], [ -72.348631168046964, 42.294585849856134 ], [ -72.348851167612693, 42.291090851358845 ], [ -72.350750165549428, 42.285953852300274 ], [ -72.350680165517218, 42.284679852948734 ], [ -72.346790168961917, 42.283609856589017 ], [ -72.343618171739081, 42.281807860067786 ], [ -72.339620175348273, 42.280982863781141 ], [ -72.338292176502094, 42.279410865725929 ], [ -72.338807175857028, 42.275058867638094 ], [ -72.336892177588595, 42.273522870129511 ], [ -72.333071181149663, 42.27285287383576 ], [ -72.331645182462026, 42.271484875877391 ], [ -72.331611182476877, 42.270542876455636 ], [ -72.33289018120729, 42.26776087691767 ], [ -72.334443179686531, 42.266229876377189 ], [ -72.333658180392987, 42.264368878154585 ], [ -72.333930180083527, 42.262475878977753 ], [ -72.335852178224513, 42.262562877128396 ], [ -72.337375176718623, 42.261682876183251 ], [ -72.337763176294033, 42.260369876532593 ], [ -72.336762177235784, 42.259351878043873 ], [ -72.33841617560698, 42.259054876622912 ], [ -72.336681177272538, 42.258074878824964 ], [ -72.336237177616212, 42.255187880851551 ], [ -72.334759178970799, 42.251233884527529 ], [ -72.334974176741994, 42.248188881812709 ], [ -72.333578175459522, 42.245727878866276 ], [ -72.334942173271543, 42.244982876194733 ], [ -72.334881171412377, 42.243224873156642 ], [ -72.334786169415011, 42.241308869872384 ], [ -72.333776169411095, 42.240371869204502 ], [ -72.332948166666327, 42.237091864204146 ], [ -72.3331951636642, 42.234570859506 ], [ -72.334472159631119, 42.232061853865275 ], [ -72.333936157780258, 42.229869850497401 ], [ -72.335673153830982, 42.227867845356634 ], [ -72.335404153119427, 42.226966844018889 ], [ -72.336999147910447, 42.223683836793043 ], [ -72.335579147778276, 42.222241835542896 ], [ -72.335968145105909, 42.220158831530135 ], [ -72.336320144076367, 42.219544830137337 ], [ -72.341680138274796, 42.219231824824462 ], [ -72.343207136081617, 42.218649822461344 ], [ -72.346193130107551, 42.215977815227767 ], [ -72.345540127683293, 42.213160810955848 ], [ -72.346547124049735, 42.210786806013594 ], [ -72.34739412247373, 42.210139804182326 ], [ -72.349305120602367, 42.210214802682408 ], [ -72.350369117658289, 42.20852579890478 ], [ -72.352323113996206, 42.20701379469503 ], [ -72.353714112573329, 42.207014793529531 ], [ -72.355018113263171, 42.2088537955267 ], [ -72.357338111054176, 42.209002793811756 ], [ -72.359038106568477, 42.206511788224809 ], [ -72.361477102870268, 42.205423784382788 ], [ -72.363292101679264, 42.206028783868227 ], [ -72.361991104445664, 42.207327787101597 ], [ -72.36466710163144, 42.207259784741119 ], [ -72.364979100685431, 42.206692783548789 ], [ -72.364603097154074, 42.203148778044039 ], [ -72.363477097083617, 42.202039777145025 ], [ -72.362646094051385, 42.198521772020591 ], [ -72.363853092185082, 42.197954770116539 ], [ -72.363529091482974, 42.197017768833732 ], [ -72.360999094347378, 42.19725677125011 ], [ -72.359859094486637, 42.196320770606548 ], [ -72.359384092692153, 42.194250767541504 ], [ -72.361275091163307, 42.194628766678434 ], [ -72.361667089497203, 42.193484764476963 ], [ -72.360159087364934, 42.190144760114705 ], [ -72.358219088986644, 42.189801761037771 ], [ -72.360766086051797, 42.189521758614127 ], [ -72.395478046028586, 42.185736726206684 ], [ -72.402922083794962, 42.226275780876755 ], [ -72.403947089002813, 42.231846788196599 ], [ -72.447120040023492, 42.227253741618483 ], [ -72.449550050688671, 42.238763754318079 ], [ -72.455000063612573, 42.264563765891182 ], [ -72.458665066921853, 42.281901765884506 ], [ -72.464195072623127, 42.308052767343291 ], [ -72.465192074006112, 42.313405767944417 ], [ -72.468712079126533, 42.332269770579785 ], [ -72.47228708474205, 42.351457774095771 ], [ -72.471385085432615, 42.351583774484503 ] ] ] } },
{ "type": "Feature", "properties": { "STATEFP": "25", "COUNTYFP": "017", "COUSUBFP": "67665", "NAME": "Stoneham", "NAMELSAD": "Stoneham town", "GEOID": "2501767665" }, "geometry": { "type": "Polygon", "coordinates": [ [ [ -71.119760264821963, 42.500291577666516 ], [ -71.101786216266333, 42.502133558505363 ], [ -71.100727213389618, 42.502241557367 ], [ -71.090073194551437, 42.501179544997918 ], [ -71.086382205427626, 42.493975541111311 ], [ -71.085546207219664, 42.49234254036017 ], [ -71.085365207130209, 42.492202540173011 ], [ -71.075240193989259, 42.488007529235439 ], [ -71.075814205173728, 42.483572530326136 ], [ -71.076599220505983, 42.477491531830225 ], [ -71.077707223197748, 42.477390533104618 ], [ -71.078152231720296, 42.474019533960103 ], [ -71.078443239983045, 42.470611534646288 ], [ -71.078910253609877, 42.464978535770037 ], [ -71.079245262530137, 42.461320536540377 ], [ -71.079797271232749, 42.45797653753413 ], [ -71.080595283818596, 42.45314053897954 ], [ -71.082116307773887, 42.443939541760948 ], [ -71.085639313961309, 42.444687545851529 ], [ -71.104722347222179, 42.44884656787324 ], [ -71.119402369658033, 42.453444584450885 ], [ -71.11462233684037, 42.463337577349201 ], [ -71.109521301835869, 42.473894569908367 ], [ -71.11205630764745, 42.47381957282348 ], [ -71.113168299199472, 42.478696573368929 ], [ -71.115644280300558, 42.489592574526391 ], [ -71.116775271710111, 42.494549575034505 ], [ -71.121496273267638, 42.498537579674455 ], [ -71.119760264821963, 42.500291577666516 ] ] ] } },
{ "type": "Feature", "properties": { "STATEFP": "25", "COUNTYFP": "021", "COUSUBFP": "72495", "NAME": "Walpole", "NAMELSAD": "Walpole town", "GEOID": "2502172495" }, "geometry": { "type": "Polygon", "coordinates": [ [ [ -71.303752017742298, 42.149500347196359 ], [ -71.284093047197317, 42.148901340247185 ], [ -71.275026060810148, 42.14862333707255 ], [ -71.275367065683753, 42.166040249159046 ], [ -71.275402066190509, 42.167841240070075 ], [ -71.275585068828903, 42.17719819285503 ], [ -71.27567207009389, 42.181667170307698 ], [ -71.272945076426893, 42.190085126056907 ], [ -71.269570084036658, 42.20049907113949 ], [ -71.267610086751006, 42.200904067816438 ], [ -71.263601092725153, 42.203377052635616 ], [ -71.260969096377494, 42.20410404720927 ], [ -71.25821409998882, 42.204071045570792 ], [ -71.254236104924004, 42.202825049335537 ], [ -71.251417108593003, 42.202613048582528 ], [ -71.251348108664317, 42.202525048988377 ], [ -71.25099210889627, 42.201456054233944 ], [ -71.248318106859784, 42.200005058493097 ], [ -71.246465103097762, 42.19772006740375 ], [ -71.244130098830851, 42.197041067352814 ], [ -71.241728093877455, 42.192175088615826 ], [ -71.242512094903915, 42.18998310102161 ], [ -71.240500090972446, 42.186217117221801 ], [ -71.240914091403155, 42.184278127770668 ], [ -71.238344086982494, 42.1827911314437 ], [ -71.233636079157264, 42.181393131376652 ], [ -71.226107066904447, 42.171801168713827 ], [ -71.221879060418985, 42.171096165770955 ], [ -71.221444059779657, 42.170462168324939 ], [ -71.220038057748468, 42.168405176614549 ], [ -71.213435047747211, 42.168702164877082 ], [ -71.212093045911175, 42.167220170321926 ], [ -71.211332044805772, 42.166966170430968 ], [ -71.209158041882418, 42.164875177665657 ], [ -71.20838804086749, 42.164132180237353 ], [ -71.204066035311499, 42.1602301932842 ], [ -71.20248203307635, 42.160064191653724 ], [ -71.201148031555206, 42.15837819810686 ], [ -71.194456024551087, 42.14991623041022 ], [ -71.200164032829178, 42.147273252768038 ], [ -71.2003550330965, 42.147205253413418 ], [ -71.215307053436916, 42.140326311946822 ], [ -71.225991066810252, 42.135410353941943 ], [ -71.227522068631203, 42.1333353669567 ], [ -71.230399072014876, 42.132574375428952 ], [ -71.232011073856498, 42.131458383697506 ], [ -71.233476075376458, 42.128569400786446 ], [ -71.233308075014662, 42.125959413840221 ], [ -71.231645073052348, 42.123897421691503 ], [ -71.231191072530208, 42.123391423542898 ], [ -71.233294074833566, 42.123412426819009 ], [ -71.239873081692011, 42.120670451423642 ], [ -71.239107080750074, 42.11963545547971 ], [ -71.238450079841755, 42.117751464049277 ], [ -71.239418080578531, 42.115506477091728 ], [ -71.238086078944249, 42.113004487722336 ], [ -71.238787079564418, 42.112311492402227 ], [ -71.238805078898281, 42.106401522642422 ], [ -71.253303083667731, 42.105344547601106 ], [ -71.255502079701643, 42.104078554922069 ], [ -71.259445072764422, 42.1026955634864 ], [ -71.26341806574348, 42.101333571925352 ], [ -71.27173705090658, 42.098445589682939 ], [ -71.280269033226219, 42.088492643022363 ], [ -71.28829202449441, 42.102890573443915 ], [ -71.290974021787051, 42.107779549944539 ], [ -71.295902016999761, 42.116614507693825 ], [ -71.296356016800743, 42.118017500867964 ], [ -71.297155016470384, 42.120509488749299 ], [ -71.300224013673031, 42.125910463113151 ], [ -71.298941015948856, 42.126500459599512 ], [ -71.300122015548268, 42.130216441581531 ], [ -71.301714015518911, 42.136368411633583 ], [ -71.301287016779568, 42.137852404032188 ], [ -71.299083020767696, 42.139302395745666 ], [ -71.299468021192666, 42.141881383056564 ], [ -71.300697020579307, 42.145068367756153 ], [ -71.300119022298929, 42.147176356951476 ], [ -71.303752017742298, 42.149500347196359 ] ] ] } },
{ "type": "Feature", "properties": { "STATEFP": "25", "COUNTYFP": "027", "COUSUBFP": "41165", "NAME": "Milford", "NAMELSAD": "Milford town", "GEOID": "2502741165" }, "geometry": { "type": "Polygon", "coordinates": [ [ [ -71.564463787335868, 42.165096282847749 ], [ -71.5628397888931, 42.167839275973058 ], [ -71.561056787319288, 42.167598279324153 ], [ -71.561282789712919, 42.16979227154124 ], [ -71.563269793390162, 42.171970261454078 ], [ -71.561874794725071, 42.174305255418645 ], [ -71.562017799195189, 42.178614240631582 ], [ -71.560961798786096, 42.178969240727362 ], [ -71.557472795736217, 42.178469246750723 ], [ -71.555944793378202, 42.177252252892117 ], [ -71.553781792814576, 42.178243252118556 ], [ -71.552695791213949, 42.177456256258957 ], [ -71.551666791610174, 42.178571253576443 ], [ -71.55286679508086, 42.181098243136731 ], [ -71.555738798599052, 42.182503234798361 ], [ -71.539277794289305, 42.189730226764667 ], [ -71.535890791796035, 42.189649230619537 ], [ -71.523219782445807, 42.189332245180303 ], [ -71.50689477038425, 42.18892726412696 ], [ -71.502626770099866, 42.191416257700723 ], [ -71.49737874450976, 42.16664336902393 ], [ -71.493136750179531, 42.166210368607949 ], [ -71.47802777172295, 42.165871361787858 ], [ -71.478096764175376, 42.158661394301333 ], [ -71.478119762200407, 42.156782402776876 ], [ -71.478159759284395, 42.154017415251637 ], [ -71.478284751717851, 42.146877447472988 ], [ -71.478522735323494, 42.131378517384768 ], [ -71.489881710309547, 42.124734552292786 ], [ -71.495757696456963, 42.120657573041171 ], [ -71.501393686347981, 42.116677589355831 ], [ -71.501782687550602, 42.117472584955564 ], [ -71.506270692911571, 42.118977568207768 ], [ -71.507097696084415, 42.121243556548585 ], [ -71.509038699939566, 42.123308543393478 ], [ -71.509843701270199, 42.123923539010185 ], [ -71.516308706738016, 42.124106524236524 ], [ -71.519237709216284, 42.124191517547906 ], [ -71.525570719473677, 42.128953484761077 ], [ -71.528687724488449, 42.131298468996313 ], [ -71.538090739083188, 42.13799842436751 ], [ -71.539302740422684, 42.138359420668543 ], [ -71.551853758476653, 42.146241368483018 ], [ -71.555793764079255, 42.148715352797005 ], [ -71.563222774577639, 42.153398324062472 ], [ -71.560960775280776, 42.155804319633859 ], [ -71.560954777824037, 42.158315311090313 ], [ -71.562322780182839, 42.159617304522108 ], [ -71.562318780209182, 42.159646304430247 ], [ -71.562291780372973, 42.159828303856514 ], [ -71.56229978044891, 42.15989730361062 ], [ -71.563444782059847, 42.16063229935817 ], [ -71.564463787335868, 42.165096282847749 ] ] ] } },
{ "type": "Feature", "properties": { "STATEFP": "25", "COUNTYFP": "027", "COUSUBFP": "67385", "NAME": "Sterling", "NAMELSAD": "Sterling town", "GEOID": "2502767385" }, "geometry": { "type": "Polygon", "coordinates": [ [ [ -71.835606119445373, 42.483595783483217 ], [ -71.830021201542507, 42.492185775020289 ], [ -71.777402525824655, 42.483354804165685 ], [ -71.750266682103842, 42.478801817211234 ], [ -71.73552952131638, 42.476332814859923 ], [ -71.728387442253876, 42.475127813683784 ], [ -71.718701335432414, 42.473373812226015 ], [ -71.718623264874466, 42.461967821568976 ], [ -71.718442042489215, 42.425855851181019 ], [ -71.71836394636972, 42.410219864008461 ], [ -71.721579963522458, 42.409238865476112 ], [ -71.722813938986903, 42.403927870059618 ], [ -71.725980873483294, 42.390288881744887 ], [ -71.741920951361635, 42.386849887306887 ], [ -71.741917993286293, 42.392772882638283 ], [ -71.763306042450822, 42.400366879586699 ], [ -71.770292011178654, 42.400387880288356 ], [ -71.77765597820391, 42.400409881026377 ], [ -71.786553929146621, 42.398978883338849 ], [ -71.817779816760449, 42.40395588108715 ], [ -71.831746890338934, 42.431825848163513 ], [ -71.821562983061369, 42.438914840586705 ], [ -71.814233052396006, 42.443998835642056 ], [ -71.813149067314953, 42.445562834034462 ], [ -71.817660045716451, 42.446463832353196 ], [ -71.819491054781295, 42.450195827765896 ], [ -71.820993048414607, 42.45069782692741 ], [ -71.820108061152609, 42.452096825457176 ], [ -71.822080062781652, 42.454687822070859 ], [ -71.821833070767212, 42.455920820677271 ], [ -71.823347068983011, 42.457374818662167 ], [ -71.824063087555771, 42.461819813262586 ], [ -71.827191076576383, 42.463567810440523 ], [ -71.827900089982549, 42.467111806008397 ], [ -71.827801115704077, 42.472060800087455 ], [ -71.831717118273232, 42.477850791876442 ], [ -71.835606119445373, 42.483595783483217 ] ] ] } },
{ "type": "Feature", "properties": { "STATEFP": "25", "COUNTYFP": "027", "COUSUBFP": "40255", "NAME": "Mendon", "NAMELSAD": "Mendon town", "GEOID": "2502740255" }, "geometry": { "type": "Polygon", "coordinates": [ [ [ -71.592748766646935, 42.121648365853382 ], [ -71.573414764890046, 42.135790363332461 ], [ -71.57000576557077, 42.13918435899366 ], [ -71.571591770001234, 42.142367345702937 ], [ -71.569338768501098, 42.142637348996836 ], [ -71.560249751079553, 42.132514400401774 ], [ -71.556019743714074, 42.128626422520853 ], [ -71.553902741087299, 42.127732430091946 ], [ -71.550044732752809, 42.122680456350352 ], [ -71.544655726132788, 42.120549475994068 ], [ -71.543181723655508, 42.119333483783436 ], [ -71.541827721593322, 42.118425490212459 ], [ -71.535874709343972, 42.111458530379188 ], [ -71.529254695877441, 42.104001575558577 ], [ -71.52690669266731, 42.10285758600412 ], [ -71.526108691315272, 42.102226590543744 ], [ -71.525003689795938, 42.101684595524951 ], [ -71.52441368880848, 42.101231598852067 ], [ -71.52376168806579, 42.101056601224037 ], [ -71.523344687345613, 42.100716603666108 ], [ -71.522607686463019, 42.100479606516743 ], [ -71.518191681548416, 42.099415622249687 ], [ -71.517063680608075, 42.099436625077921 ], [ -71.507768675899399, 42.10237363643396 ], [ -71.499689671064715, 42.103490651037006 ], [ -71.496930674433713, 42.102357655030026 ], [ -71.495530674158502, 42.099962665174196 ], [ -71.498127662550658, 42.093415695270679 ], [ -71.498236657003829, 42.088563716897049 ], [ -71.498269642790447, 42.07575177391103 ], [ -71.498287630743931, 42.064878822291803 ], [ -71.525007650008618, 42.064550744739513 ], [ -71.563917684878064, 42.064056622724998 ], [ -71.591951710033655, 42.063695534424433 ], [ -71.592198727321914, 42.081373482825477 ], [ -71.592617758946602, 42.113776388711969 ], [ -71.592621759401325, 42.114244387360849 ], [ -71.592634759406351, 42.114238387347733 ], [ -71.592748766646935, 42.121648365853382 ] ] ] } },
{ "type": "Feature", "properties": { "STATEFP": "25", "COUNTYFP": "021", "COUSUBFP": "09175", "NAME": "Brookline", "NAMELSAD": "Brookline town", "GEOID": "2502109175" }, "geometry": { "type": "Polygon", "coordinates": [ [ [ -71.173715795281169, 42.318050679182704 ], [ -71.171720787555145, 42.319489676160714 ], [ -71.170485780170594, 42.321537674033337 ], [ -71.169223776305785, 42.321993672231969 ], [ -71.167348770632586, 42.322640669565146 ], [ -71.164599759972418, 42.324631665434545 ], [ -71.157036730023236, 42.330389654086922 ], [ -71.156262727256149, 42.330846652959366 ], [ -71.149853704339193, 42.334634643657949 ], [ -71.150104703450566, 42.335281643863432 ], [ -71.14829569820543, 42.335806641357344 ], [ -71.148482697624345, 42.336252641518229 ], [ -71.14726669276277, 42.337200639720002 ], [ -71.146156689726965, 42.337441638201646 ], [ -71.146215687188047, 42.338631638050181 ], [ -71.14477968166004, 42.339656635952871 ], [ -71.144212679566593, 42.340021635133375 ], [ -71.141754673203835, 42.34039563181323 ], [ -71.1412986706666, 42.341069631084778 ], [ -71.139977665297295, 42.342139629142174 ], [ -71.138809660548162, 42.343086627427489 ], [ -71.137824656564987, 42.34387562598549 ], [ -71.13598564909104, 42.345365623295713 ], [ -71.135155645752818, 42.346022622086863 ], [ -71.134254642486326, 42.346576620804441 ], [ -71.133381639303067, 42.34712161956169 ], [ -71.12974662726397, 42.348849614493318 ], [ -71.128728623603308, 42.349462613054932 ], [ -71.126134615841167, 42.350326609513409 ], [ -71.124207608900448, 42.351492606800413 ], [ -71.123518607369121, 42.35148560590094 ], [ -71.122855605039959, 42.351860604973481 ], [ -71.121311601990115, 42.351674602985796 ], [ -71.120286599953104, 42.351556601664953 ], [ -71.115808591108333, 42.351016595894507 ], [ -71.11093658144749, 42.350445589606672 ], [ -71.106570572839217, 42.349911583968783 ], [ -71.106702574208029, 42.349432584209062 ], [ -71.106854576058339, 42.34875858450323 ], [ -71.106894576531033, 42.348587584579789 ], [ -71.107213580693099, 42.347048585215788 ], [ -71.10674058188971, 42.346039584736907 ], [ -71.105516584128068, 42.343811583438473 ], [ -71.108225593662056, 42.342271587226982 ], [ -71.110597603172366, 42.34040459062895 ], [ -71.111551612272166, 42.337298592347274 ], [ -71.110751613006954, 42.336167591451911 ], [ -71.11080861443844, 42.335585591612706 ], [ -71.111413618174524, 42.334524592572258 ], [ -71.113271627520788, 42.332216595387635 ], [ -71.114547639002609, 42.328371597669381 ], [ -71.115563644853907, 42.326779599271291 ], [ -71.11592964774934, 42.325854599903188 ], [ -71.116537653409424, 42.323938601013246 ], [ -71.119539662838292, 42.322744605234867 ], [ -71.120112663925752, 42.322834605991339 ], [ -71.12152866476498, 42.323881607727863 ], [ -71.123711672289431, 42.322715610851319 ], [ -71.130642706240266, 42.31452962158604 ], [ -71.131863712021016, 42.313177623476967 ], [ -71.134359726446718, 42.309251627562112 ], [ -71.136502738110579, 42.306203631032005 ], [ -71.140135755397424, 42.302146636748482 ], [ -71.146883781527421, 42.297279646952255 ], [ -71.150300793158323, 42.295529652010465 ], [ -71.152113799360492, 42.294587654703385 ], [ -71.153691800316551, 42.295745656649657 ], [ -71.164702806963746, 42.303829670095318 ], [ -71.166420808772443, 42.304746672247632 ], [ -71.169800809955106, 42.307606676233299 ], [ -71.178935815432865, 42.314315687118587 ], [ -71.173715795281169, 42.318050679182704 ] ] ] } },
{ "type": "Feature", "properties": { "STATEFP": "25", "COUNTYFP": "027", "COUSUBFP": "25485", "NAME": "Gardner", "NAMELSAD": "Gardner city", "GEOID": "2502725485" }, "geometry": { "type": "Polygon", "coordinates": [ [ [ -72.04607343236674, 42.601834442184142 ], [ -72.035046437635103, 42.608858423652656 ], [ -72.009452469757449, 42.619922393239946 ], [ -72.008381471118668, 42.620378391976239 ], [ -71.986073499421977, 42.630015382841293 ], [ -71.986107509227992, 42.627755388258549 ], [ -71.975902541471456, 42.627513400342316 ], [ -71.96102165650062, 42.614286447258898 ], [ -71.956446694346369, 42.610271461141309 ], [ -71.952118707807628, 42.610696464668678 ], [ -71.950305729163219, 42.608077472366169 ], [ -71.95172672676081, 42.607557472072656 ], [ -71.950194747468103, 42.604903479529234 ], [ -71.948807766341943, 42.602521486196288 ], [ -71.950569763999098, 42.601707486257169 ], [ -71.945815822161705, 42.594909505893028 ], [ -71.928022851264785, 42.602008507902625 ], [ -71.92350391240231, 42.595414526074109 ], [ -71.94379497511072, 42.570254561727296 ], [ -71.950907988695192, 42.561428575539033 ], [ -71.951807990108819, 42.560310577337539 ], [ -71.963924980782764, 42.549431593028586 ], [ -71.959406023129048, 42.54637860315534 ], [ -71.97252299550405, 42.536170617995843 ], [ -71.975585977841803, 42.535863616772673 ], [ -71.979686968572977, 42.532309622629988 ], [ -72.001380779133228, 42.546613574638982 ], [ -72.020669672917009, 42.559126545075785 ], [ -72.027010638084533, 42.563240535427695 ], [ -72.014999655538688, 42.5679425227626 ], [ -72.016577643313354, 42.569882518093799 ], [ -72.019495630273227, 42.571009515562395 ], [ -72.017205632684721, 42.572138512560926 ], [ -72.016007629890311, 42.573772508403849 ], [ -72.018607610811429, 42.576699501393222 ], [ -72.019595610939135, 42.575912503433635 ], [ -72.023419608294233, 42.573672509327679 ], [ -72.026975598936957, 42.573365510410483 ], [ -72.027441595368387, 42.573929509059674 ], [ -72.031357581794239, 42.574435508168939 ], [ -72.031114576658396, 42.575947504415446 ], [ -72.032926569831417, 42.576323503656113 ], [ -72.031713566122519, 42.578209498889919 ], [ -72.034402551599939, 42.579903494966921 ], [ -72.03568654777483, 42.579909495074688 ], [ -72.036839553355335, 42.577584500913161 ], [ -72.040663537351961, 42.578793498296484 ], [ -72.042024529456498, 42.579793495965042 ], [ -72.041514518985906, 42.582893488288363 ], [ -72.041947511498648, 42.584499484379222 ], [ -72.038829514067999, 42.586219479836409 ], [ -72.039717505732838, 42.587696476288777 ], [ -72.042209491928489, 42.589363472438706 ], [ -72.041811483002007, 42.591977465966522 ], [ -72.038144489252062, 42.59315946267521 ], [ -72.035983492930256, 42.593856460731772 ], [ -72.04607343236674, 42.601834442184142 ] ] ] } },
{ "type": "Feature", "properties": { "STATEFP": "25", "COUNTYFP": "015", "COUSUBFP": "76380", "NAME": "Westhampton", "NAMELSAD": "Westhampton town", "GEOID": "2501576380" }, "geometry": { "type": "Polygon", "coordinates": [ [ [ -72.82225787653833, 42.352816676298644 ], [ -72.777141954877123, 42.358243623201844 ], [ -72.741217005103735, 42.362729600243235 ], [ -72.738275958836638, 42.311866557162766 ], [ -72.736725933902676, 42.284240533955192 ], [ -72.736299926974795, 42.276538527507938 ], [ -72.735757917972478, 42.266517519126872 ], [ -72.741801914635786, 42.265779513184945 ], [ -72.814404786479031, 42.256818625192018 ], [ -72.821121863004635, 42.3386296694867 ], [ -72.82225787653833, 42.352816676298644 ] ] ] } },
{ "type": "Feature", "properties": { "STATEFP": "25", "COUNTYFP": "003", "COUSUBFP": "34655", "NAME": "Lee", "NAMELSAD": "Lee town", "GEOID": "2500334655" }, "geometry": { "type": "Polygon", "coordinates": [ [ [ -73.288953464552108, 42.275043197848703 ], [ -73.288632456221791, 42.297718151323522 ], [ -73.288278446752656, 42.323536098335751 ], [ -73.280730427476243, 42.323540096803583 ], [ -73.281325428471504, 42.325094093728403 ], [ -73.278140420314955, 42.325151092963502 ], [ -73.278164419630272, 42.327347088446757 ], [ -73.256082363258983, 42.327115084394748 ], [ -73.243597352993689, 42.32698507936675 ], [ -73.24368035248898, 42.328368076576034 ], [ -73.243728352150427, 42.329313074663119 ], [ -73.244295348710935, 42.338575055948844 ], [ -73.244733347540702, 42.340973051261678 ], [ -73.245675345344111, 42.345006043470491 ], [ -73.243547345909988, 42.349611032832975 ], [ -73.241724347307766, 42.350901029225369 ], [ -73.23925934959216, 42.351446026822714 ], [ -73.237171350951257, 42.354103020348354 ], [ -73.239931348254132, 42.353766022443345 ], [ -73.239309348171673, 42.356264017038995 ], [ -73.240667346367829, 42.357650014887916 ], [ -73.238486347288827, 42.362469004016461 ], [ -73.239986345591888, 42.362774004102903 ], [ -73.240368344463391, 42.365231999266321 ], [ -73.239686344393718, 42.368067993173611 ], [ -73.236382348998106, 42.36454499882344 ], [ -73.192027394729962, 42.318513062170723 ], [ -73.180517404274809, 42.324554043752997 ], [ -73.159941414971499, 42.304207064627803 ], [ -73.160665410729081, 42.290697087860856 ], [ -73.160877409473684, 42.286598094921125 ], [ -73.226147376479872, 42.278578164002219 ], [ -73.234096375099824, 42.269001190046907 ], [ -73.243992374911841, 42.257060223471051 ], [ -73.289192470964068, 42.257506233821289 ], [ -73.288953464552108, 42.275043197848703 ] ] ] } },
{ "type": "Feature", "properties": { "STATEFP": "25", "COUNTYFP": "015", "COUSUBFP": "82175", "NAME": "Worthington", "NAMELSAD": "Worthington town", "GEOID": "2501582175" }, "geometry": { "type": "Polygon", "coordinates": [ [ [ -72.992642737445365, 42.449093804800455 ], [ -72.880813878048073, 42.433009744935738 ], [ -72.904579840059412, 42.430384761366305 ], [ -72.885634758656494, 42.340035757570945 ], [ -72.885207750392325, 42.33261175772094 ], [ -72.894787733158424, 42.331490771441985 ], [ -72.895637743058415, 42.340701771028932 ], [ -72.953271652740256, 42.343829847065408 ], [ -72.953943654433843, 42.345911846687819 ], [ -72.957050651223526, 42.347287849896794 ], [ -72.958394650558873, 42.348415850922365 ], [ -72.963178649957925, 42.353694853531408 ], [ -72.963857654259314, 42.357663851668541 ], [ -72.966859656320224, 42.362704851787051 ], [ -72.966075659564211, 42.364164849832527 ], [ -72.968631656220268, 42.364698852457593 ], [ -72.968889656969338, 42.36554585214914 ], [ -72.966089664975854, 42.368147847057955 ], [ -72.965221669893097, 42.370745844258018 ], [ -72.967520669062267, 42.372797845392313 ], [ -72.969821666809196, 42.373801847222033 ], [ -72.970398667717433, 42.375125846889674 ], [ -72.973442664766537, 42.376458849217968 ], [ -72.975093667751707, 42.380495847910971 ], [ -72.975761670949595, 42.383562846246058 ], [ -72.977919670021933, 42.385315847092151 ], [ -72.976500680717038, 42.391448840871746 ], [ -73.009084627794223, 42.387733870556595 ], [ -72.992642737445365, 42.449093804800455 ] ] ] } },
{ "type": "Feature", "properties": { "STATEFP": "25", "COUNTYFP": "021", "COUSUBFP": "07740", "NAME": "Braintree Town", "NAMELSAD": "Braintree Town city", "GEOID": "2502107740" }, "geometry": { "type": "Polygon", "coordinates": [ [ [ -71.049490738021476, 42.206668726401446 ], [ -71.048025735907899, 42.206294726023465 ], [ -71.044942729860963, 42.206484720479601 ], [ -71.044883729752883, 42.206483720396029 ], [ -71.044925721769005, 42.211309697028469 ], [ -71.04493871498849, 42.215383677268299 ], [ -71.034168674114923, 42.226660606663962 ], [ -71.033000669547661, 42.227883599026221 ], [ -71.020195642341449, 42.228337578008386 ], [ -71.01823163815844, 42.22840757478432 ], [ -71.010790622297677, 42.228667562597657 ], [ -71.008337615223638, 42.229668554181906 ], [ -71.007212611954259, 42.230132550300794 ], [ -71.00685361090909, 42.230280549062897 ], [ -71.005482606904948, 42.230847544328135 ], [ -71.002103597029688, 42.232218532794384 ], [ -70.996191599191491, 42.233203521747313 ], [ -70.981151628174658, 42.23574149652103 ], [ -70.979909630068107, 42.236209493153837 ], [ -70.977500631269905, 42.238370480448701 ], [ -70.972758644521875, 42.237145482331734 ], [ -70.967991653745969, 42.237998473942227 ], [ -70.960491676421611, 42.23509848187242 ], [ -70.960374679520442, 42.233612489204297 ], [ -70.960384688835518, 42.228714513711331 ], [ -70.960891691163837, 42.226898523209549 ], [ -70.96372868905658, 42.224693536522537 ], [ -70.967022684319701, 42.223352545842403 ], [ -70.968090685508372, 42.221518555796656 ], [ -70.96768468806836, 42.220661559729564 ], [ -70.969071691328409, 42.21741157692874 ], [ -70.969457695328288, 42.214922589557467 ], [ -70.971701719594577, 42.200022664902939 ], [ -70.97171971984227, 42.199876665636793 ], [ -70.973636740730669, 42.187189729518572 ], [ -70.974062745464536, 42.184338743836278 ], [ -70.976478772213611, 42.168323824040371 ], [ -71.002723729838422, 42.168359840172165 ], [ -71.006450735545258, 42.168318846143144 ], [ -71.007024736237469, 42.168404846619218 ], [ -71.021994757703339, 42.169004866915628 ], [ -71.02193975492267, 42.170437859916795 ], [ -71.019926732815236, 42.180449808526383 ], [ -71.020141732333798, 42.180886806748717 ], [ -71.019065724647746, 42.183997790102062 ], [ -71.019369724155325, 42.184519788050061 ], [ -71.019323722866602, 42.185155784913526 ], [ -71.019281719433124, 42.186919776344993 ], [ -71.029591728400774, 42.191529769776025 ], [ -71.041493745392756, 42.193590777852918 ], [ -71.04727175380394, 42.194591781748315 ], [ -71.048595744340673, 42.20178974877183 ], [ -71.049490738021476, 42.206668726401446 ] ] ] } },
{ "type": "Feature", "properties": { "STATEFP": "25", "COUNTYFP": "009", "COUSUBFP": "58405", "NAME": "Rowley", "NAMELSAD": "Rowley town", "GEOID": "2500958405" }, "geometry": { "type": "Polygon", "coordinates": [ [ [ -70.958991856168964, 42.706876362731549 ], [ -70.958880855719499, 42.706959362512691 ], [ -70.938356750467975, 42.726198322422995 ], [ -70.924123697011694, 42.735991294753781 ], [ -70.922319701104243, 42.735298291158138 ], [ -70.898987665136445, 42.742106245584033 ], [ -70.897058656954357, 42.743588241890151 ], [ -70.895821636849917, 42.747166239709578 ], [ -70.895182635893576, 42.747346238466605 ], [ -70.893765647249225, 42.745362235538686 ], [ -70.894378653505527, 42.744245236663915 ], [ -70.892819654015781, 42.744182233592397 ], [ -70.892890648748704, 42.745112233799809 ], [ -70.891370646261166, 42.745578230844906 ], [ -70.89326163439226, 42.747644234713206 ], [ -70.891353632034367, 42.748093230997284 ], [ -70.889679637648882, 42.747129227636179 ], [ -70.889061632795688, 42.747997226487115 ], [ -70.89042462705288, 42.748989229238909 ], [ -70.888599624660941, 42.749442225688888 ], [ -70.88484463587605, 42.747524218164962 ], [ -70.88443262848439, 42.748836217458475 ], [ -70.882808622972277, 42.749836214348427 ], [ -70.882049620632472, 42.751297213148 ], [ -70.881166620710928, 42.751300211430241 ], [ -70.879700635557526, 42.747667208068613 ], [ -70.877374628425002, 42.748964203606356 ], [ -70.876119636058391, 42.747639201029884 ], [ -70.875504629406805, 42.748822199921591 ], [ -70.872730622586957, 42.750349194692795 ], [ -70.869588630306168, 42.74876218829646 ], [ -70.864812629893748, 42.748914178929532 ], [ -70.861128629547679, 42.74903617170542 ], [ -70.855361624454233, 42.750134160550353 ], [ -70.850856621440812, 42.753095153569042 ], [ -70.848461621809619, 42.752967148880863 ], [ -70.848477622899168, 42.752027148292974 ], [ -70.845859627190308, 42.74970214178709 ], [ -70.842613625373389, 42.750366135715311 ], [ -70.839984623437331, 42.752239132010054 ], [ -70.838313625266011, 42.750802127639581 ], [ -70.835226623951343, 42.752175122756405 ], [ -70.832882621933052, 42.754089119877257 ], [ -70.831109622706379, 42.75356611602777 ], [ -70.83095862556776, 42.751129113568688 ], [ -70.829636626458552, 42.750472110396487 ], [ -70.823674625755345, 42.751546099788385 ], [ -70.820254626898134, 42.75084209241723 ], [ -70.814322627796443, 42.750547080509321 ], [ -70.809750628827487, 42.750033070964058 ], [ -70.795022826844445, 42.753173203437797 ], [ -70.792865647014395, 42.747117037367417 ], [ -70.788154836905534, 42.738872110684291 ], [ -70.798271724020367, 42.733622046140624 ], [ -70.797961735509617, 42.731628045254588 ], [ -70.799720746698512, 42.729646048460133 ], [ -70.798315753928179, 42.728415045513387 ], [ -70.805649760887164, 42.727057059840647 ], [ -70.815246784098051, 42.722813078299289 ], [ -70.816501763982387, 42.726299081221448 ], [ -70.820407739438835, 42.730508089467186 ], [ -70.822192734255481, 42.731379093100706 ], [ -70.826257726777087, 42.732608101278323 ], [ -70.829521726779276, 42.732545107717939 ], [ -70.833390730638698, 42.731795115275034 ], [ -70.838218731207164, 42.731602124792538 ], [ -70.839840733852142, 42.731107127943439 ], [ -70.84248474482817, 42.729131132956802 ], [ -70.845629747323258, 42.728631139123635 ], [ -70.848919762378387, 42.725923145352603 ], [ -70.852271757366239, 42.726735152070141 ], [ -70.856778772619563, 42.723963160720217 ], [ -70.857767783437254, 42.722041162493575 ], [ -70.858433782783109, 42.722142163823541 ], [ -70.857867797778241, 42.719518162447969 ], [ -70.858335809433626, 42.717459163178162 ], [ -70.860593817962041, 42.715910167514487 ], [ -70.857459824066709, 42.714906161191436 ], [ -70.857674831093959, 42.713666161498679 ], [ -70.858918835161546, 42.712923163900527 ], [ -70.863413836006629, 42.712673172815812 ], [ -70.864663849819394, 42.710214175075407 ], [ -70.864404856200821, 42.709097174456907 ], [ -70.875481833266676, 42.712883196833403 ], [ -70.880866869957998, 42.70628720700752 ], [ -70.91424893662807, 42.6936622728036 ], [ -70.948593004434699, 42.680666341093712 ], [ -70.976371923342271, 42.694416397163735 ], [ -70.958991856168964, 42.706876362731549 ] ] ] } },
{ "type": "Feature", "properties": { "STATEFP": "25", "COUNTYFP": "003", "COUSUBFP": "60225", "NAME": "Savoy", "NAMELSAD": "Savoy town", "GEOID": "2500360225" }, "geometry": { "type": "Polygon", "coordinates": [ [ [ -73.095137664428989, 42.561579736118865 ], [ -73.080485700865111, 42.573622735318523 ], [ -73.084318714011914, 42.594759731402306 ], [ -73.067520739797814, 42.594042732486116 ], [ -73.066257757059219, 42.612360729094995 ], [ -73.063641791642183, 42.649797722022534 ], [ -73.011576857285064, 42.647220722763315 ], [ -73.011646856328255, 42.6456557231432 ], [ -73.009984858539923, 42.64572072313775 ], [ -73.00872685941232, 42.644281723499333 ], [ -73.009542857966025, 42.643595723661186 ], [ -73.008746857686674, 42.641124724275215 ], [ -73.006125860891586, 42.640575724439778 ], [ -73.003596863201494, 42.638489724991715 ], [ -73.001054866563308, 42.638368725056331 ], [ -73.000091867338881, 42.637312725337907 ], [ -73.001175865044047, 42.635652725742624 ], [ -72.998812868466274, 42.634946725985365 ], [ -72.997183870759073, 42.633585726386457 ], [ -72.995756873257605, 42.633382726486929 ], [ -72.990839882563279, 42.634035726500962 ], [ -72.988834886597516, 42.634737726405874 ], [ -72.986379891050973, 42.634676726510619 ], [ -72.987356890310437, 42.636611726019105 ], [ -72.98601589291701, 42.636880726009501 ], [ -72.984633896401689, 42.638604725666013 ], [ -72.982041900861176, 42.638042725904434 ], [ -72.98062390297352, 42.637163726161795 ], [ -72.974402911706278, 42.632582727403168 ], [ -72.973746914188055, 42.634765726955862 ], [ -72.971078918662897, 42.634096727195455 ], [ -72.969539920565921, 42.632600727562874 ], [ -72.968424922671673, 42.632726727574301 ], [ -72.966720926224696, 42.633459727482084 ], [ -72.966312927832831, 42.634859727210966 ], [ -72.967032927975595, 42.637232726698024 ], [ -72.964708933384927, 42.639062726423766 ], [ -72.962593938894585, 42.6416147260095 ], [ -72.960123943273373, 42.641305726186154 ], [ -72.954220954307502, 42.641461726432958 ], [ -72.951038959894348, 42.641005726664844 ], [ -72.95459894514623, 42.6286537288006 ], [ -72.975408865177684, 42.556036744018371 ], [ -72.979035851373212, 42.541616747528479 ], [ -73.085423679406802, 42.559500737339512 ], [ -73.095552663371663, 42.561239736136287 ], [ -73.095137664428989, 42.561579736118865 ] ] ] } },
{ "type": "Feature", "properties": { "STATEFP": "25", "COUNTYFP": "013", "COUSUBFP": "30665", "NAME": "Holland", "NAMELSAD": "Holland town", "GEOID": "2501330665" }, "geometry": { "type": "Polygon", "coordinates": [ [ [ -72.201677157608557, 42.042051585985618 ], [ -72.201099161672332, 42.044317591352304 ], [ -72.196497177124158, 42.048158604408123 ], [ -72.196145180776625, 42.050490609660031 ], [ -72.19867217770738, 42.052909611949531 ], [ -72.199622177477778, 42.054596614435269 ], [ -72.199263181318798, 42.0570836200203 ], [ -72.197465189328298, 42.060168628420683 ], [ -72.196885194245141, 42.063089635149431 ], [ -72.193612206692364, 42.066856646569242 ], [ -72.193647208353383, 42.068290649522723 ], [ -72.192689216780551, 42.073300661013079 ], [ -72.193075223297811, 42.079417673354079 ], [ -72.193752224228561, 42.08154467705873 ], [ -72.192775227085235, 42.081920678899515 ], [ -72.191890232884774, 42.084887686044077 ], [ -72.193041233826108, 42.087986691265023 ], [ -72.192674239073156, 42.091543699080134 ], [ -72.135112380784292, 42.090664759302534 ], [ -72.135180370720235, 42.083513744463687 ], [ -72.135388342035853, 42.063145702181089 ], [ -72.135491327660816, 42.052929680973641 ], [ -72.135715295773366, 42.030244973566482 ], [ -72.143230528808601, 42.030336136651464 ], [ -72.150088280225233, 42.030419324195364 ], [ -72.198832271773469, 42.031010610286472 ], [ -72.198233157427296, 42.035202575460161 ], [ -72.201654154780343, 42.03963858096995 ], [ -72.201677157608557, 42.042051585985618 ] ] ] } },
{ "type": "Feature", "properties": { "STATEFP": "25", "COUNTYFP": "005", "COUSUBFP": "22130", "NAME": "Fairhaven", "NAMELSAD": "Fairhaven town", "GEOID": "2500522130" }, "geometry": { "type": "MultiPolygon", "coordinates": [ [ [ [ -70.835734975361447, 41.602349135662863 ], [ -70.834792974250604, 41.602655133024136 ], [ -70.832757972641815, 41.601515130019557 ], [ -70.831551971174378, 41.602001126489732 ], [ -70.831492970096747, 41.604220122917177 ], [ -70.83096096931547, 41.604697120916079 ], [ -70.830002968376306, 41.604539118892468 ], [ -70.826927519093772, 41.601969800470556 ], [ -70.824035964653035, 41.599554113286068 ], [ -70.825529967797735, 41.596340122059686 ], [ -70.823505968189565, 41.591748125540803 ], [ -70.819966965021649, 41.591369118828652 ], [ -70.818439963867021, 41.59084011662106 ], [ -70.818901965146836, 41.589333120326323 ], [ -70.821779969052486, 41.587065130182019 ], [ -70.822065971189787, 41.58355113691708 ], [ -70.823144972508516, 41.582865140165595 ], [ -70.829547977340937, 41.584598149541513 ], [ -70.835131979656353, 41.59087515111537 ], [ -70.838451980553785, 41.596460150192108 ], [ -70.835734975361447, 41.602349135662863 ] ] ], [ [ [ -70.919982074659075, 41.649204349513695 ], [ -70.918692073731336, 41.652931346541834 ], [ -70.917808072864702, 41.654687344110741 ], [ -70.917387072578052, 41.65610934312398 ], [ -70.916589072071659, 41.659087341270741 ], [ -70.916495072047923, 41.659610341099537 ], [ -70.917082073768341, 41.663303344402948 ], [ -70.917182073989665, 41.66360334486712 ], [ -70.914946070713555, 41.664290336867964 ], [ -70.905885057010167, 41.665803303661129 ], [ -70.905263056061045, 41.665904301359397 ], [ -70.889644031898158, 41.668501242641938 ], [ -70.858211979486683, 41.68116711192561 ], [ -70.852140974392228, 41.663916106261297 ], [ -70.848035971829844, 41.652463104780153 ], [ -70.845241970517705, 41.644665104953312 ], [ -70.843176283067876, 41.628486934532297 ], [ -70.844164974624647, 41.628983121385112 ], [ -70.852517985684287, 41.626919147896253 ], [ -70.859653995153522, 41.624124170907855 ], [ -70.859639951125516, 41.624117062024268 ], [ -70.855201906285728, 41.621870588177813 ], [ -70.855125990274473, 41.621832160598515 ], [ -70.854726909597289, 41.620341247462612 ], [ -70.8542589901311, 41.618593161616054 ], [ -70.854265944945979, 41.61848563339715 ], [ -70.854425991034631, 41.616011164764409 ], [ -70.853664990733208, 41.613969164940215 ], [ -70.853090076025708, 41.613437296881827 ], [ -70.849718988208863, 41.610318618917972 ], [ -70.849644987344533, 41.610250158864147 ], [ -70.847980987885478, 41.602963163365025 ], [ -70.843226985251661, 41.596565160526595 ], [ -70.844266986822277, 41.595052164728898 ], [ -70.847413989792116, 41.595403171111116 ], [ -70.85086899380596, 41.593368180894373 ], [ -70.850503993836369, 41.592114181538378 ], [ -70.853235997589181, 41.588104191568419 ], [ -70.853451998526992, 41.585488194795097 ], [ -70.853184998999964, 41.582975196971148 ], [ -70.854804000578412, 41.582431200607552 ], [ -70.856723001939002, 41.58370920295296 ], [ -70.857239001392003, 41.587705200005978 ], [ -70.86023700257698, 41.594635199636812 ], [ -70.8636610053303, 41.597594204510607 ], [ -70.863638004640634, 41.600919201651941 ], [ -70.862955003334704, 41.603852197567107 ], [ -70.868736158228899, 41.614359145681107 ], [ -70.868904007876168, 41.614664203691838 ], [ -70.868360005956021, 41.622664196354229 ], [ -70.869624007026118, 41.625608197751269 ], [ -70.872665010469674, 41.627816204932721 ], [ -70.874602201370564, 41.628417888035585 ], [ -70.877725164256162, 41.629387866876087 ], [ -70.879050349527944, 41.629799463757394 ], [ -70.882005276090396, 41.630717251394131 ], [ -70.882050292271046, 41.630731233229454 ], [ -70.884409991099119, 41.631464145737411 ], [ -70.887044570727852, 41.632282435142685 ], [ -70.888760030481805, 41.632815249806924 ], [ -70.889182828474574, 41.63258790893051 ], [ -70.889476031398033, 41.632430252054228 ], [ -70.890898033148659, 41.628549257252502 ], [ -70.892717035334812, 41.625912263066638 ], [ -70.895438038583023, 41.62420427104081 ], [ -70.902861047578, 41.624047291825455 ], [ -70.903043331079132, 41.624032932103326 ], [ -70.905973434760455, 41.623802107714795 ], [ -70.906695052385444, 41.625134302656015 ], [ -70.907582054283367, 41.630504305791973 ], [ -70.910282057957858, 41.632004313991267 ], [ -70.913182062151535, 41.634504323209477 ], [ -70.913882063665838, 41.637505326096026 ], [ -70.910381059442386, 41.639806315684829 ], [ -70.909981059214459, 41.641607314735261 ], [ -70.911881062270012, 41.64420632133168 ], [ -70.916982069394408, 41.644705338012578 ], [ -70.919182072867301, 41.646505345831002 ], [ -70.91983107431858, 41.648696348811903 ], [ -70.919982074659075, 41.649204349513695 ] ] ] ] } }
]
}
